model_id,descriptor_order,descriptor_name,descriptor_source
cat_svc,1,BCUTc-1l,data/training_files/cat_selected_descriptors_train.csv
cat_svc,2,BCUTd-1h,data/training_files/cat_selected_descriptors_train.csv
cat_svc,3,BCUTdv-1h,data/training_files/cat_selected_descriptors_train.csv
cat_svc,4,BCUTc-1h,data/training_files/cat_selected_descriptors_train.csv
cat_svc,5,BCUTi-1h,data/training_files/cat_selected_descriptors_train.csv
cat_svc,6,AMID_O,data/training_files/cat_selected_descriptors_train.csv
cat_svc,7,ATS0Z,data/training_files/cat_selected_descriptors_train.csv
cat_svc,8,SpAbs_A,data/training_files/cat_selected_descriptors_train.csv
cat_svc,9,BCUTs-1h,data/training_files/cat_selected_descriptors_train.csv
cat_svc,10,SIC0,data/training_files/cat_selected_descriptors_train.csv
cat_svc,11,BCUTd-1l,data/training_files/cat_selected_descriptors_train.csv
cat_svc,12,VR1_A,data/training_files/cat_selected_descriptors_train.csv
cat_svc,13,ETA_dEpsilon_B,data/training_files/cat_selected_descriptors_train.csv
cat_svc,14,BCUTpe-1l,data/training_files/cat_selected_descriptors_train.csv
cat_svc,15,SpMax_A,data/training_files/cat_selected_descriptors_train.csv
cat_svc,16,Xc-4d,data/training_files/cat_selected_descriptors_train.csv
dog_decisiontree,1,n6ARing,data/training_files/dog_selected_descriptors_train.csv
dog_decisiontree,2,AATSC0v,data/training_files/dog_selected_descriptors_train.csv
dog_decisiontree,3,EState_VSA8,data/training_files/dog_selected_descriptors_train.csv
dog_decisiontree,4,BCUTs-1h,data/training_files/dog_selected_descriptors_train.csv
dog_decisiontree,5,CIC0,data/training_files/dog_selected_descriptors_train.csv
dog_decisiontree,6,PEOE_VSA13,data/training_files/dog_selected_descriptors_train.csv
dog_decisiontree,7,BCUTs-1l,data/training_files/dog_selected_descriptors_train.csv
dog_decisiontree,8,NsOH,data/training_files/dog_selected_descriptors_train.csv
dog_decisiontree,9,AMID_h,data/training_files/dog_selected_descriptors_train.csv
dog_decisiontree,10,AATS1s,data/training_files/dog_selected_descriptors_train.csv
dog_decisiontree,11,AATS0dv,data/training_files/dog_selected_descriptors_train.csv
dog_decisiontree,12,BCUTi-1h,data/training_files/dog_selected_descriptors_train.csv
dog_decisiontree,13,BCUTv-1l,data/training_files/dog_selected_descriptors_train.csv
dog_decisiontree,14,SlogP_VSA5,data/training_files/dog_selected_descriptors_train.csv
dog_decisiontree,15,SlogP_VSA2,data/training_files/dog_selected_descriptors_train.csv
dog_decisiontree,16,SssssC,data/training_files/dog_selected_descriptors_train.csv
dog_decisiontree,17,BCUTdv-1l,data/training_files/dog_selected_descriptors_train.csv
guinea_pig_mlp,1,BCUTs-1l,data/training_files/guinea_pig_selected_descriptors_train_fiore2.csv
guinea_pig_mlp,2,NsssCH,data/training_files/guinea_pig_selected_descriptors_train_fiore2.csv
guinea_pig_mlp,3,BCUTi-1l,data/training_files/guinea_pig_selected_descriptors_train_fiore2.csv
guinea_pig_mlp,4,Xc-6d,data/training_files/guinea_pig_selected_descriptors_train_fiore2.csv
guinea_pig_mlp,5,BCUTpe-1l,data/training_files/guinea_pig_selected_descriptors_train_fiore2.csv
guinea_pig_mlp,6,Xc-4d,data/training_files/guinea_pig_selected_descriptors_train_fiore2.csv
guinea_pig_mlp,7,ATSC1d,data/training_files/guinea_pig_selected_descriptors_train_fiore2.csv
guinea_pig_mlp,8,ATSC1p,data/training_files/guinea_pig_selected_descriptors_train_fiore2.csv
guinea_pig_mlp,9,PEOE_VSA1,data/training_files/guinea_pig_selected_descriptors_train_fiore2.csv
guinea_pig_mlp,10,ATSC4v,data/training_files/guinea_pig_selected_descriptors_train_fiore2.csv
guinea_pig_mlp,11,PEOE_VSA9,data/training_files/guinea_pig_selected_descriptors_train_fiore2.csv
guinea_pig_mlp,12,AATSC1d,data/training_files/guinea_pig_selected_descriptors_train_fiore2.csv
guinea_pig_mlp,13,AATSC0i,data/training_files/guinea_pig_selected_descriptors_train_fiore2.csv
guinea_pig_mlp,14,BCUTd-1h,data/training_files/guinea_pig_selected_descriptors_train_fiore2.csv
guinea_pig_mlp,15,SlogP_VSA5,data/training_files/guinea_pig_selected_descriptors_train_fiore2.csv
guinea_pig_mlp,16,AXp-1d,data/training_files/guinea_pig_selected_descriptors_train_fiore2.csv
guinea_pig_mlp,17,ATSC1dv,data/training_files/guinea_pig_selected_descriptors_train_fiore2.csv
guinea_pig_mlp,18,BCUTZ-1l,data/training_files/guinea_pig_selected_descriptors_train_fiore2.csv
guinea_pig_mlp,19,SpMax_A,data/training_files/guinea_pig_selected_descriptors_train_fiore2.csv
mouse_xgboost,1,BCUTi-1l,data/training_files/mouse_selected_descriptors_train.csv
mouse_xgboost,2,BCUTv-1l,data/training_files/mouse_selected_descriptors_train.csv
mouse_xgboost,3,BCUTi-1h,data/training_files/mouse_selected_descriptors_train.csv
mouse_xgboost,4,SIC0,data/training_files/mouse_selected_descriptors_train.csv
mouse_xgboost,5,fragCpx,data/training_files/mouse_selected_descriptors_train.csv
mouse_xgboost,6,BCUTdv-1h,data/training_files/mouse_selected_descriptors_train.csv
mouse_xgboost,7,SlogP_VSA2,data/training_files/mouse_selected_descriptors_train.csv
mouse_xgboost,8,BCUTd-1h,data/training_files/mouse_selected_descriptors_train.csv
mouse_xgboost,9,BCUTZ-1h,data/training_files/mouse_selected_descriptors_train.csv
mouse_xgboost,10,ATSC0i,data/training_files/mouse_selected_descriptors_train.csv
mouse_xgboost,11,BCUTZ-1l,data/training_files/mouse_selected_descriptors_train.csv
mouse_xgboost,12,EState_VSA8,data/training_files/mouse_selected_descriptors_train.csv
mouse_xgboost,13,ETA_psi_1,data/training_files/mouse_selected_descriptors_train.csv
mouse_xgboost,14,BCUTdv-1l,data/training_files/mouse_selected_descriptors_train.csv
mouse_xgboost,15,PEOE_VSA7,data/training_files/mouse_selected_descriptors_train.csv
mouse_xgboost,16,IC0,data/training_files/mouse_selected_descriptors_train.csv
mouse_xgboost,17,AATSC0v,data/training_files/mouse_selected_descriptors_train.csv
mouse_xgboost,18,Xch-6dv,data/training_files/mouse_selected_descriptors_train.csv
mouse_xgboost,19,BCUTd-1l,data/training_files/mouse_selected_descriptors_train.csv
rabbit_adaboost,1,BCUTi-1l,data/training_files/rabbit_selected_descriptors_train.csv
rabbit_adaboost,2,BCUTZ-1l,data/training_files/rabbit_selected_descriptors_train.csv
rabbit_adaboost,3,BCUTi-1h,data/training_files/rabbit_selected_descriptors_train.csv
rabbit_adaboost,4,BCUTv-1l,data/training_files/rabbit_selected_descriptors_train.csv
rabbit_adaboost,5,BCUTdv-1h,data/training_files/rabbit_selected_descriptors_train.csv
rabbit_adaboost,6,BCUTse-1l,data/training_files/rabbit_selected_descriptors_train.csv
rabbit_adaboost,7,PEOE_VSA1,data/training_files/rabbit_selected_descriptors_train.csv
rabbit_adaboost,8,BCUTd-1h,data/training_files/rabbit_selected_descriptors_train.csv
rabbit_adaboost,9,SIC0,data/training_files/rabbit_selected_descriptors_train.csv
rabbit_adaboost,10,BCUTZ-1h,data/training_files/rabbit_selected_descriptors_train.csv
rabbit_adaboost,11,SMR_VSA6,data/training_files/rabbit_selected_descriptors_train.csv
rabbit_adaboost,12,BCUTs-1h,data/training_files/rabbit_selected_descriptors_train.csv
rabbit_adaboost,13,SlogP_VSA2,data/training_files/rabbit_selected_descriptors_train.csv
rabbit_adaboost,14,BCUTdv-1l,data/training_files/rabbit_selected_descriptors_train.csv
rabbit_adaboost,15,GATS2dv,data/training_files/rabbit_selected_descriptors_train.csv
rat_mlp,1,BCUTi-1l,data/training_files/rat_selected_descriptors_train.csv
rat_mlp,2,BCUTdv-1h,data/training_files/rat_selected_descriptors_train.csv
rat_mlp,3,BCUTs-1l,data/training_files/rat_selected_descriptors_train.csv
rat_mlp,4,BCUTi-1h,data/training_files/rat_selected_descriptors_train.csv
rat_mlp,5,BCUTZ-1l,data/training_files/rat_selected_descriptors_train.csv
rat_mlp,6,BCUTs-1h,data/training_files/rat_selected_descriptors_train.csv
rat_mlp,7,BCUTd-1h,data/training_files/rat_selected_descriptors_train.csv
rat_mlp,8,BCUTv-1l,data/training_files/rat_selected_descriptors_train.csv
rat_mlp,9,SIC0,data/training_files/rat_selected_descriptors_train.csv
rat_mlp,10,BCUTse-1l,data/training_files/rat_selected_descriptors_train.csv
rat_mlp,11,BCUTse-1h,data/training_files/rat_selected_descriptors_train.csv
rat_mlp,12,BCUTdv-1l,data/training_files/rat_selected_descriptors_train.csv
rat_mlp,13,EState_VSA8,data/training_files/rat_selected_descriptors_train.csv
rat_mlp,14,nBase,data/training_files/rat_selected_descriptors_train.csv
rat_mlp,15,PEOE_VSA7,data/training_files/rat_selected_descriptors_train.csv
rat_mlp,16,SLogP,data/training_files/rat_selected_descriptors_train.csv
rat_mlp,17,SMR_VSA6,data/training_files/rat_selected_descriptors_train.csv
rat_mlp,18,BCUTZ-1h,data/training_files/rat_selected_descriptors_train.csv
rat_mlp,19,SMR_VSA3,data/training_files/rat_selected_descriptors_train.csv
rat_mlp,20,AATSC0v,data/training_files/rat_selected_descriptors_train.csv
rat_mlp,21,ETA_dEpsilon_D,data/training_files/rat_selected_descriptors_train.csv
