TAID,Class,BCUTc-1l,BCUTd-1h,BCUTdv-1h,BCUTc-1h,BCUTi-1h,AMID_O,ATS0Z,SpAbs_A,BCUTs-1h,SIC0,BCUTd-1l,VR1_A,ETA_dEpsilon_B,BCUTpe-1l,SpMax_A,Xc-4d
TOX-1403,1,-0.501549081,4.122940568,6.037610696,0.492530947,13.65225058,0.397075114,1418,42.618968,7.009373911,0.225356834,0.972566204,544.0003075,0.01561208,2.265339178,2.825490329,0.38804971
TOX-1414,0,-0.421425453,4.048602742,6.008980844,0.393794108,14.54328594,0.475575487,1566,45.26415115,6.006858419,0.232829056,0.987155396,361.7756436,0.0,2.295637637,2.862475373,0.352965064
TOX-1498,1,-0.489047531,4.048773419,6.031777004,0.456306479,14.54329295,0.449374512,2024,59.53674722,7.009375171,0.223711996,0.972420414,1742.778544,0.017747366,2.243883894,2.870207664,0.324781401
TOX-1866,0,-0.499973736,3.204023861,6.030445206,0.455135127,14.54391307,0.338592636,938,28.76336958,7.009357828,0.272592543,0.97717046,266.030855,0.034931182,2.243884477,2.505757735,0.0
TOX-1890,0,-0.529357385,4.02996245,6.007456461,0.361112215,14.54390392,0.095159945,786,27.21147549,3.51354644,0.226510609,0.987867281,140.9392477,0.023965142,2.232779325,2.608878788,0.083333333
TOX-1989,0,-0.334458776,3.037385507,6.021996044,0.425189693,14.53780102,0.480689889,330,7.72740661,7.008289364,0.397979297,0.972892041,16.81949887,0.0,2.37688812,1.931851653,0.0
TOX-1994,0,-0.395403391,4.022991791,6.013193638,0.400095642,14.54392604,0.409648832,1492,40.57279483,6.004708165,0.248531498,0.987167097,340.1005605,0.0,2.340141857,2.4726547,0.204124145
TOX-2312,0,-0.334158431,3.230645558,6.02203656,0.461514467,14.54024522,0.190270803,732,22.63139471,7.008292009,0.283893229,0.972896451,86.56932943,0.073804714,2.233958948,2.364230304,0.0
TOX-2339,0,-0.362842714,3.31586759,6.024435167,0.467370631,14.54145718,0.340608637,9186,22.94557066,7.010455152,0.422649604,0.971466118,124.3858355,0.065840957,2.226842611,2.480029217,0.0
TOX-2457,0,-0.417517317,3.252832928,6.023297781,0.436862887,14.64079572,0.163395663,920,27.90224523,7.009357529,0.29159108,0.977338752,158.7339081,0.035515873,2.239370145,2.586163506,0.0
TOX-2901,1,-0.487327212,4.121802391,6.028427773,0.452366272,13.64534047,0.538038596,1856,51.80996622,7.008283196,0.221517312,0.977698567,1297.620388,0.006923597,2.277807794,2.723811841,0.38804971
TOX-2926,0,-0.416144156,3.231645763,5.024126915,0.365324742,14.54581127,0.063713485,1538,35.8822374,6.002696298,0.277932861,0.987815323,1143.099728,0.047787684,2.233882501,2.485136365,0.0
TOX-2942,0,-0.42652146,3.212115553,6.022186672,0.436407836,14.55100869,0.126722921,556,18.33056003,7.008277485,0.301672623,0.977806054,63.10491201,0.077333333,2.246769699,2.35166775,0.0
TOX-2975,0,-0.37625589,3.262112376,5.036736995,0.397700666,14.54906428,0.291736475,1462,30.35266401,6.005925096,0.323778416,0.987199774,130.3650849,0.048951049,2.252938914,2.36859411,0.0
TOX-3144,0,-0.328492214,3.037335091,6.021996784,0.468131052,13.6427286,0.995522031,268,5.22625186,7.008289844,0.482816804,0.972632812,8.629874181,0.0,2.41480512,1.847759065,0.0
TOX-3295,0,-0.38383465,3.236960732,6.023293827,0.433214661,14.64025504,0.156492445,930,30.28876333,7.009357912,0.266491081,0.977338752,219.1758707,0.058520085,2.248377783,2.529833835,0.0
TOX-3500,0,-0.44698813,4.029118762,6.028774891,0.50106347,14.54845926,0.187295858,836,25.43004361,7.008271913,0.282540398,0.977582663,273.0555597,0.033419824,2.238772747,2.626652656,0.11785113
TOX-3948,0,-0.378540085,3.161502347,5.022657067,0.335509361,14.54817379,0.0,472,15.88877915,3.044092359,0.275663104,0.993931,50.90122512,0.028717949,2.267830754,2.342923083,0.0
TOX-4304,0,-0.460129009,4.029461082,7.004118219,0.507073934,14.59474099,0.51782571,1224,21.24992593,8.001935511,0.386675685,0.972778881,93.56706946,0.056743421,2.079659553,2.329964535,0.176776695
TOX-4348,1,-0.494600811,4.120646388,6.030768048,0.451908949,13.64611803,0.400004778,1382,40.53916225,7.010659452,0.226125845,0.957450532,434.6549349,0.008095663,2.277876709,2.698478927,0.401292929
TOX-4408,1,-0.487309372,4.120634936,6.028300728,0.451266893,13.64364177,0.374948269,1244,37.20014344,7.009671558,0.227277404,0.957488829,269.2848347,0.008430913,2.27787612,2.697634231,0.401292929
TOX-4575,1,-0.383428087,4.034288244,6.01148531,0.508242399,14.56333412,0.36288155,642,11.03623304,7.00660198,0.418211574,0.911369787,32.0841434,0.0,2.108725243,2.276388222,0.144337567
TOX-5132,1,-0.364284364,4.02813968,7.001908527,0.491709548,17.42455304,0.32568897,702,10.5001612,8.001593095,0.332838642,0.978373193,31.48161356,0.0,2.114932797,2.280063868,0.642228525
TOX-5571,1,-0.364657541,4.027556684,7.001907774,0.491602739,17.42455252,0.443488444,588,7.38464612,8.001592577,0.424193202,0.978621968,19.55115834,0.0,2.11493094,2.148961142,0.353553391
TOX-5688,0,-0.168594463,2.147553942,2.145964339,0.214307913,11.40839769,0.0,628,5.464101615,1.658168798,0.360681228,0.9872569,8.986715488,0.0,2.376612203,1.732050808,0.0
TOX-6129,1,-0.501552677,4.118326342,6.037347953,0.493017899,13.65324531,0.497389208,2180,63.53624117,7.008295712,0.210911273,0.977435871,13327.47279,0.016415286,2.26436033,2.674698121,0.321975275
TOX-6296,0,-0.49381302,3.178159724,6.028289746,0.430277298,14.54390997,0.190595898,812,25.92679945,7.008270861,0.247721012,0.977918943,270.6532612,0.028286664,2.236948105,2.431084667,0.0
TOX-6297,0,-0.493817464,3.15632913,7.004119203,0.456484696,14.59478327,0.328696976,950,27.97941718,8.00193702,0.29159108,0.972736677,429.9544841,0.037698413,2.242189107,2.430732045,0.0
TOX-6454,0,-0.493812493,3.155788998,6.028289645,0.430394881,14.54391005,0.190629222,1998,25.48408841,7.008270825,0.283912902,0.977919008,313.412461,0.032608696,2.241555964,2.43064494,0.0
TOX-6975,0,-0.500502426,3.041064321,7.002424046,0.421997082,17.42476523,0.444128225,398,9.409260219,8.001863994,0.393569368,0.977619588,22.12931906,0.0,2.378376242,1.989043791,0.0
TOX-7078,0,-0.497829703,3.04101403,7.002425328,0.485078307,17.42476492,0.584805271,322,6.898979486,8.001863812,0.517405537,0.977379347,12.26120893,0.0,2.416973073,1.931851653,0.0
TOX-7159,1,-0.487327784,4.120541222,6.029101059,0.452096431,13.64494479,0.432800516,1700,50.44623251,7.00936922,0.213893765,0.977228094,2537.446537,0.006378455,2.277253905,2.71365269,0.303246536
TOX-7160,1,-0.501632282,4.118383996,6.03920212,0.493823818,14.55681599,0.338278316,2336,67.31551208,7.012673339,0.218807034,0.971465816,11802959.2,0.009178313,2.265344612,2.694613576,0.321975275
TOX-7161,1,-0.501529845,4.118293373,6.03683906,0.491920315,13.65143422,0.314974158,1218,37.49727837,7.008287261,0.217612808,0.977562345,329.1120485,0.014625286,2.265414912,2.68969591,0.321975275
TOX-7162,1,-0.493834005,4.118361848,6.031219458,0.453107653,13.6468147,0.415367717,1776,52.25183583,7.009370855,0.207746631,0.972503439,2478.069718,0.005753797,2.277758549,2.696288496,0.321975275
TOX-7164,1,-0.501528483,4.118276986,6.036837056,0.491900726,13.65132063,0.262236987,1152,36.65830918,7.008286175,0.215495035,0.977592916,308.1269042,0.021616162,2.264330902,2.673995653,0.321975275
TOX-7172,1,-0.487325453,4.118313601,6.028551618,0.451615331,13.64409709,0.397650331,1638,48.95151239,7.008278068,0.207958145,0.977758896,2102.647184,0.005906238,2.277818463,2.691559018,0.321975275
TOX-7173,1,-0.501540415,4.118300632,6.037068942,0.492364973,13.65198909,0.393042987,1634,49.51423417,7.008290361,0.213681246,0.977510403,1440.59219,0.018604651,2.264360833,2.674687876,0.321975275
TOX-7174,1,-0.487324793,4.118299156,6.02855207,0.451951603,13.64411809,0.397015427,1638,49.08461581,7.008278068,0.207958145,0.977758979,1696.984896,0.005906238,2.277904862,2.676171239,0.321975275
TOX-7175,0,-0.487340728,4.11832484,6.028988709,0.453614659,13.64652504,0.500545935,2184,63.42382989,7.0082834,0.20647058,0.97768922,8206.357725,0.005263314,2.277904183,2.676204661,0.321975275
TOX-7177,0,-0.486030405,4.048642604,6.028871362,0.454809432,14.5432905,0.435639407,1886,56.22205538,7.008280052,0.225317658,0.977728052,1648.444953,0.018326886,2.243883929,2.86488858,0.352965064
TOX-7199,1,-0.501544146,4.118304924,6.037174501,0.492397437,13.65220273,0.421630819,1738,52.09017739,7.008290858,0.210736742,0.977486739,1713.025108,0.011834625,2.26543586,2.678925448,0.287457479
TOX-7200,0,-0.487304538,4.118336755,6.0283003,0.451636257,13.64363996,0.374992361,1244,37.34663619,7.009671549,0.227277404,0.957487775,276.9181155,0.008430913,2.27774808,2.694507029,0.287457479
TOX-7201,0,-0.487306536,4.118277613,6.028111427,0.451066931,13.64309284,0.324609727,1182,36.54218681,7.008275585,0.218156983,0.977837396,262.5831919,0.007577285,2.277952118,2.679576405,0.287457479
TOX-7202,0,-0.487307713,4.118277922,6.028297323,0.451158293,13.6434365,0.324609727,1180,36.54218681,7.009669327,0.222231615,0.957499698,262.5831919,0.008082437,2.277918335,2.679576405,0.287457479
TOX-7222,1,-0.501529927,4.120454064,6.03683944,0.491921016,13.6514348,0.314616573,1218,37.41512585,7.008287264,0.217612808,0.977564968,323.8305283,0.014625286,2.265427677,2.691038056,0.431186218
TOX-7281,0,-0.44464589,3.245258702,6.022186519,0.43129531,14.55113913,0.127419344,572,18.90522891,7.008277356,0.30644429,0.977855917,64.24250987,0.031994048,2.266587996,2.456307298,0.0
TOX-7420,1,-0.501594253,4.155919701,6.037442569,0.492244927,13.65220746,0.388521568,1418,42.35060525,7.009375581,0.225356834,0.972564784,525.8652594,0.022776528,2.264527396,2.723912201,0.375845826
TOX-7421,1,-0.501578088,4.15595927,6.037802269,0.492892425,13.65352778,0.505074709,1964,55.82342117,7.00938625,0.220247779,0.972441247,2427.534365,0.019439072,2.263878421,2.730062214,0.410363623
TOX-7424,1,-0.487326858,4.120590744,6.029104513,0.452214617,13.64494593,0.432800516,1700,50.44623251,7.009369213,0.213893765,0.977233884,2537.446537,0.006378455,2.276868313,2.71365269,0.303246536
TOX-7425,0,-0.487311329,4.121756906,6.028119498,0.451337265,13.64367823,0.465780526,1374,38.85372858,7.008278986,0.23103166,0.977759631,300.9450498,0.00851129,2.277807511,2.722603922,0.38804971
TOX-7428,0,-0.487310806,4.121739625,6.028544665,0.452821486,13.64555847,0.418855464,1308,37.95268451,7.009381656,0.231516747,0.972648859,283.7780851,0.00875336,2.27785671,2.706073558,0.38804971
TOX-7431,1,-0.487325341,4.120678694,6.02865485,0.452267782,13.64516807,0.473865811,1726,50.14080503,7.009679808,0.219948711,0.957454671,1232.757943,0.006921513,2.277876379,2.698748033,0.401292929
TOX-7432,1,-0.487328022,4.120675947,6.028810811,0.451828426,13.64490785,0.432770421,1700,50.26129914,7.009676427,0.213893765,0.957463667,1662.227064,0.006378455,2.277876264,2.698655005,0.401292929
TOX-7447,1,-0.501543227,4.120873672,6.03723785,0.492564797,13.65252591,0.462542874,1760,52.4649578,7.009685824,0.222343412,0.957462341,809.4826525,0.020639535,2.265388218,2.702008684,0.364681277
TOX-7448,1,-0.487322669,4.118298444,6.028646311,0.451662726,13.64448415,0.403469018,1598,48.01992731,7.009675324,0.21413691,0.957474644,1512.254774,0.006542689,2.277918454,2.680228533,0.287457479
TOX-7472,0,-0.487306709,4.120450343,6.028111906,0.451087517,13.64309443,0.325342677,1182,35.89309184,7.008275603,0.218156983,0.977825788,253.7918763,0.007577285,2.277860671,2.692163431,0.431186218
TOX-7473,1,-0.487326343,4.120496395,6.028556162,0.452051251,13.64440612,0.432792248,1702,49.89537067,7.008279206,0.211047559,0.977738649,1478.034207,0.006085193,2.277860809,2.693231146,0.431186218
TOX-7474,1,-0.487325496,4.120490701,6.028552105,0.451610371,13.64409859,0.397656189,1638,48.92547136,7.008278071,0.207958145,0.977761085,1659.581308,0.005906238,2.277860821,2.693131244,0.431186218
TOX-7499,0,-0.439586886,3.322211083,6.024574634,0.499877529,14.55152949,0.535610679,6280,18.18970953,7.010470063,0.466392098,0.971529459,68.90314692,0.077315193,2.24589698,2.473666646,0.0
TOX-7534,0,-0.375641117,3.257249993,5.034369505,0.386759367,14.5479741,0.290965623,526,14.8766531,6.003804622,0.354597139,0.987195476,45.26092502,0.042460317,2.25378525,2.35218817,0.0
TOX-7726,0,-0.490105902,4.123172275,6.03102304,0.455156209,13.64750701,0.515227147,1788,51.86151102,7.009374837,0.225291093,0.977219644,1399.616469,0.007449187,2.277876155,2.754023002,0.365111783
TOX-7727,1,-0.487330566,4.12279653,6.029321049,0.452647759,13.64540552,0.475430347,1762,52.30066956,7.009369864,0.219473827,0.977233885,3872.169431,0.006871854,2.276845486,2.780505229,0.284517797
TOX-7729,1,-0.487322752,4.118315097,6.028417644,0.452022622,13.64430382,0.439836668,1664,48.82615436,7.008279784,0.214251625,0.977748119,1533.659201,0.006416957,2.277818598,2.691611694,0.321975275
TOX-7730,0,-0.501527075,4.118274506,6.036834746,0.491881588,13.65121509,0.206356414,1086,35.57165893,7.008285099,0.211968065,0.9776267,289.7658655,0.0282861,2.252940741,2.672450214,0.321975275
TOX-7735,1,-0.48732263,4.118301262,6.02841747,0.451988955,13.64430256,0.439098909,1664,49.47602955,7.008279769,0.214251625,0.977759249,1391.623241,0.006416957,2.277952159,2.680297662,0.287457479
TOX-7736,0,-0.487306292,4.118278812,6.028112182,0.451108705,13.64309298,0.324609727,1180,36.54218681,7.008275629,0.222231615,0.977837426,262.5831919,0.015659722,2.265573733,2.679576405,0.287457479
TOX-7737,0,-0.487307462,4.118279123,6.028298224,0.451216065,13.64343668,0.324609727,1178,36.54218681,7.009669416,0.226347888,0.957499759,262.5831919,0.016722284,2.265001986,2.679576405,0.287457479
TOX-7936,0,-0.22450587,3.025653949,5.006060546,0.288978489,13.62319907,0.281840677,692,6.898979486,6.002596938,0.423017364,0.9872569,12.26120893,0.0,2.372715612,1.931851653,0.0
TOX-8381,1,-0.48732426,4.120672923,6.028650688,0.451794394,13.64479862,0.440096591,1662,48.68285162,7.009677568,0.217232267,0.957464803,1325.843711,0.006737805,2.277876391,2.698649242,0.401292929
TOX-8421,0,-0.26702057,3.029562248,4.014966857,0.235171577,14.54021617,0.0,354,11.38464612,2.518590871,0.235039912,0.987942046,30.6717295,0.0,2.355707719,2.148961142,0.0
TOX-8440,1,-0.487326551,4.12227096,6.028658709,0.452456668,13.64554936,0.506650176,1790,51.07940634,7.009682052,0.222333499,0.957444822,1430.546784,0.007094464,2.277667608,2.715513461,0.38256419
TOX-8442,0,-0.487306628,4.118285744,6.028111573,0.45108411,13.6430937,0.324953607,1182,36.00898419,7.0082756,0.218156983,0.977823919,254.4302527,0.007577285,2.277883993,2.682714121,0.30034919
TOX-8495,1,-0.487326267,4.118311161,6.028555691,0.452046745,13.6444048,0.432585884,1702,50.01897796,7.008279203,0.211047559,0.977737318,1544.464414,0.006085193,2.277884055,2.683612604,0.30034919
TOX-8793,1,-0.487310649,4.122228581,6.028303724,0.451416827,13.64386771,0.421942426,1308,38.13628025,7.009673785,0.231516747,0.957477598,284.3361906,0.00875336,2.277667268,2.714646886,0.38256419
TOX-8800,0,-0.48733749,4.118384039,6.028991043,0.454129232,13.64703772,0.526005167,2248,64.22381998,7.008284546,0.208266747,0.977671427,17477.76541,0.005369206,2.277734389,2.691653889,0.321975275
TOX-9827,1,-0.49113066,4.118342604,6.032386409,0.454064696,13.64996762,0.47194554,2510,72.62701243,7.009382,0.197167285,0.972421435,342296.168,0.00436206,2.277903544,2.676104663,0.321975275
TOX-10852,0,-0.487309468,4.122222826,6.028116919,0.451289912,13.64346157,0.421942426,1310,38.13628025,7.008277851,0.227429307,0.977784784,284.3361906,0.008222854,2.277707604,2.714646886,0.38256419
TOX-10980,1,-0.487324988,4.118352819,6.028853078,0.453799904,13.64515234,0.45002371,1660,49.57592175,7.009675973,0.220236554,0.957474321,508.3085203,0.007083333,2.277914327,2.68848056,0.405308609
TOX-11496,0,-0.493812872,3.155765647,6.028289708,0.430213558,14.54390997,0.190638743,812,25.90310064,7.008270861,0.247721012,0.977918976,330.6071817,0.028286664,2.237976799,2.430561704,0.0
TOX-11675,0,-0.493806968,3.178159724,7.004059537,0.432699773,17.42477058,0.190595898,854,25.92679945,8.001917991,0.283912902,0.977918943,270.6532612,0.036024845,2.242930773,2.431084667,0.0
TOX-11821,0,-0.362536009,3.105624402,6.024821808,0.53729172,14.56407584,0.582428586,450,10.1289902,7.010463382,0.557885891,0.977160731,26.52864489,0.0,2.374662008,2.236067977,0.0
TOX-12603,0,-0.416657194,3.257267619,6.004929131,0.392813452,14.54784868,0.413130506,578,15.9895299,6.003804972,0.334023609,0.987171919,56.81034774,0.040512821,2.254008878,2.357503426,0.0
TOX-13004,0,-0.487308784,4.118279273,6.028761783,0.451312758,13.64382458,0.324609727,1176,36.54218681,7.010652418,0.230478583,0.957492003,262.5831919,0.017896825,2.264422834,2.679576405,0.287457479
TOX-13236,0,-0.495501658,4.118333993,6.029265731,0.427969403,13.64688428,0.461958392,2374,69.31593704,7.008283137,0.195615655,0.977704417,148302.4659,0.0,2.291640602,2.676104662,0.321975275
TOX-13370,0,-0.390997956,4.119899768,6.024423255,0.390036804,13.64043646,0.330741974,1572,43.70313441,7.010459437,0.207300649,0.977238958,778.67755,0.011716291,2.259058251,2.737606501,0.987235914
TOX-13488,1,-0.487324014,4.122144575,6.028421373,0.452194003,13.64461481,0.474299837,1728,49.80452499,7.008280926,0.216984345,0.977729171,1433.257877,0.006595795,2.277651065,2.710771929,0.412457479
TOX-13528,1,-0.501598324,4.121489367,6.038513395,0.49273902,13.65286692,0.378225532,1492,45.16430742,7.010458928,0.220454097,0.971466118,1156.985281,0.014547731,2.26534315,2.821338306,0.278838768
TOX-13533,0,-0.501587657,4.122850056,6.037603312,0.492217563,13.65207704,0.353275466,1354,41.51172137,7.009371655,0.221179317,0.972601032,828.4056315,0.015064935,2.265427586,2.801911849,0.38804971
TOX-13572,1,-0.501590367,4.120650191,6.037640976,0.492256223,13.65237198,0.388316228,1418,42.0616954,7.010665006,0.225356834,0.957449805,507.4714018,0.01561208,2.265428885,2.697473673,0.401292929
TOX-14038,0,-0.344452124,3.046572777,6.015005367,0.410422068,13.64106561,0.709863512,600,9.43114762,7.006718566,0.425704883,0.977969449,22.28783589,0.0,2.378802337,2.175327747,0.0
TOX-14303,0,-0.488501533,4.157556153,6.034234506,0.458203622,13.64979413,0.467937759,1976,57.25882502,7.010463648,0.212180928,0.971466121,11092.32023,0.005983777,2.277873523,2.817446303,0.367227116
TOX-15436,0,-0.349833317,4.028476292,7.001913622,0.605376656,17.4245529,0.757768372,576,7.595865304,8.001592645,0.537172207,0.981099956,15.79387081,0.0,2.134164833,2.135779205,0.25
TOX-15521,1,-0.487326555,4.120681724,6.028658548,0.452456289,13.64555705,0.506568143,1790,51.66403346,7.009682023,0.222333499,0.957453579,1524.339565,0.007094464,2.277876361,2.698755667,0.401292929
TOX-15701,0,-0.487307386,4.159746784,6.028261249,0.451125735,13.64298374,0.281852549,1116,35.75573797,7.008273672,0.216189042,0.97788331,388.9626503,0.007705844,2.278131145,2.845797477,0.354581986
TOX-15702,1,-0.48732784,4.12053801,6.028559777,0.452160974,13.64472521,0.466749128,1766,50.73144188,7.008280344,0.213782766,0.977717864,1635.12566,0.006254405,2.277771037,2.708068278,0.431186218
TOX-16374,1,-0.487324309,4.120535003,6.028421359,0.452128272,13.64461453,0.474477257,1728,49.63902603,7.008280926,0.216984345,0.97772853,1347.86942,0.006595795,2.27777118,2.70806073,0.431186218
TOX-16383,0,-0.487308902,4.157504169,6.02824526,0.451248659,13.64314884,0.335026215,1180,36.69159246,7.008274799,0.222231615,0.977853375,377.3566739,0.008082437,2.277874026,2.817156438,0.367227116
TOX-16402,1,-0.487325712,4.120713308,6.028424467,0.452218162,13.64495736,0.506850605,1792,50.9894841,7.008282052,0.21939371,0.977717787,1355.979736,0.006764489,2.277829111,2.713444342,0.401292929
TOX-16509,0,-0.334372399,4.019925432,6.021999096,0.427286728,13.64265792,0.427254926,532,14.44528475,7.008291145,0.27726656,0.972891956,47.50794268,0.0,2.322094057,2.334414218,0.125
TOX-16552,1,-0.487341418,4.1207261,6.029113734,0.454021542,13.64814551,0.55834854,2272,64.15972018,7.009690354,0.214573849,0.957423309,12849.5616,0.005938914,2.277875757,2.698760759,0.401292929
TOX-16774,1,-0.493852387,4.118402537,6.032395215,0.45483744,13.65052177,0.49409588,2574,73.45015564,7.00938429,0.198832822,0.972397616,225665.0914,0.004441884,2.27775738,2.696289366,0.321975275
TOX-17260,0,-0.415345753,3.257245703,6.008294419,0.387370357,14.54581571,0.125913878,1602,36.91853485,7.00672044,0.288189625,0.977982344,1531.537573,0.05012025,2.232350798,2.51963628,0.0
TOX-17718,0,-0.501564415,4.118352504,6.037681873,0.493845631,13.6553026,0.563694524,2726,77.79340067,7.008301117,0.206792988,0.977378824,106287.4118,0.014523566,2.264359846,2.674698287,0.321975275
TOX-17719,1,-0.501588558,4.120932775,6.038034697,0.493098229,13.65377121,0.504875011,1962,56.62245331,7.010680977,0.222853403,0.957418627,976.5760728,0.020323559,2.265303189,2.716145782,0.364681277
TOX-17720,1,-0.48735622,4.118350911,6.029531277,0.455981439,13.65028637,0.56596727,2730,77.46411038,7.008288784,0.203234788,0.977640944,122148.8278,0.0046875,2.277903526,2.676204779,0.321975275
TOX-17738,1,-0.487325896,4.118312345,6.028556893,0.452129149,13.64440517,0.432585884,1700,50.01897796,7.008279247,0.213893765,0.977737348,1544.464414,0.012463648,2.265232592,2.683612604,0.30034919
TOX-17740,1,-0.501540997,4.118297489,6.145591873,0.492210943,13.78654134,0.420791734,1736,52.38070575,7.00968088,0.213482198,0.957493821,248681.0166,0.018174603,2.265432601,2.678631929,0.287457479
TOX-17750,1,-0.50145507,4.120736346,6.037617914,0.492917378,13.65300967,0.48684378,1862,53.58549619,7.010675006,0.221328739,0.95743652,1738.699852,0.013654401,2.264996185,2.709288292,0.401292929
TOX-17755,1,-0.487331943,4.120684774,6.028998009,0.452332282,13.64541294,0.458568135,1802,52.73957507,7.009677521,0.21346149,0.957452386,1619.025373,0.006216367,2.277876118,2.698780619,0.401292929
TOX-17837,1,-0.487323943,4.118296024,6.028548025,0.451524775,13.64384198,0.359953234,1574,48.11757848,7.008276935,0.204461236,0.977783173,1927.640028,0.005716986,2.277904876,2.676102956,0.321975275
TOX-19105,0,-0.406133944,3.168507384,6.022068871,0.383340168,14.54327984,0.180501427,854,25.47496945,7.008268828,0.227690814,0.977840654,133.9167977,0.022142857,2.242893637,2.292358675,0.0
TOX-19158,0,-0.487306289,4.118278721,6.028112187,0.451114676,13.64309301,0.324609727,1180,36.54218681,7.008275629,0.222231615,0.977837438,262.5831919,0.015659722,2.266454826,2.679576405,0.287457479
TOX-19627,0,-0.365510974,3.061106449,6.021914953,0.384247443,14.54372967,0.118024772,610,19.34557763,7.00826827,0.290145271,0.978007109,66.73305568,0.039581517,2.248719626,2.244112658,0.0
TOX-19824,0,-0.494377699,4.118285255,6.030763129,0.451840362,13.64582331,0.355085157,1316,39.87781721,7.01065622,0.225622762,0.957459832,466.4585544,0.016109927,2.265021706,2.680111941,0.287457479
TOX-20370,1,-0.487325426,4.120673735,6.028424344,0.452281785,13.64496498,0.506568143,1792,51.66403346,7.008282038,0.21939371,0.977728451,1524.339565,0.006764489,2.27791443,2.698755667,0.401292929
TOX-20566,0,-0.52929663,3.16073996,6.022017997,0.380512976,14.54022557,0.236241007,948,29.66389025,7.008270346,0.254153952,0.977909377,126.4426984,0.053523238,2.241726936,2.292555507,0.0
TOX-20740,1,-0.487322458,4.118299152,6.028417521,0.45209096,13.64431033,0.43955735,1664,49.33121953,7.008279769,0.214251625,0.977760085,1743.566989,0.006416957,2.277904981,2.676169814,0.321975275
TOX-20913,1,-0.487337498,4.118323168,6.028807377,0.453494748,13.64636738,0.507454578,2146,62.01428067,7.008283985,0.208926643,0.977697288,13648.05128,0.005498994,2.27790432,2.676174088,0.321975275
TOX-20967,0,-0.341082128,4.030169736,4.231025226,0.33937141,14.54084981,0.0,716,26.08261097,2.532628705,0.218893291,0.987937961,128.6206043,0.050526316,2.219744836,2.63291984,0.083333333
TOX-21152,1,-0.491145713,4.118428596,6.033344575,0.457508692,13.65448086,0.552342606,3120,87.4677034,7.00939507,0.196607026,0.972323486,2750044.554,0.004028462,2.277733008,2.691599796,0.321975275
TOX-21782,0,-0.405479435,3.269712938,6.005856566,0.34760256,14.5445335,0.088653954,898,27.80945094,3.509647728,0.213555559,0.988145835,215.4200941,0.037379808,2.22469747,2.445513678,0.0
TOX-22100,0,-0.389509039,4.024993141,6.02334429,0.394792374,14.5448855,0.23669632,640,18.7935706,7.009354458,0.296474372,0.977320503,74.78409623,0.0,2.324958395,2.517871793,0.102062073
TOX-22571,1,-0.487359656,4.118422042,6.02993452,0.455498031,13.6514571,0.547705142,2982,84.57331134,7.008290192,0.197198526,0.977631712,187374.6772,0.004121395,2.277733235,2.691605361,0.321975275
TOX-22572,1,-0.487363097,4.118362551,6.02992712,0.454836753,13.65072159,0.528660597,2918,83.76835338,7.008289034,0.195960086,0.977646108,136530.3126,0.004061432,2.277903117,2.676113063,0.321975275
TOX-22843,0,-0.487338568,4.118324836,6.028813665,0.453833757,13.64688735,0.533776251,2210,63.50937979,7.008285118,0.210709658,0.977689343,8361.986617,0.005609493,2.277904299,2.676202342,0.321975275
TOX-22885,1,-0.501543697,4.120682543,6.037224135,0.492503569,13.65252282,0.462376197,1762,51.66323204,7.00968575,0.219473827,0.957453931,1294.013103,0.013424088,2.265428472,2.697749946,0.401292929
TOX-23665,1,-0.501539448,4.120505988,6.037072335,0.492437086,13.65215727,0.428741284,1698,50.55102612,7.0082915,0.216764243,0.977487574,1712.600962,0.019157088,2.264266902,2.695053926,0.303246536
TOX-23937,0,-0.49017031,4.120667129,6.030812329,0.461522298,14.54785137,0.349795179,1576,48.22616161,7.010662703,0.234508436,0.957479121,1647.763886,0.021972934,2.26821429,2.69860228,0.401292929
TOX-23987,1,-0.501545432,4.118345507,6.037374394,0.492492252,13.65214192,0.378845496,1746,53.19957802,7.008289404,0.206921965,0.977498571,1465.662611,0.016709925,2.264360609,2.674814644,0.571975275
TOX-24180,1,-0.501531208,4.118281255,6.037184257,0.492036181,13.65168149,0.313908068,1212,38.06418189,7.010657967,0.229250663,0.957491146,323.8010355,0.025786689,2.263728273,2.678174403,0.287457479
TOX-24675,0,-0.528334355,4.037992371,6.018121854,0.465665959,14.55214715,0.464381424,1086,22.58117014,7.014236348,0.355725113,0.968242514,145.2822869,0.052264808,2.240699193,2.337160605,0.353553391
TOX-25618,1,-0.487328009,4.120410693,6.028858089,0.455273967,14.54935873,0.375140447,1974,54.15838277,7.009675544,0.238010668,0.957484287,475.9714038,0.006736353,2.27791398,2.692770246,0.477907899
TOX-26504,1,-0.501529611,4.118280702,6.036839756,0.49193731,13.65143388,0.313908068,1216,38.06418189,7.008287291,0.221480871,0.977577208,323.8010355,0.022657206,2.264678212,2.678174403,0.287457479
TOX-26707,1,-0.487323755,4.118301576,6.028650461,0.45211472,13.64481903,0.439098909,1662,49.47602955,7.009677559,0.217232267,0.957464101,1391.623241,0.006737805,2.277918441,2.680297662,0.287457479
TOX-27187,0,-0.487334291,4.121885799,6.028903722,0.452623296,13.64584806,0.514801114,1968,55.49268485,7.008282233,0.215056475,0.977688879,1645.350885,0.006197965,2.277807493,2.723881551,0.63804971
TOX-27188,1,-0.487354287,4.120548877,6.029897616,0.453256695,13.64802208,0.479245213,2510,73.42908773,7.0082836,0.197167285,0.97770105,291747.0863,0.00436206,2.277696021,2.696385417,0.303246536
TOX-27189,0,-0.487353193,4.118342028,6.029890313,0.453039622,13.64745981,0.45593029,2446,72.39947249,7.008282455,0.195357875,0.977719893,194527.311,0.004279041,2.277903564,2.676104665,0.321975275
TOX-28062,1,-0.493852515,4.118402532,6.032395216,0.454834552,13.65051984,0.493916747,2574,73.52304243,7.00938429,0.198832822,0.972399085,34094.26732,0.004441884,2.277757383,2.696294197,0.321975275
TOX-28961,0,-0.487338326,4.118326053,6.028814926,0.453917846,13.6468879,0.533776251,2208,63.50937979,7.008285163,0.212985897,0.977689367,8361.986617,0.011441144,2.264709217,2.676202342,0.321975275
TOX-29326,1,-0.48731921,4.118358153,6.028420795,0.452612891,13.64462008,0.474071128,1728,50.13633307,7.008280908,0.216984345,0.977737674,2074.293513,0.006595795,2.27773525,2.69164614,0.321975275
TOX-29680,0,-0.487341074,4.11832478,6.028913991,0.453494653,13.64649432,0.500025454,2184,62.93137239,7.0082834,0.20647058,0.977696041,19626.80877,0.005263314,2.277904188,2.676179605,0.321975275
TOX-29681,1,-0.487359234,4.12077137,6.029950809,0.455598842,13.65170433,0.58572994,2792,78.52508534,7.009697555,0.206190802,0.957403546,281859.7767,0.004909186,2.277875044,2.698664171,0.401292929
TOX-30708,1,-0.487320974,4.118298711,6.028415344,0.451972631,13.644027,0.403280593,1598,47.99227393,7.008278692,0.21413691,0.977771515,1404.832081,0.012770068,2.264709325,2.676164326,0.321975275
TOX-31203,0,-0.37696876,4.029961383,5.011366865,0.319497514,14.54390245,0.0,722,25.57218775,2.214244827,0.20423345,0.992986745,116.2665146,0.021818182,2.229055345,2.607726109,0.083333333
TOX-31867,0,-0.490268859,4.120667129,6.030808117,0.457312532,13.64613131,0.349795179,1564,48.22616161,7.010662518,0.218833941,0.957479121,1647.763886,0.027284514,2.243884244,2.69860228,0.401292929
TOX-32473,1,-0.494297877,4.120649379,6.030771121,0.451933249,13.64611662,0.389703025,1420,42.26504102,7.010659534,0.221851936,0.957469712,577.9105261,0.007579778,2.277876675,2.698513754,0.401292929
TOX-33335,0,-0.433607508,3.130685168,6.021902579,0.383510413,14.54504781,0.106253851,660,20.47805855,7.008272494,0.295579842,0.972965302,85.37414429,0.039005439,2.248614794,2.314799013,0.0
TOX-35414,0,-0.489302895,4.019011192,6.01647581,0.418179578,14.54371916,0.205046091,828,25.44623997,3.516022071,0.251383224,0.9872569,901.2236382,0.025919732,2.248171235,2.449076624,0.176776695
TOX-35455,0,-0.493030451,4.120649379,6.030771067,0.45454809,13.64612613,0.389703025,1670,42.26504102,7.010659452,0.242441315,0.957469712,577.9105261,0.008579492,2.277876707,2.698513754,0.401292929
TOX-37343,0,-0.528079178,3.239750894,6.032121456,0.483898023,14.54523901,0.431302576,1938,55.38641287,7.009369103,0.228053291,0.977237019,542.9595022,0.032692308,2.240134615,2.395022847,0.0
TOX-37655,0,-0.48915269,4.019012914,6.016709322,0.425263246,14.54327019,0.290653287,1130,26.30381788,3.51649822,0.276528404,0.9872569,1005.289728,0.030812325,2.246024575,2.461737665,0.176776695
TOX-37928,1,-0.493846415,4.118387788,6.03193211,0.454895848,13.64958352,0.508659601,2322,66.33590796,7.009381504,0.205727656,0.972412995,23289.89116,0.005119048,2.277757841,2.696292396,0.321975275
TOX-41913,1,-0.501516335,4.118364282,6.037337693,0.492609928,13.65257536,0.454938225,1800,52.92256473,7.009684595,0.216197237,0.957451623,2004.417671,0.01272527,2.265332645,2.693552323,0.287457479
TOX-42720,1,-0.487339996,4.118321653,6.028980998,0.452879599,13.64601461,0.473718554,2120,62.20167562,7.008282256,0.204488596,0.977706929,16536.0505,0.005152395,2.277904198,2.676109816,0.321975275
TOX-42812,0,-0.48732123,4.118297514,6.02841438,0.451920973,13.64402676,0.403280593,1600,47.99227393,7.008278647,0.211150009,0.977771483,1404.832081,0.006227379,2.277905001,2.676164326,0.321975275
TOX-42813,1,-0.501542966,4.120674553,6.037074895,0.49243398,13.65233979,0.462376197,1764,51.66323204,7.008292586,0.216617308,0.977477504,1294.013103,0.012806638,2.265432026,2.697749946,0.401292929
TOX-43961,0,-0.490493732,4.020467426,6.018937642,0.42632323,14.54145239,0.29293918,1174,36.43511517,3.518541281,0.253675983,0.995005744,247.3839521,0.047478992,2.248171235,2.449792605,0.353553391
TOX-43962,0,-0.489303916,4.019013684,6.016480123,0.41832145,14.54464958,0.277423817,890,27.29323386,6.002695082,0.268435609,0.98784489,400.1361487,0.030065359,2.248171235,2.453324069,0.176776695
TOX-43963,0,-0.490493931,4.020475472,6.018946101,0.426592197,14.54465909,0.273733994,1248,39.74316312,3.518543306,0.245948965,0.995005745,234.4097992,0.044074074,2.248171235,2.457127982,0.353553391
TOX-43964,0,-0.489343654,4.019011192,6.016474962,0.418085552,14.54326802,0.205046091,1034,25.44623997,3.51602006,0.263165511,0.9872569,901.2236382,0.026666667,2.248171235,2.449076624,0.176776695
TOX-49679,1,-0.501544666,4.120685578,6.037227721,0.492575347,13.65273847,0.494561146,1826,53.18629526,7.00968797,0.221856365,0.957452842,1581.032743,0.013756174,2.265428451,2.697757816,0.401292929
TOX-49840,1,-0.501543198,4.118306365,6.037224671,0.49254488,13.65252424,0.462047954,1760,52.51721203,7.009685803,0.222343412,0.957462256,1757.6108,0.020639535,2.264495074,2.678923906,0.287457479
TOX-50317,0,-0.490284678,3.257521657,6.028140322,0.453369246,14.54840756,0.260238455,1188,35.72376256,7.008274803,0.260470107,0.9778263,991.5067657,0.040499258,2.241956469,2.370538874,0.0
TOX-60963,0,-0.501608632,4.118311196,6.037916259,0.492673976,13.65306843,0.436880446,1876,55.3424256,7.009380435,0.210139933,0.972490263,1840.20701,0.011505687,2.265435871,2.680235878,0.287457479
TOX-60964,1,-0.501589804,4.118371168,6.038174483,0.49297253,13.65355386,0.467677283,1938,56.24722744,7.010675735,0.21508013,0.95741829,2180.991722,0.012308905,2.265346537,2.698001185,0.287457479
TOX-60965,1,-0.501547155,4.120728266,6.037342287,0.49259304,13.65279402,0.48699749,1864,53.60915836,7.009686851,0.218597715,0.957442606,1706.704358,0.013040482,2.265411018,2.712560407,0.401292929
TOX-60966,1,-0.501589753,4.120642233,6.037460134,0.492191834,13.65220578,0.388316228,1420,42.0616954,7.009375493,0.221851936,0.972558303,507.4714018,0.014744226,2.265432439,2.697473673,0.401292929
TOX-61250,0,-0.487329913,4.157578253,6.028744962,0.452415197,13.64482885,0.473268043,1764,51.46487717,7.008279532,0.216617308,0.977736527,4047.808959,0.006552233,2.277786034,2.828549959,0.367227116
TOX-61251,1,-0.487327671,4.118317701,6.029099544,0.452184279,13.6449389,0.432795102,1700,49.91849487,7.009369145,0.213893765,0.977211353,1863.27673,0.006378455,2.277503977,2.691617277,0.321975275
TOX-62303,0,-0.487306399,4.031269016,6.0282978,0.451250936,13.64343955,0.323146193,1178,36.7395986,7.009669407,0.226347888,0.957499613,240.185327,0.016722284,2.268808952,2.635955542,0.201184464
TOX-62645,1,-0.487325422,4.122265157,6.028424481,0.452281033,13.64495765,0.506650176,1792,51.07940634,7.008282052,0.21939371,0.97771837,1430.546784,0.006764489,2.277707858,2.715513461,0.38256419
TOX-62648,0,-0.487306651,4.11827796,6.028111563,0.451078539,13.64309355,0.325622465,1182,36.0983684,7.0082756,0.218156983,0.977823207,258.6359165,0.007577285,2.277885041,2.683332378,0.321975275
TOX-62668,1,-0.493859089,4.11841747,6.032795724,0.458854551,13.654076,0.588686631,2932,81.6423118,7.009394568,0.203534933,0.972316888,168250.8826,0.004628373,2.277757142,2.696337744,0.321975275
TOX-72127,0,-0.495482421,4.121800156,6.028410517,0.428069862,13.64533804,0.538038596,1858,51.80996622,7.008282686,0.218632197,0.977700309,1297.620388,0.0,2.290861038,2.723811841,0.38804971
TOX-72158,0,-0.182217969,2.184326842,2.183921349,0.211212591,11.44476601,0.0,742,9.517540966,1.687124675,0.278212705,0.987143501,21.48298836,0.0,2.362508551,1.879385242,0.0
TOX-72381,0,-0.48730614,4.118275251,6.028518984,0.451133242,13.64325897,0.271421343,1114,35.13633026,7.009360184,0.220245574,0.977185241,249.2323273,0.015952449,2.26410531,2.675494033,0.321975275
TOX-72410,1,-0.488680133,4.118342609,6.032396063,0.454119979,13.64997816,0.471979466,2510,72.58637376,7.009382,0.197167285,0.9724203,371761.3414,0.00436206,2.277903544,2.676104663,0.321975275
TOX-72416,1,-0.491133614,4.118409441,6.033309316,0.454725251,13.65114709,0.477098628,2648,75.82807281,7.010480346,0.196781003,0.971497407,573367.6695,0.004266827,2.276792674,2.699429756,0.321975275
TOX-72505,0,-0.525318472,3.180899215,6.028868539,0.444533952,14.54333292,0.392486615,1044,29.66489906,7.009357523,0.25663691,0.977211223,256.0454126,0.028551772,2.241604055,2.331789088,0.0
TOX-73049,0,-0.520842005,3.242605348,6.028260121,0.468750593,14.54349954,0.263730141,930,27.46590327,7.008271777,0.252824004,0.977851914,328.1622566,0.0255,2.240158546,2.359937783,0.0
TOX-73240,1,-0.501527752,4.120480397,6.036839072,0.491936405,13.6514343,0.314737115,1218,37.6786449,7.008287261,0.217612808,0.977563237,330.8400802,0.014625286,2.265367513,2.69452672,0.303246536
TOX-74065,0,-0.48868015,4.118342604,6.032396069,0.454117222,13.64997624,0.471795077,2510,72.65918668,7.009382,0.197167285,0.972421845,44886.50708,0.00436206,2.277903546,2.676112997,0.321975275
TOX-74401,1,-0.487323677,4.120504478,6.028420807,0.452266476,13.64462008,0.474052498,1728,50.48405904,7.008280908,0.216984345,0.977738318,2100.811368,0.006595795,2.277697323,2.696431292,0.303246536
TOX-76094,1,-0.493017281,4.120663307,6.030781324,0.453342563,14.54328106,0.349069991,1584,47.22058325,7.010662132,0.221237746,0.957456329,2202.362218,0.006270325,2.277876302,2.698535486,0.401292929
TOX-76095,1,-0.494084615,4.120654689,6.030781364,0.452082307,13.64612039,0.378555919,1458,43.0342419,7.01066016,0.217857653,0.957456205,655.1202667,0.00711962,2.277876603,2.698566749,0.401292929
TOX-76123,0,-0.492927373,4.121042941,6.031645593,0.453398733,13.64847571,0.516112712,1928,54.30307317,7.01067529,0.22071988,0.957411968,1546.3828,0.006819062,2.277824777,2.724376883,0.37139964
TOX-77264,1,-0.487322795,4.120493405,6.028418086,0.452019608,13.64430545,0.439830408,1664,48.80295441,7.008279787,0.214251625,0.977750224,1225.191564,0.006416957,2.277860942,2.693221629,0.431186218
