TAID,Class,n6ARing,AATSC0v,EState_VSA8,BCUTs-1h,CIC0,PEOE_VSA13,BCUTs-1l,NsOH,AMID_h,AATS1s,AATS0dv,BCUTi-1h,BCUTv-1l,SlogP_VSA5,SlogP_VSA2,SssssC,BCUTdv-1l
TOX-4318,0,0,41.09411913,0.0,6.003750524,2.365760577,0.0,1.270336152,2,0.664216778,3.666666667,4.923076923,13.62450341,14.70716833,6.9237372,22.92390314,0.0,0.993941294
TOX-5527,0,0,42.33582983095889,4.736862953800049,7.008271461043522,2.7804695485952857,0.0,1.2500280621084183,2,0.7803080557742726,4.023148148148148,8.210526315789474,13.642938727273844,14.701068259578353,6.923737199690624,35.5000903944074,0.0,0.995959042266898
TOX-75527,0,0,42.95444074,0.0,7.009354787,2.642092545,0.0,1.246840275,1,0.823907785,3.841269841,8.761904762,14.54359805,14.70177638,6.420821623,41.01427578,0.0,1.977236111
TOX-5811,0,0,42.379370636228415,0.0,6.003743698822129,3.200530996380558,0.0,1.3924851436568806,2,0.7330219322853792,3.2934782608695654,6.083333333333333,13.629138880551,14.705859309962582,0.0,49.854346576758914,0.0,1.895523475991903
TOX-3535,0,1,47.26150101,10.05365156,7.011548955,3.553183117,11.63216532,0.610020957,1,0.808564677,3.746847912,10.41975309,14.54425166,14.6997625,4.877147194,64.45173346,-1.656960782,0.650189627
TOX-2339,0,0,70.13725458,10.63357721,7.010455152,2.804757252,0.0,1.003590264,1,0.804855376,3.996628352,10.72664112,14.54145718,14.70046955,24.20546308,22.89019214,0.0,0.151462965
TOX-74064,0,0,43.61673949,9.473725908,7.009356605,3.095028122,0.0,1.248588824,1,0.749707702,3.90942029,9.166666667,13.64519284,14.69976223,13.8474744,36.36286829,0.0,0.995030773
TOX-3060,0,0,43.72366857,10.3120669,7.015026258,2.995264732,0.0,0.290619416,1,0.965460857,3.435434822,11.32638889,14.75106095,14.69997187,13.34455882,61.45732506,-1.621666667,0.642963563
TOX-5567,0,0,44.61908643,0.0,7.01423016,1.886169425,10.11812686,0.300421149,1,1.250820385,2.709045584,8.174603175,14.5378019,14.70164107,0.0,25.26815687,0.0,0.64007332
TOX-7499,0,0,59.98464921,0.0,7.010470063,2.343775283,0.0,1.004092203,2,0.888073464,4.940458554,14.09754262,14.55152949,14.69977295,20.97693036,26.71876501,0.0,0.151462965
TOX-53387,0,2,45.18992951,26.15902921,7.013792965,4.197853444,11.63216532,0.62210752,2,0.924474368,3.671921922,10.15336463,14.78243916,14.70018063,13.8474744,142.2436172,-2.008887956,0.654582354
TOX-4094,0,1,47.50692103497952,10.633577208012662,7.013777967162892,4.185476388516905,0.0,0.6173146332420815,1,0.6953410128412751,3.4197297044519264,9.08641975308642,14.548818135442769,14.700207191608914,32.37650391991683,97.27424144730804,-0.7577200229490999,0.6593520094973921
TOX-2408,0,0,74.46059113435163,27.907659231074387,7.009369866885037,2.434039773710668,0.0,1.00405564551119,1,0.7739669573468181,3.962727272727273,10.685117845117846,14.54029144649958,14.700683458359954,17.28172587545944,16.983012412144063,0.0,0.151461879047083
TOX-2190,0,0,51.69061768,4.983978521,3.044209631,2.110843723,0.0,1.73444226,0,0.328125,3.454545455,6.363636364,14.54783123,15.58950964,0.0,4.983978521,0.0,2.737477305
TOX-47515,0,1,45.00990397,20.8422406,7.012658269,3.596702284,17.53934505,0.602020044,2,1.008680402,4.020337302,11.73165618,14.78238677,14.69977294,0.0,99.27670239,-1.810973364,0.652423355
TOX-1970,0,1,43.14231083,20.8422406,8.004646691,3.456465368,17.38964205,0.622458279,2,1.020003283,4.03258547,12.41777778,17.42774008,13.30344491,0.0,102.6435164,-2.023452918,0.654573429
TOX-33475,0,1,43.46652278,31.03960422,7.010459867,3.197003846,5.907179729,0.603207341,1,1.055872,3.867929945,11.73333333,14.78234818,14.70046835,0.0,81.11614128,0.0,0.648482295
TOX-39329,0,0,69.19311328,21.26715442,7.013741201,3.959330959,17.72153919,1.001385394,2,0.802191545,3.765794872,10.28351852,14.54640368,14.70018895,48.3556919,79.50999747,0.0,0.15144897
TOX-3302,0,0,63.41327595,70.85286258,7.008271369,4.395545685,0.0,1.004519787,0,0.373855326,2.702054958,6.034139918,14.54327384,14.70172518,55.29454243,36.92430586,0.0,0.151461337
TOX-15020,0,0,70.28999054,21.26715442,7.013754022,4.280022306,11.81435946,1.001390376,2,0.701974493,3.445911111,8.812772773,14.54414748,14.69977294,92.79852769,59.87572825,0.0,0.151448969
TOX-4509,0,0,44.97358566,4.736862954,3.510468636,1.428571429,0.0,1.4,0,0.583333333,2.678571429,6.285714286,13.62687389,14.70687835,0.0,13.21376393,0.0,1.9
TOX-4154,0,1,47.00729348825595,0.0,7.00829008453396,3.2539753436202985,0.0,1.203945406635564,1,0.4676036336903451,2.9252136752136755,4.769230769230769,14.537802511659274,14.70144267909267,25.68328649170404,17.62058908870513,0.0,1.881637592299738
TOX-2523,0,1,44.16711466,26.87300412,7.011562676,3.463655197,11.81435946,0.610220196,2,0.884791206,4.235618597,11.61975309,14.55797276,14.69687168,5.693927995,73.33704729,0.0,0.650207586
TOX-5365,0,0,44.27568653,9.473725908,7.010440995,3.356623066,0.0,1.248358937,0,0.730280137,3.821428571,9.793103448,13.64724032,14.69975984,20.7712116,37.22564618,0.0,0.995030772
TOX-4036,0,0,60.20920585,26.47626355,2.07937047,2.719125699,0.0,1.166831649,0,0.678427478,2.156607225,2.723846654,14.54327357,15.59251591,13.8474744,22.30995663,0.0,0.551721651
TOX-4437,0,0,43.01133003,0.0,7.008810405,2.03386433,0.0,1.814777885,0,0.718073921,3.636363636,6.0,14.5445806,14.70271491,0.0,25.405349,0.0,0.99495404
TOX-2723,0,0,50.44027191,5.316788604,7.010457897,3.950148705,0.0,0.617316299,1,0.575929147,3.077975775,7.608888889,14.54719157,14.70046914,39.30024112,60.55744856,-1.323307545,0.659352501
TOX-1292,0,0,40.129341540613126,4.736862953800049,7.009664521879599,2.750977500432694,0.0,1.1647934146413024,3,0.890449122130447,4.786111111111111,12.2,13.643773286661013,14.700546824466668,0.0,51.99091354659672,0.0,2.8214969397517065
TOX-56573,0,1,46.51379044,25.04340493,7.01046313,3.443925189,11.81435946,0.607530661,1,0.969599137,3.744691358,10.8463357,14.6902058,14.69664286,5.693927995,78.10390887,0.0,0.649716069
TOX-3874,0,1,45.07305322,31.03960422,7.010460507,3.333972682,5.907179729,0.599216653,1,1.019708763,3.748658078,11.10077519,14.78234963,14.70046831,5.007623697,81.11614128,0.0,0.650531507
TOX-8353,0,0,44.62694945,0.0,7.00828979,2.982522334,0.0,1.260053205,1,0.562499433,3.285714286,4.909090909,14.53780811,14.70144323,26.18620207,17.11767351,0.0,0.99393222
TOX-1683,0,0,48.65860873,17.94557775,7.00936713,2.362834368,0.0,1.192260189,1,0.871946526,3.907750343,8.384665367,14.54028049,14.70068342,6.9237372,28.77770685,0.0,0.547205818
TOX-68060,0,0,49.06322129,0.0,7.009371981,3.330369101,0.0,0.623661746,2,0.69945977,3.266203704,8.718954248,14.54335512,14.70057776,19.76538045,51.17813709,0.0,0.659380833
TOX-1703,0,0,45.62821958,0.0,7.008291079,2.494759185,0.0,1.445832887,2,0.516603713,4.743055556,10.625,13.6426631,14.70121877,10.35798868,16.18236008,0.0,2.752035055
TOX-3201,0,0,42.499648238094935,0.0,7.011577582739619,4.121913455886431,0.0,1.2497917936899705,3,0.6004854202393294,4.346960167714885,12.88,13.64975183847882,14.699767610568603,21.109569205892527,46.575923077199946,0.0,1.9788051053391105
TOX-4011,0,1,46.86378612422214,20.842240603617103,7.010464201348058,3.491622120561427,11.63216532332176,0.6220222192493409,1,0.9694464863334804,3.766439909297052,10.453900709219855,14.782375010870586,14.70043315223311,0.0,89.21742718230568,-1.6370638857394813,0.6515682690021399
TOX-3875,0,1,45.37675713,20.29406844,7.011549627,3.547829643,11.81435946,0.610219971,1,0.888478839,3.957294029,11.12529551,14.5579798,14.69655862,12.61766519,75.34031744,0.0,0.650205241
TOX-7490,0,0,45.64081979,0.0,7.009381022,3.812641956,0.0,1.368110658,2,0.363288077,3.994444444,11.02702703,13.64379106,14.7004328,10.35798868,16.18236008,0.0,2.752027108
TOX-31969,0,0,46.62335175,14.69005191,7.014204842,3.026715655,10.02329115,0.298942688,0,0.812559711,3.376687886,9.756272401,14.55730889,14.70176737,0.0,25.49555157,0.0,0.644235676
TOX-5172,0,0,45.57531483933656,4.417150937053347,7.008810706228116,1.9645127704033465,0.0,1.571591038932819,0,0.5274108692095674,4.499999999999999,11.272727272727272,13.638675515209629,14.701636811988308,10.554784602946263,6.286160523129555,0.0,2.7820990328548563
TOX-6564,0,0,45.11253555954347,10.197363616602075,3.0635980751588807,1.6394319446848298,0.0,1.77731073390252,0,0.775,3.888888888888889,7.555555555555555,14.690782369077436,15.44420708415253,0.0,10.197363616602075,0.0,2.781687225641195
TOX-4249,0,0,45.90798599030178,0.0,7.008289669156596,2.778176140466861,0.0,1.1625742257040166,1,0.5687347658118873,3.2625,5.9,14.537813589028994,14.70144299904575,25.68328649170404,16.614757935175902,-0.8888888888888888,1.8388146351137604
TOX-58908,0,0,39.79551681,25.03093139,7.016247178,3.342081247,11.81435946,0.302847726,2,1.1175368,4.297668038,13.52020202,14.55815462,14.6967855,5.693927995,82.25230417,0.0,0.645012935
TOX-7673,0,0,36.86617327,10.85158279,2.619907655,2.333333333,0.0,1.971286832,0,0.890165043,3.022727273,2.833333333,14.6377491,15.49619342,0.0,14.09534397,0.0,0.994910281
TOX-37708,0,0,47.72007775,0.0,7.008292616,3.594823954,0.0,1.262708393,2,0.528986899,3.625420875,8.0,13.64313954,14.70085261,5.563451492,42.60988794,0.0,0.997573953
TOX-5649,0,1,47.53713127,0.0,4.004552527,3.180774567,0.0,1.235523193,0,0.249335466,2.133333333,1.9,14.53780465,15.59610191,32.10410811,6.041840829,0.0,1.824522871
TOX-20787,0,0,45.84508837660778,12.240525803696954,6.002556361494381,3.773999715354212,0.0,1.1827177607969457,1,0.3195429356917292,2.4099462365591395,2.5625,14.540852943146524,14.708163767873897,40.0336764678499,23.797091017649542,-0.4925977891156461,0.9919742217274096
TOX-18640,0,0,48.27728778,5.316788604,7.011585675,5.189848911,11.69042468,1.137073254,5,0.513923338,3.453616352,8.194174757,14.54031779,14.69977072,64.38760057,93.08132844,-2.052935353,0.993039033
TOX-9477,0,0,50.37877982,5.316788604,7.010460063,3.999133372,5.907179729,0.617316971,1,0.527698502,3.254772519,8.361655773,14.54387524,14.70043337,31.12920027,56.60156076,-0.637337827,0.659354121
TOX-17370,0,0,42.79033862,4.983978521,6.003704033,2.938442975,0.0,1.163474775,2,0.859739532,3.764367816,10.2962963,14.56234168,14.70585606,6.227901171,44.68291409,0.0,1.986023719
TOX-21194,0,1,48.81077794,24.06417273,7.009376137,4.328024957,5.907179729,1.354423068,1,0.514654503,3.143442623,7.355932203,14.55128596,14.70056193,40.25737975,66.8486425,0.0,0.9872569
TOX-43795,0,0,44.7821401,25.78580936,7.00827297,3.698115704,0.0,1.268296537,1,0.782261684,3.37398374,7.170731707,14.69130174,14.70122456,20.7712116,47.19749225,0.0,0.987231552
TOX-24046,0,0,49.43016810595042,5.316788604006331,7.011550644408477,4.067762881549236,0.0,0.6173162419916705,1,0.5352145698590574,3.4543264024258176,9.008230452674898,14.543879132013448,14.699771190567734,25.328831937239634,55.96398408478011,-0.7115982771059983,0.6593553982895095
TOX-32459,0,1,46.22926374,9.998591539,7.0082778,3.442658562,0.0,1.376706712,0,0.711758202,3.065873016,7.705882353,14.692668,14.70233784,6.9237372,42.69064345,0.0,0.987937051
TOX-1743,0,0,49.53903314,5.316788604,7.006631024,2.850662478,0.0,0.273718159,2,1.062701389,2.494119535,4.879743941,14.5406454,14.70473774,6.420821623,35.17394603,0.0,0.485179595
TOX-2759,0,3,43.05478078,10.63357721,7.008280621,4.708122812,0.0,1.1298698,7,0.80601797,3.404265873,7.195121951,14.54378852,14.70200831,13.34455882,159.6392625,-1.45292261,0.995036463
TOX-22907,0,1,46.23032439,0.0,7.009389344,3.634556156,0.0,1.354423975,2,0.563729751,3.902083333,10.52631579,14.55090336,14.69977287,26.40990535,40.9383601,0.0,0.996623291
TOX-2688,0,0,46.36165519,5.316788604,7.014583914,2.958841822,0.0,0.300193221,1,0.783823439,3.516149146,10.62654321,14.54059382,14.69996727,16.11823609,19.49362967,0.0,0.642093542
TOX-16401,0,2,48.43159732,5.316788604,7.010444048,3.857691513,0.0,1.229084909,0,0.503779817,2.732804233,6.048780488,14.54634609,14.70178022,58.29031018,28.78722453,0.0,0.987937987
TOX-2391,0,0,36.86617327414606,0.0,4.006081277358171,2.333333333333333,0.0,1.8421693118276876,0,0.8720084679281462,3.272727272727273,3.0,14.64779624377037,15.486173287762576,0.0,19.104256489308916,0.0,0.9949535420801116
TOX-58778,0,1,48.15027457,46.50327328,3.510013808,3.733929029,0.0,1.37771499,0,0.63018364,2.967479675,6.923076923,14.69133815,14.70681571,11.38785599,41.1767428,0.0,0.995029081
TOX-2966,0,0,50.81480627,0.0,7.014576033,3.600429976,0.0,0.297592844,1,0.594735728,2.789554906,6.85380117,14.54269146,14.69997561,37.04710632,36.88835847,0.0,0.644911862
TOX-68129,0,4,49.93902957,10.21669833,7.009356184,3.759891027,11.81435946,1.177755149,0,0.574699068,2.839090272,7.53647587,14.54546132,14.70177761,23.19963192,56.04493318,0.0,0.774000048
TOX-32230,0,0,50.97553593,0.0,6.002599125,3.584687204,0.0,1.205974714,1,0.28720799,2.822222222,4.4,14.54453504,14.7081635,18.59115508,30.14362192,0.0,0.992861924
TOX-25897,0,1,50.91487904,5.316788604,7.009358137,4.072837325,5.907179729,1.296743289,0,0.488621276,2.989064167,7.069325736,14.54549464,14.70177807,15.92144017,61.50988405,0.0,0.774000544
TOX-3947,0,0,50.2757085,5.101407526,7.008268402,2.959370825,5.907179729,1.271353017,0,0.659847699,3.246629772,7.757495591,14.64356033,14.70270992,24.94985114,16.75171204,0.0,0.772904064
TOX-3448,0,0,42.12671277,4.983978521,7.008283376,3.099985644,0.0,1.163981469,3,0.885231427,4.053763441,9.866666667,14.55881816,14.70225155,6.227901171,49.78944148,0.0,1.986023157
TOX-37709,0,0,48.25747,5.316788604,6.003655062,4.059994748,0.0,1.24917907,2,0.466702677,2.995679012,5.511111111,14.54022598,14.70567214,25.51489228,49.22717988,0.0,0.988749282
TOX-4361,0,0,44.89573678,4.983978521,4.005384357,2.078820308,6.014658705,1.304364839,0,0.688537954,3.805131929,10.10030864,14.55078651,14.70255539,0.0,4.983978521,0.0,0.774009279
TOX-15561,0,0,49.9250069,6.578935684,7.008268253,3.598455063,5.907179729,1.265752107,0,0.478711733,3.079365079,6.470588235,14.64056003,14.70270979,0.0,43.00085876,0.0,0.994283972
TOX-5896,0,2,52.72514840280015,33.761315867224106,6.0028072168643325,4.644776707321795,0.0,1.186802105175428,1,0.1600340711611423,2.404932950191571,4.214285714285714,13.626975364361844,14.70633004999178,83.76760314263855,10.707578205824394,-0.2542189836027768,0.9876115876775644
TOX-3512,0,3,42.65501443,5.316788604,7.008281852,4.712677553,0.0,1.144659748,8,0.827759142,3.515359477,7.373493976,14.54300523,14.70199874,12.84164325,164.3049999,0.0,1.890184642
TOX-1812,0,5,50.73323614,41.5424232,7.011570472,5.217780555,0.0,1.062232738,2,0.30144625,2.644371345,5.516483516,13.6477588,14.69977077,119.0951983,40.00818199,-1.765052848,0.991832509
TOX-3363,0,0,50.22844024,0.0,7.009365898,3.915656994,0.0,1.234326019,1,0.319217349,3.513550136,8.717948718,13.65146577,14.69780425,30.38936785,10.88977234,0.0,0.995949452
TOX-9108,0,0,47.19934795849166,0.0,7.008265973442542,2.5086853429636014,0.0,1.3485453966805905,0,0.5421617518292873,2.75,5.625,14.543953491107024,14.702713633259082,12.84164324585202,24.39951784879175,0.0,0.9969707943787554
TOX-7783,0,0,51.09960748043485,13.847474399381248,7.008266950708187,3.4047019176030795,0.0,1.2522373348225897,0,0.311929844810795,2.943376068376068,5.769230769230769,13.638186470506392,14.701727506027536,37.04710632100208,5.783244946364939,0.0,0.9889191102584496
TOX-113365,0,0,41.18816322,14.95193556,7.008282279,3.104667156,0.0,1.248796247,2,0.962441348,4.072048611,10.19354839,14.56540908,14.70232526,0.0,49.04982032,0.0,1.977207309
TOX-4113,0,0,53.28095238,9.047494323,7.006602512,2.237744375,0.0,0.289260738,1,1.193488123,2.78032272,8.10617284,13.64254356,14.7039618,0.0,28.96371321,-2.095686728,0.539737352
TOX-72754,0,0,49.26488779,15.28474565,6.002600301,3.306212202,0.0,1.259170103,1,0.489962344,3.387962963,7.172413793,14.55907222,14.70816134,11.66741788,21.61924084,0.0,1.985104557
TOX-22266,0,2,49.66168529,4.899909731,7.009356956,4.003978783,5.907179729,1.375129896,0,0.474437177,3.041111111,7.829787234,14.5481821,14.70177809,10.35798868,56.23099353,0.0,1.894349475
TOX-2907,0,0,50.35381006,0.0,7.009360142,3.952365276,11.81435946,1.238837212,1,0.412991084,3.237922705,7.5,14.64025748,14.70177848,26.18620207,16.92088685,0.0,0.987938092
TOX-3529,0,3,50.97657445616408,18.02360182036155,6.003765444614657,3.8738094639711846,0.0,1.0945908913014406,2,0.3745459028612262,2.827967171717172,6.9,14.543906406008457,14.70616241018783,17.54772460632,46.955166513766216,-0.1597222222222221,0.9969653340746848
TOX-35805,0,0,48.85939516,5.316788604,7.011574397,5.372396539,17.59760441,1.137073197,4,0.486928643,3.221988796,7.362068966,14.54378058,14.70019271,78.23507496,105.902098,-2.020949332,0.9872569
TOX-2437,0,0,49.9250069,0.0,7.008277611,3.598455063,5.559266895,1.421948837,0,0.478711733,3.044444444,6.588235294,14.69417205,14.7026921,5.693927995,23.45894984,0.0,0.993931107
TOX-2307,0,0,48.56077028,0.0,6.003954886,2.911533991,0.0,1.372227678,2,0.475017214,3.766414141,6.454545455,14.53780242,14.70714934,5.563451492,16.7578112,0.0,1.892216049
TOX-1721,0,0,48.16207534,0.0,7.010461522,3.889512573,5.907179729,1.30471602,1,0.511476472,3.668787268,9.863934857,14.55097608,14.69973792,21.61536816,41.23609685,0.0,0.773996407
TOX-21788,0,1,49.49469969,5.316788604,6.003963048,4.090878921,0.0,1.248951099,2,0.452184719,3.313333333,7.541666667,14.54022748,14.70547581,22.7321953,38.08720382,0.0,0.996623265
TOX-2210,0,0,50.97418701,5.316788604,6.00485561,3.963819564,0.0,1.208355086,3,0.346708052,3.263565891,6.047619048,14.54022465,14.70720078,24.15460657,27.90617942,0.0,0.993944518
TOX-30986,0,1,51.17751194,4.899909731,7.009361511,3.491994731,0.0,0.604724184,1,0.685016511,2.955761317,7.513399578,14.55151304,14.70176841,0.0,64.71129023,0.0,0.653167533
TOX-3390,0,0,49.93111261,4.983978521,7.00829285,3.740997202,0.0,1.365316487,1,0.344074233,3.493589744,8.540540541,14.54791368,14.70065601,12.31154554,16.0598112,0.0,1.89531087
TOX-36353,0,0,46.02297591,10.30076712,7.009381475,3.967055999,5.559266895,1.258936821,3,0.691189542,3.577568134,8.588235294,14.56551994,14.70177579,18.0882395,47.09437246,0.0,0.996026452
TOX-5860,0,1,54.13500172,17.55731441,7.009355461,3.403211367,0.0,0.624982304,0,0.661745529,2.700617284,5.453968254,14.54442433,14.70178023,33.10993927,28.43250356,-0.957620937,0.651474738
TOX-67629,0,0,45.47651426,9.967957042,7.008280223,3.259387926,5.559266895,1.424124786,0,0.51429623,3.817204301,10.13793103,14.56421056,14.70269329,11.25737949,14.36865165,0.0,0.995953443
TOX-2101,0,3,50.83302933958116,4.899909730850478,6.004773035720349,4.313596762957879,0.0,1.0690187202575423,3,0.3767893192429996,2.62080938697318,6.075471698113208,14.543276369154682,14.706104684888713,49.65183272095005,57.159829142825984,-1.4602771872637947,1.8497389057782665
TOX-2868,0,3,51.46184396725123,17.554865521282856,6.003766719638055,4.038731275816945,0.0,1.094580765299496,2,0.3460418633135537,2.863136574074073,6.636363636363637,14.543273945127916,14.706162384019043,17.54772460632,46.4522509370016,-0.1962698412698411,1.895997921399067
TOX-1994,0,3,44.6164184,10.63357721,6.004708165,4.695120727,0.0,1.129870159,3,0.684644074,2.900819088,5.552631579,14.54392604,14.70421964,33.10993927,114.9319485,-1.286897326,0.993298883
TOX-34741,0,0,55.54503859,37.25557254,3.511082244,4.060846086,5.174562443,1.198556154,0,0.257819291,2.587930129,5.737373737,14.54393985,14.70681731,47.78863144,12.22223443,0.0,0.65346551
TOX-1953,0,0,55.00663860061498,5.920434318855644,6.002556121105405,2.676711637076891,0.0,1.1924505616628516,1,0.3794592751647982,3.39360929557008,4.978052126200274,13.623216736832584,14.708165066551048,13.344558822616634,10.707578205824394,-1.1510416666666663,0.7723049784714471
TOX-39340,0,0,50.47629033,17.23141595,7.00827893,3.666666667,5.559266895,1.387469682,0,0.400394198,3.152046784,7.611111111,14.69235726,14.70249123,5.693927995,16.38736671,0.0,0.995948734
TOX-49877,0,0,49.8839646,14.95193556,7.0067189,3.277684023,0.0,0.40969817,0,0.592692743,3.150734862,8.801346801,14.56001801,14.70505656,0.0,32.52640078,0.0,0.623400821
TOX-4347,0,0,32.17249284278438,11.268461667376624,4.008064242095712,1.945530556036326,0.0,1.976635737661748,0,1.1035533905932735,3.9375,2.888888888888889,14.645934107110987,15.487358112158448,0.0,7.04767198267719,0.0,0.99596749672906
TOX-41224,0,0,49.55384239,10.30076712,7.00828178,3.927032165,0.0,1.197804128,2,0.44408409,3.151515152,6.23255814,14.54815946,14.70242603,38.8594511,27.28071497,0.0,0.987189709
TOX-42880,0,1,51.76736194,10.63357721,7.009355097,3.314179619,0.0,1.107185668,0,0.580029691,2.79526749,6.263888889,14.54442381,14.70178023,33.10993927,16.92679634,-0.891805556,0.653463979
TOX-42888,0,1,51.76736194,17.55731441,7.009355127,3.314179619,0.0,1.106653099,0,0.579368365,2.831462776,6.326388889,14.54442382,14.70178023,27.19203322,16.92679634,-0.928842593,0.653462325
TOX-6447,0,0,37.09413409,0.0,8.002984742,2.609391845,11.37477255,1.3960994,0,0.892790289,5.082125604,15.04347826,14.59656132,14.65045727,15.92144017,15.75380183,0.0,0.995954658
TOX-43232,0,1,47.82919844,10.63357721,7.010443858,3.566659644,0.0,1.128585304,0,0.544695677,3.201190476,6.914285714,14.54451905,14.70178023,33.61285484,17.84547397,-1.180972222,0.987190674
TOX-1965,0,0,51.17660188,4.983978521,7.008292674,3.367835833,0.0,0.604882805,1,0.42490838,3.344535894,8.354393609,14.54785624,14.70144011,4.877147194,16.0598112,0.0,0.653184216
TOX-21753,0,0,51.33217977,5.316788604,7.008270804,4.02650331,5.907179729,1.18024088,1,0.342417302,3.075925926,6.045454545,14.54488389,14.70252914,11.12690298,43.09847363,-1.685681689,0.994937207
TOX-17965,0,0,49.61114491,0.0,4.004565894,3.533568261,0.0,1.264306435,0,0.392198183,3.051971326,5.548387097,14.53780998,14.70549059,12.48718869,20.26143591,0.0,0.99358487
TOX-14352,0,1,50.41134984,40.54853368,7.008271624,3.821587714,0.0,1.153624301,0,0.422182581,2.678861789,6.0,14.54367604,14.70145978,18.40509474,42.77322624,-0.221894605,1.890973831
TOX-62541,0,0,47.624316841895336,42.562815571507386,4.005320518998922,4.078097812899442,0.0,1.2551202919785622,0,0.525091233360043,2.725925925925926,4.622222222222222,14.559412566550575,14.70681403985458,27.694948798762496,41.10901795499554,0.0,0.9871319480826686
TOX-3309,0,0,49.60625179,0.0,7.009373293,3.724649335,5.907179729,1.304718933,1,0.444871463,3.523734329,9.06353508,14.55097199,14.70061921,21.61536816,28.6599096,0.0,0.773997683
TOX-2337,0,1,51.24055896,11.94758171,7.008270337,3.919026277,0.0,1.147607664,0,0.322995508,2.695833333,5.435897436,14.54389929,14.70146617,25.32883194,37.61328178,-0.440694444,0.98793595
TOX-2183,0,0,49.25750958,18.74738413,7.008270623,3.744439952,0.0,1.385148945,0,0.44890521,2.993993994,5.621621622,14.54349531,14.70146487,24.20546308,37.1103662,0.0,0.9872569
TOX-17939,0,2,51.76479949,52.26438894,3.511243105,4.543083474,0.0,1.222497526,0,0.311918243,2.402329749,4.915254237,14.54447373,14.70588815,24.32300078,75.49588576,0.0,1.888491316
TOX-8535,0,0,44.55647174,0.0,8.004180271,0.844360938,0.0,0.294923959,0,1.375,1.970458554,16.91358025,17.42729903,13.30461138,0.0,6.664825604,0.0,0.518673545
TOX-2831,0,0,48.31507635,0.0,4.004855775,3.509234488,0.0,1.370740577,0,0.494594705,3.254340278,6.5625,14.53780491,14.70547596,5.563451492,27.87414903,0.0,0.996623265
TOX-19374,0,3,50.63595456,6.9237372,8.00180575,5.403913081,0.0,1.063596963,2,0.280930263,2.501817238,4.942307692,17.42477446,13.30411683,143.269738,51.72950895,-6.059520295,0.987697535
TOX-43717,0,0,44.19700384912739,20.173746870184956,3.1681355496406787,3.2497524006950127,0.0,1.2993319250559552,0,0.638345734982466,3.3704914064391187,9.84547988849064,14.691635028521649,15.444206270030982,17.081783984545382,25.460126788111346,0.0,0.7730763216507769
TOX-3468,0,0,48.31507635,5.316788604,6.004916255,3.509234488,0.0,1.258763254,3,0.481110751,3.403645833,5.9375,14.54022304,14.70714934,25.51489228,27.90617942,0.0,0.988944997
TOX-15416,0,1,52.4997459,53.43084628,3.511069799,4.150056617,0.0,1.26923866,0,0.284826748,2.665484634,5.6,14.54326807,14.70588791,17.23086937,44.35482484,0.0,1.893177621
TOX-71370,0,0,46.10999481,10.63357721,7.011564435,4.215186172,0.0,1.203682335,2,0.638381284,3.744350282,8.13559322,14.55250714,14.69977294,38.67339076,58.49220823,0.0,0.988927356
TOX-53560,0,0,50.76631179136065,25.5731443589056,8.001935854647435,3.592091818129635,6.544756405912575,0.6100985676798291,0,0.8261800770386143,2.912404467960024,6.497354497354498,14.594936814585497,14.651592235002765,10.701551691701226,60.628201452976135,0.0,0.6500242642697301
TOX-2132,1,2,50.47029572,4.992404733,7.008272911,4.298101646,0.0,1.13581366,1,0.388987325,2.707575758,5.698113208,14.55428745,14.70120712,44.08838123,48.55542896,-1.573930343,0.996962059
TOX-6624,1,0,49.06332466,0.0,7.008269211,3.553372903,5.907179729,1.438176076,1,0.470674526,3.294612795,6.787878788,14.54332739,14.70240456,24.20546308,36.11292721,0.0,0.9872569
TOX-12048,1,0,49.61114491,0.0,4.004565893,3.533568261,0.0,1.263798105,0,0.392263734,3.051971326,5.548387097,14.53780998,14.70553293,12.48718869,20.26143591,0.0,0.99358487
TOX-62538,1,0,47.62431684,28.71534117,4.00532033,4.078097813,0.0,1.344560869,0,0.526237307,2.674074074,4.533333333,14.55941251,14.70681404,39.53076089,41.10901795,0.0,0.987143621
TOX-2926,1,2,54.38841505,51.0979316,6.002696298,4.135943133,0.0,0.628228112,1,0.455941713,2.515634186,5.283950617,14.54581127,14.70815978,6.420821623,67.32652366,0.0,0.660645016
TOX-3077,1,1,51.91411467,17.21251289,7.009355727,3.487948572,0.0,1.125290183,0,0.544951946,2.974823633,5.841269841,14.54442457,14.70178023,33.10993927,16.92679634,-1.069375,0.65346339
TOX-2895,1,1,48.24372891,4.899909731,7.008273847,4.184922737,0.0,1.197873199,0,0.528958755,3.240253411,9.396226415,14.54391493,14.70060018,39.19415037,52.58397834,0.0,0.996154458
TOX-4206,1,0,52.57093764,18.74738413,7.008271544,4.261145138,0.0,1.252263129,0,0.256337546,2.802721088,5.458333333,14.54326959,14.70146482,30.89228343,37.1103662,0.0,0.9872569
TOX-1943,1,0,48.91879353,10.05365156,7.008272156,4.089052277,0.0,1.249179391,1,0.442671362,2.994565217,5.869565217,14.54022647,14.70096391,25.83174751,43.48307581,0.0,0.988748956
TOX-4726,1,1,52.83020963,11.82364693,7.008271729,4.292552462,0.0,1.240780867,0,0.250087776,2.712418301,5.591836735,14.54326936,14.70146477,36.81018948,36.60745062,0.0,0.988010186
TOX-3466,1,1,50.62103231,20.96486834,7.008280215,3.967244976,0.0,1.30447446,0,0.560488105,2.802146373,6.783436214,14.6932266,14.70267131,6.420821623,51.80487111,0.0,0.774002321
TOX-2350,1,0,50.97553593,0.0,4.004563769,3.584687204,0.0,1.268505309,0,0.283756678,2.810185185,4.533333333,14.53780883,14.70681895,18.05064018,12.64872279,0.0,0.993442977
TOX-2333,1,1,52.31096762,60.35458348,7.008270578,4.504238239,0.0,1.125866802,0,0.292887051,2.603825137,5.482758621,14.54451338,14.70250894,24.47146181,61.64454515,-0.592443665,0.988008397
TOX-2537,1,0,54.46071295,23.95638107,3.509498178,4.027119666,0.0,1.184235383,0,0.274441229,2.67691966,5.06057996,14.54453314,14.70681856,18.05064018,32.14689207,-0.470378086,0.773994129
TOX-1918,1,1,50.22164665425343,14.867866772744891,7.009371519480076,4.106596964847501,0.0,1.2311402679374297,0,0.5396649524059344,2.864339435220661,7.251943301326018,14.56083690436463,14.701730612086754,25.30430569792599,43.63633528606533,0.0,0.7740013120732645
TOX-4171,1,0,48.74861753,5.316788604,8.007381088,3.492951172,0.0,1.218941788,0,0.436952255,3.140625,8.3125,17.43069321,13.30279471,24.97437738,12.58659724,-4.252546651,0.987895144
TOX-8923,1,0,49.6588725,18.74738413,7.009366532,4.272267263,0.0,1.346635006,0,0.448083153,3.003600823,7.018867925,14.54327401,14.69742175,31.89811458,43.71724817,0.0,0.987222959
TOX-1746,1,0,54.94087009,73.60221035,2.268208565,4.329101975,0.0,1.350644545,0,0.094874749,2.549516908,4.636363636,14.54453151,15.59167434,28.67462759,25.5400101,0.0,0.994935668
TOX-1920,1,0,53.74983968,67.53584328,3.510546167,4.117840206,0.0,1.37733403,0,0.193547095,2.741161616,5.619047619,14.54453258,14.70681788,23.1111761,25.5400101,0.0,0.994936822
TOX-2341,1,1,56.31638375,60.29336584,2.263220571,3.804937276,0.0,0.628231628,0,0.388212986,2.526797962,5.201234568,14.5452727,15.59112027,6.420821623,32.08476651,0.0,0.660643927
TOX-3437,1,0,53.27552990849209,67.52619024389774,3.5096452199965325,4.043138354490244,0.0,1.2692417834179317,0,0.2121948805084428,2.738482384823848,5.05,14.54453190451327,14.70681881612775,17.230869371142294,32.14689206663035,0.0,0.9949384687321762
TOX-4027,1,0,53.55108388,58.74763488,2.532648405,4.170622515,0.0,1.350644545,0,0.207493707,2.558080808,4.714285714,14.54376594,15.59210615,17.54772461,20.13718479,0.0,0.995956689
TOX-7756,1,0,55.42660324,18.74738413,7.008268403,4.219478472,0.0,0.626787609,0,0.256337546,2.618417737,4.717592593,14.54326823,14.70271736,30.89228343,35.40230949,0.0,0.65619125
TOX-109792,1,2,51.01915517,4.899909731,7.008272599,4.378771665,0.0,1.135811727,1,0.321283506,2.56969697,5.094339623,14.54390294,14.70120855,50.50920285,42.2168936,-1.516172052,0.996960717
TOX-3963,1,0,52.62272944,50.18445917,7.008272087,4.462758231,0.0,1.133647179,0,0.229939165,2.742424242,5.111111111,14.54453534,14.70146476,31.39519901,31.50931539,-0.680578704,0.987734112
TOX-34075,1,0,50.16502615,6.9237372,4.00456108,3.401969198,0.0,1.244050201,0,0.414658394,2.914814815,6.137931034,14.53780914,14.70612542,18.90801031,12.83478314,0.0,0.987989287
TOX-15238,1,0,59.07632,67.02060482,2.236695777,3.67028933,0.0,0.609683204,0,0.353658728,2.44691358,4.379084967,14.54453533,15.59167497,16.67803159,25.03709453,0.0,0.649535333
TOX-25015,1,0,53.47554719,60.47851826,3.509644715,3.952565554,0.0,1.266166455,0,0.22041698,2.688888889,5.578947368,14.54389896,14.70681882,22.79432086,25.09922008,0.0,0.996964614
TOX-40094,1,0,54.14226723,11.82364693,7.014204391,4.251382832,0.0,0.29198533,0,0.317971198,2.432113604,5.02832244,14.54454032,14.70215076,31.39519901,39.20774512,-1.033773148,0.639746377
TOX-23064,1,0,48.41344496,9.883888252,7.00937779,4.20336459,5.559266895,1.370098727,1,0.57207595,3.071150097,7.090909091,14.56557427,14.70177583,18.31159319,54.93286577,0.0,0.987863828
TOX-3155,1,0,50.16502615,24.37325994,3.517025176,3.401969198,0.0,1.261399394,0,0.422783961,2.853703704,6.275862069,14.54085525,14.70612547,12.48718869,19.88245512,0.0,0.993449323
TOX-22909,1,2,49.72047255,15.53337645,7.0082736,4.414304722,0.0,1.350594862,0,0.468115201,2.864197531,7.133333333,14.55110551,14.700852,34.10255685,62.56606845,0.0,0.987815817
TOX-2429,1,0,50.69924613909794,11.895724287604828,6.002600642228239,4.015738632279001,0.0,1.2491787217342116,1,0.318038908643068,2.8441734417344176,4.634146341463414,14.540223270412756,14.706304594151348,19.410925891078243,30.403972982162465,0.0,0.9889398533556018
TOX-2657,1,0,53.61363539,42.57236115,2.518762038,4.076811481,0.0,1.150159643,0,0.124149563,2.215099715,3.513513514,14.54021973,15.59451738,37.66755961,12.58659724,0.0,0.988005265
TOX-27604,1,0,47.42858148,0.0,7.007676546,3.531208618,0.0,0.290723561,0,1.045866859,2.223034438,6.27223805,14.54524541,14.7033235,13.8474744,50.74528424,0.0,0.540588258
TOX-2163,1,1,51.26715721603432,9.883888251797686,8.002963191274011,4.480036098071047,0.0,1.231114822903593,0,0.3491348695947509,2.966003316749585,7.396825396825397,17.425816834628634,13.30315401246465,48.76993635040738,34.08525711732677,0.0,1.8559802418677669
TOX-19000,1,1,54.51096639686426,79.8279336880037,2.5176100724211814,4.502461804831992,0.0,1.1447234962853878,0,0.0901344727757743,2.410130718954248,3.877551020408163,14.540227415134986,15.59451624102318,50.65766387447928,12.08368165829592,0.1921423847316703,0.9889368717896228
TOX-30004,1,0,48.71990565,0.0,6.027335679,1.27548875,0.0,1.247290716,1,0.842446185,4.520576132,7.960493827,14.56323168,14.7081645,0.0,17.09049723,0.0,0.767927615
TOX-77213,1,0,51.70858598,36.19690687,7.008269302,4.125590189,0.0,1.147411032,0,0.300931354,2.478562802,4.863636364,14.54368647,14.702711,43.2310111,29.43552752,0.167334538,0.99503026
TOX-6455,1,1,42.98494289,0.0,7.008270409,2.538897615,0.0,1.291290578,1,0.687399485,4.087962963,12.47058824,13.64308137,14.70090809,0.0,23.97274138,0.0,1.987451476
TOX-3575,1,4,50.71293139576796,9.799819461700956,2.0558703973619505,4.251506781530144,0.0,1.1609158957436954,0,0.2670789201811529,1.8417874396135268,3.0232558139534884,14.5444732872688,15.591633516705286,44.94575136048208,48.062526743647176,0.0,1.837065334440401
TOX-21193,1,2,51.85024917,17.03264387,3.515268762,4.410000207,0.0,1.166865704,0,0.264805528,2.326767677,4.692307692,14.54327314,14.70549059,55.69367355,32.20901763,0.0,0.996623291
TOX-2496,1,0,56.79004231,83.45613414,3.509645576,3.898135755,0.0,1.043848676,0,0.289741226,2.700466727,5.226680384,14.54453238,14.70681874,17.23086937,32.14689207,0.0,0.256011885
TOX-6608,1,0,43.59076061,0.0,8.002983715,3.098223153,5.687386275,1.266799033,1,0.742893388,4.191570881,11.31034483,14.59649872,14.65045727,30.89228343,14.95314949,0.0,0.988718403
TOX-4320,1,0,54.3889406,18.74738413,7.008268985,4.101057931,5.239211713,0.626844365,0,0.354565463,2.714634774,5.158392435,14.54452496,14.70271089,13.8474744,35.52624427,0.0,0.656192132
TOX-1710,1,0,33.87790329708932,0.0,8.002981276059012,2.0943609377704338,11.374772549367124,1.4757672121270615,0,0.9046242961295824,5.305555555555555,16.875,14.596489660392516,14.650457272167657,0.0,9.846622097635342,0.0,2.7771343914918303
TOX-34694,1,0,57.02159879,45.04579393,6.002602083,4.015049506,0.0,0.614684629,1,0.323438372,2.701930654,5.264197531,14.54022383,14.70816189,29.71805806,17.69312463,0.0,0.646728987
TOX-30609,1,2,47.97058953472204,0.0,7.009396230622789,5.707279929950797,0.0,1.153255032100365,10,0.4975709997397431,3.158799533799534,6.2695035460992905,14.537843257096402,14.69972290287775,79.06152178217057,167.58422381736997,-2.2712672347197307,0.9927591208305484
TOX-8791,1,1,50.54327669,27.2493422,8.001920603,4.236513548,0.0,1.154617566,0,0.408731449,2.948754789,7.2,17.42477259,13.30411977,36.04127517,48.43222007,-0.470452038,1.857042187
TOX-1866,1,1,49.89576793,4.899909731,7.009357828,3.947105446,0.0,1.160272421,0,0.436784469,2.97345679,7.255813953,14.54391307,14.6997246,29.62045354,49.18363788,0.0,0.996276586
TOX-13234,1,0,57.15796515,41.3336137,7.009353152,2.47548875,0.0,1.037172584,0,0.897136681,3.576023392,9.606721536,13.64494202,14.69976285,0.0,35.8125538,0.0,0.251450382
TOX-2279,1,1,51.67496695236696,4.899909730850478,8.007385240450017,3.7796316345012375,0.0,0.6282312922843204,0,0.477822791712325,3.0214677640603567,8.61498708010336,17.430698074482493,13.302791023654509,11.984273114623004,32.08476650803001,-4.327412722033258,0.66065055977957
TOX-2622,1,1,51.98496462,23.33073739,7.008271007,4.383582101,5.907179729,1.23097682,0,0.301692376,2.739087302,5.555555556,14.54426009,14.70249256,41.60472666,37.55115622,0.0,0.996274478
TOX-2718,1,1,52.57084568,4.899909731,8.001919451,4.046542671,0.0,1.160981881,1,0.357878678,2.931776003,6.76744772,17.4247717,13.3041207,41.60472666,35.42395129,-0.800575495,0.774002152
TOX-4461,1,0,51.332179768923794,0.0,7.008266814645134,3.0265033099086853,0.0,1.4221681424437338,0,0.3177573617262899,3.315656565656566,6.090909090909091,14.5378180196209,14.70271863977796,23.70254749838545,5.783244946364939,0.0,0.988007987078764
TOX-49790,1,0,52.06974433193748,78.25420492492408,3.517930119489818,4.8344307465433625,0.0,1.3439423019577244,0,0.3054232446372344,2.969057665260197,6.826666666666667,14.554855784438931,14.705490591487688,11.984273114623004,58.37989487348935,0.0,0.99384747121719
TOX-1759,1,0,53.39632397121836,78.24459747723671,2.2815651689389287,4.579892842190298,0.0,1.2376495283143765,0,0.1829783984450743,2.3918650793650795,4.037037037037037,14.54448277748699,15.591631596169025,31.395199005701247,37.12077618364874,0.0,0.9872569003884836
TOX-17855,1,3,51.86578126,4.899909731,7.008272936,4.188239133,0.0,1.178756229,1,0.31412838,2.866557734,6.541666667,14.54327009,14.70120838,23.96854623,41.71397802,-1.783190193,1.8876438
TOX-73234,1,0,50.92069053,0.0,4.004562718,3.400838514,0.0,1.264333414,0,0.298948879,2.925925926,4.740740741,14.5378083,14.70646185,12.48718869,13.15163837,0.0,0.993710322
TOX-40121,1,2,55.64268914,65.37842799,2.268806189,4.10950269,0.0,0.628231029,0,0.296910529,2.414171263,4.919191919,14.54493078,15.59135935,19.26246487,31.07893535,0.0,0.66065215
TOX-2876,1,2,52.97942491976887,68.87222053989068,7.008273712677939,4.241408906900054,0.0,1.0438417914030542,0,0.4459083722850645,2.8546852863792758,7.211705532693187,14.55220823278322,14.701170325168484,27.90571328208881,53.771241911069055,-0.4213608854035438,0.2560083182536122
TOX-4304,1,0,50.86914828,0.0,8.001935511,3.066621573,5.687386275,0.259943446,0,0.853747019,3.160052655,8.992283951,14.59474099,14.65153894,13.8474744,18.13707498,0.0,0.390563388
TOX-20327,1,0,55.06837824,67.27832068,2.267624698,4.462581257,0.0,1.262443256,0,0.093939336,2.433551198,4.666666667,14.54327246,15.59251434,42.52210199,24.03126337,0.0,0.987900156
TOX-20967,1,3,54.95083574,60.89539713,2.532628705,4.099191389,0.0,1.143498601,0,0.099524483,2.514227642,5.0,14.54084981,15.59409625,41.01335526,13.59242839,0.191157407,0.995958246
TOX-7792,1,0,47.93716154,0.0,6.004915428,3.330259565,0.0,1.258205698,3,0.518193418,3.574712644,6.551724138,14.5445319,14.70714934,11.66741788,40.85959229,0.0,0.994944788
TOX-19587,1,0,50.03459997,39.07810447,6.002600534,4.10929683,0.0,1.197011995,1,0.317382308,2.701873385,4.418604651,14.54022879,14.70630459,31.89811458,29.90105741,0.014118769,0.989261527
TOX-15826,1,0,104.334257,45.18174125,7.008265227,1.47548875,0.0,0.999855397,0,0.842446185,2.860148148,6.004839506,13.63669083,14.70272051,0.0,14.63834975,0.0,0.14813639
TOX-1769,1,0,52.9075097,11.94758171,7.008279816,4.174538885,5.559266895,1.231940082,0,0.372498985,2.709743179,6.149116437,14.69236985,14.70269071,36.56168518,34.81757927,0.0,0.773998472
TOX-10106,1,0,47.42858148,0.0,7.007676547,3.531208618,0.0,0.289450735,0,1.045978131,2.223034438,6.27223805,14.54766009,14.70355017,13.8474744,50.74528424,0.0,0.540502968
TOX-63929,1,1,52.91416456,41.11295972,8.001918777,4.27022369,0.0,0.604816242,0,0.425058624,2.682304527,6.218323587,17.42477246,13.30412034,25.68328649,49.21455225,0.0,0.653179664
TOX-11638,1,0,55.61045409,0.0,7.006599582,2.805243491,6.570692695,0.268298995,0,0.85003883,1.920041588,3.806958474,13.63720111,14.70511046,13.8474744,19.02456118,0.0,0.470504346
TOX-1926,1,1,51.35371588,11.82364693,7.008268837,4.280012762,0.0,1.321103695,0,0.285603581,2.471655329,4.625,14.54326711,14.70251646,55.80665561,36.92430586,0.0,0.987936243
TOX-47553,1,1,52.28403711,70.22522803,3.517934202,4.923369001,0.0,1.321087644,0,0.295839235,2.848875661,6.658227848,14.55483897,14.70549059,24.82591636,57.37406372,0.0,0.996623291
TOX-15544,1,3,50.72777248,23.12797005,7.008270958,3.832448981,0.0,1.155139441,0,0.399124572,2.706018519,7.025641026,14.54327827,14.70117413,19.26246487,49.31829898,-0.108680556,0.997571885
TOX-3948,1,0,51.51934916,22.9979273,3.044092359,3.404701918,0.0,1.246032851,0,0.343369817,2.569958848,4.769230769,14.54817379,15.5892377,24.44693557,23.47631664,0.0,0.996968248
TOX-1767,1,0,39.98700741,9.967957042,7.008283439,2.987213465,0.0,1.163982783,3,1.002954131,4.244444444,10.75862069,14.56681939,14.70225135,6.227901171,54.77342,0.0,1.98602348
TOX-1862,1,0,51.20506731,15.62598194,3.036766975,2.774501632,0.0,1.29148071,0,0.685251967,2.904492455,6.835212024,14.557243,15.58605525,0.0,19.04906738,0.0,0.773083371
TOX-47552,1,0,52.19632126,84.07270243,3.517932978,4.902499771,0.0,1.360440312,0,0.300881276,2.918360434,6.615384615,14.55483847,14.70549059,19.41092589,57.37406372,0.0,0.9872569
TOX-72464,1,4,50.62795086,11.82364693,7.00827646,4.833625472,0.0,1.05834516,2,0.377062174,2.605624143,6.08,14.5432833,14.70077948,49.38583399,83.94721932,-2.557408116,0.987869146
TOX-2939,1,2,51.776736785892346,9.883888251797686,7.008273252777091,4.110280106170736,0.0,0.6282309338807776,0,0.5160915076678207,2.776179453262787,6.838574423480084,14.552042389499997,14.7011757794577,19.26246486877803,55.43204343401258,0.0,0.6606521340569164
TOX-22780,1,0,48.20513497,9.799819462,7.009368555,4.931199515,0.0,1.345693038,0,0.544970626,3.107677903,7.540229885,14.54459586,14.69976983,39.97844222,116.8795176,0.0,0.996623258
TOX-3936,1,0,52.55058973,36.50599408,2.53149503,3.531639996,0.0,1.261429307,0,0.167882012,2.576923077,3.538461538,14.54085208,15.59409753,12.48718869,13.08951281,0.0,0.993449562
TOX-1751,1,0,50.53489656,10.03888347,7.014209813,3.882107737,0.0,0.299256151,0,0.485128872,2.977685185,8.392434988,14.54827827,14.70176839,0.0,26.76734223,0.0,0.61589262
TOX-14860,1,0,75.40190996,9.473725908,7.009353146,2.47548875,0.0,0.999374942,0,0.897136681,3.569719298,9.602419753,13.64493901,14.69976285,0.0,34.00747931,0.0,0.14812756
TOX-22100,1,1,48.21206954,11.94758171,7.009354458,3.54886054,0.0,1.141229997,0,0.520904655,2.667892157,5.939393939,14.5448855,14.70179194,26.18620207,48.29612012,-0.347615741,0.987931598
TOX-3856,1,0,48.74858350944861,10.633577208012662,7.009358559037338,4.224318996991817,0.0,1.249178744690154,1,0.4672966186998985,3.015491452991453,5.961538461538462,14.541411185561245,14.70178374364071,50.89458072038333,42.09439765787891,0.0,0.9871521483398494
TOX-3534,1,1,48.90864222,5.316788604,8.001940461,4.427461626,5.687386275,1.240482125,0,0.48457729,3.354377104,8.375,14.59483263,14.65151184,30.89228343,49.07093925,0.0,0.995027451
TOX-12317,1,1,47.4042161,10.63357721,7.010443747,3.681432416,0.0,1.124636595,0,0.543987764,3.028153153,6.324324324,14.54451901,14.70178023,40.53659204,17.84547397,-1.112916667,0.987191924
TOX-40216,1,0,50.47029572,31.40478881,6.003767998,4.298101646,0.0,1.197017506,2,0.377449777,3.030092593,5.622641509,14.54137605,14.70590637,38.00208097,29.40653399,-0.062157466,0.989583565
TOX-16785,1,0,75.0982616,0.0,7.010440727,2.994749494,0.0,0.999374917,0,0.902658029,3.575428571,10.10595147,13.64723676,14.69976038,0.0,50.50830339,0.0,0.14812756
TOX-3888,1,3,47.53104991,0.0,7.010462815,4.51466705,0.0,1.158409902,4,0.532476142,3.564945227,9.253731343,14.53782594,14.70178906,75.76286735,75.0264931,-1.999417698,0.993519902
TOX-16782,1,0,75.49041687434095,10.633577208012662,7.009350844069044,2.487684361509116,0.0,0.999371980814107,0,0.8971366807334199,3.166253968253968,6.911290684624018,14.54151086704563,14.701778090271956,0.0,33.75897707511698,0.0,0.1481275583978476
TOX-43453,1,0,48.5667072,10.63357721,7.00935353,2.747150845,0.0,1.248896804,1,0.893570321,3.381481481,7.200379867,14.5414298,14.70177809,0.0,47.87437294,0.0,0.767109368
TOX-35565,1,0,55.63270918,37.92910911,7.008273756,3.948361827,0.0,1.025470663,0,0.392411723,3.189216427,7.747541079,14.56324241,14.70118903,25.51489228,5.969305288,-0.206202714,0.25376552
TOX-43454,1,0,70.79971983,10.63357721,7.009353484,2.747150845,0.0,0.999372005,1,0.893570321,3.342986667,7.155707502,14.54142768,14.70177809,0.0,44.96947086,0.0,0.148127558
TOX-72474,1,2,47.88952856058118,0.0,7.009411072912478,5.669635776292362,0.0,1.153272361368516,11,0.5023370487356585,3.2062500000000003,6.318840579710145,14.537842822840105,14.699771326843097,79.06152178217059,165.58095367093316,-2.3254055567151948,0.9927591259037076
TOX-2112,1,0,55.41307877,4.899909731,2.128074213,2.719125699,0.0,1.276504251,0,0.680367236,2.029835391,2.274204029,14.54389406,15.59209681,0.0,36.79710142,0.0,0.767070867
TOX-3490,1,1,53.6281061,29.165378,7.008272774,4.646962012,0.0,1.154995932,1,0.280644801,2.758825691,5.606043855,14.54532392,14.70254992,35.95281934,54.54313977,-1.604719464,0.773992415
TOX-57379,1,0,52.62316853,10.21669833,8.001923718,4.627638632,0.0,0.627734148,0,0.494798664,2.865514905,6.143880506,17.42477503,13.30411727,30.89228343,73.20843608,0.0,0.626948571
TOX-37486,1,4,47.94712360057338,27.694948798762496,7.00830453825829,5.845188112419852,0.0,1.103595277355892,3,0.4835208323798936,2.612938596491228,5.890410958904109,13.649821420886374,14.700220011474077,127.02476660324032,157.8291360995781,-6.6553321323644905,0.9930089810268762
TOX-2369,1,3,46.86802701,0.0,7.010465712,4.519369989,0.0,1.157963081,5,0.563721831,3.670524691,9.529411765,14.53782725,14.70178883,68.83913015,86.73990246,-2.240737143,0.993724785
TOX-43641,1,0,70.31666265,10.63357721,7.009352071,3.178365323,0.0,0.999372001,0,0.718415338,2.741377778,5.291883712,14.54142328,14.70177809,19.26246487,33.75897708,0.0,0.148127558
TOX-4417,1,2,48.72852630174716,12.240525803696954,7.010443059316775,3.9684949749636993,0.0,1.1731000551039037,1,0.4522928028181309,2.86489898989899,6.1395348837209305,14.540338893560731,14.701781284332334,45.95158251401131,28.80809818765696,0.0,0.9930577565446002
TOX-70570,1,3,48.472345574925946,6.578935683598497,7.010457593193444,4.882422114058277,0.0,1.0474978215783055,2,0.4681503480562412,2.896262002743484,6.278481012658228,14.544546138600586,14.699762436778332,67.22570968984778,88.58997201026344,-7.309575887651508,0.9916101662221928
TOX-3464,1,2,48.8697273,5.316788604,7.012673104,5.317226464,0.0,1.069300761,4,0.482928009,3.223000479,7.945945946,14.54032286,14.69975875,90.19482184,110.2443432,-8.643700808,0.988449465
TOX-11529,1,2,48.44009516,6.076020107,7.009362971,4.280260382,0.0,1.048555717,1,0.508106365,2.941161616,7.730769231,13.64585464,14.69976921,40.53659204,60.27581826,-2.086940665,0.995011774
TOX-2098,1,2,51.90292110746935,40.68505306691473,7.00827080144531,4.776369643990389,0.0,1.1287709097716006,1,0.2078476884487982,2.466239316239316,4.476190476190476,13.636966710411292,14.702420677317152,103.03006801141656,16.490823152189332,-0.3177719373830037,0.9875321404158054
TOX-4409,1,3,51.87553791,40.14130784,7.008269946,4.135024713,0.0,1.09124608,0,0.340538356,2.455188679,6.723404255,14.54453011,14.70250953,24.82591636,48.69113228,0.130277778,1.896019576
TOX-35545,1,3,47.09286845,0.0,7.010464561,4.434573065,0.0,1.158410032,5,0.543303148,3.680555556,9.5,14.53782552,14.70178906,75.76286735,73.02322296,-2.018219351,0.993596603
TOX-13370,1,3,50.31308696,12.99975731,7.010459437,5.025594982,0.0,1.058733668,4,0.330741974,2.827794312,5.728395062,13.64043646,14.70178907,81.07318409,61.18587882,-6.371892934,0.99108116
TOX-17723,1,2,45.02727424,56.49624036,7.017165204,5.543256798,17.72153919,0.610027023,8,0.819623305,3.669419176,8.800535475,14.56653059,14.70177454,101.7905781,246.589925,-6.050608282,0.650217768
TOX-4020,1,0,38.38096768,0.0,7.010481477,2.817202831,0.0,1.164378561,4,0.913629473,5.666666667,13.33333333,13.64719208,14.69977238,12.84164325,43.93507625,-2.738425926,1.985962623
TOX-7405,1,0,65.32705725,0.0,1.635161532,2.266666667,0.0,0.625046571,0,0.761149441,1.605820106,1.176954733,12.97586065,20.47403773,0.0,23.2657141,0.0,0.651748262
TOX-17778,1,8,47.10964411119806,26.847231705905752,7.0105302546024255,5.943470625245724,0.0,1.0595855510303605,13,0.5633200980065228,3.106952519379845,7.066666666666666,13.658816296757516,14.699762450176332,107.25938615769768,227.25384224681483,-5.151282913422963,0.9916474069431408
TOX-47492,1,0,54.87901614,0.0,7.008266697,3.172413793,5.239211713,0.628125714,0,0.730368562,2.594797178,4.513409962,14.54531019,14.70271241,13.8474744,46.54442204,0.0,0.650666019
TOX-2199,1,3,49.1963414570409,15.950255320259297,7.009368630210474,4.879422080325051,0.0,1.1302974797003489,0,0.4867386413797035,3.053995006242198,7.928571428571429,14.548258324439804,14.699723642251262,40.49885223731425,89.77872966268832,0.0,0.996622731802936
TOX-4375,1,0,35.59819456,0.0,8.00186395,1.094360938,0.0,1.449756306,1,0.995522031,6.452380952,16.25,17.42476475,13.30412384,0.0,17.75042366,0.0,1.992574894
TOX-7078,1,0,40.32682937,4.736862954,8.001863812,1.669502543,0.0,1.449337377,0,0.865108025,4.8,12.90909091,17.42476492,13.30412372,0.0,19.7536938,0.0,0.997579301
TOX-21153,1,7,47.51362778,6.9237372,7.00939507,5.768288519,0.0,1.060931906,8,0.552332234,2.85897785,6.910344828,13.65448093,14.6997695,112.1714611,188.3252472,-1.899533677,0.993056768
TOX-46214,1,3,50.63558469,6.9237372,7.010666754,4.86424566,0.0,1.063751124,2,0.358607108,2.831196581,6.459459459,13.65237851,14.69729978,90.03996374,39.77458861,-3.592686342,0.992405275
TOX-21685,1,6,46.95737908,0.0,7.009400182,5.798055634,0.0,1.132812936,11,0.596467156,3.185097834,7.802631579,13.65575668,14.70178848,102.0551602,221.7706682,-1.537993002,0.993054282
TOX-19862,1,3,47.99326121,4.983978521,7.008279865,4.630723362,0.0,1.028988252,6,0.533738851,3.097962963,7.342857143,14.54786387,14.7005527,64.36961605,87.59274616,-17.54047406,0.98837239
TOX-5571,1,0,48.42395246,4.523747162,8.001592577,2.401071164,0.0,0.293381552,0,0.912040721,2.101397967,7.406035665,17.42455252,13.3046995,13.8474744,12.76879199,0.0,0.518711859
TOX-48114,1,4,48.84268453,11.82364693,7.009373994,5.132285789,0.0,1.052263896,2,0.489960519,2.87377451,7.125,14.54329343,14.69976949,43.46792794,130.060732,-4.197922411,0.987699044
