number,value,datetime_start,datetime_complete,duration,params_C,params_gamma,params_kernel,state
0,0.8958333333333334,2026-07-13 15:21:21.862200,2026-07-13 15:21:21.862200,0 days 00:00:00,1,0.001,linear,COMPLETE
1,0.875,2026-07-13 15:21:21.862200,2026-07-13 15:21:21.868211,0 days 00:00:00.006011,100,0.001,linear,COMPLETE
2,0.9166666666666666,2026-07-13 15:21:21.868211,2026-07-13 15:21:21.869742,0 days 00:00:00.001531,10,0.001,linear,COMPLETE
3,0.8958333333333334,2026-07-13 15:21:21.869742,2026-07-13 15:21:21.869742,0 days 00:00:00,1,0.001,linear,COMPLETE
4,0.8333333333333334,2026-07-13 15:21:21.869742,2026-07-13 15:21:21.869742,0 days 00:00:00,10,0.001,rbf,COMPLETE
5,0.9166666666666666,2026-07-13 15:21:21.869742,2026-07-13 15:21:21.869742,0 days 00:00:00,10,0.001,linear,COMPLETE
6,0.4375,2026-07-13 15:21:21.869742,2026-07-13 15:21:21.878218,0 days 00:00:00.008476,1,0.0001,rbf,COMPLETE
7,0.875,2026-07-13 15:21:21.878218,2026-07-13 15:21:21.909882,0 days 00:00:00.031664,1000,0.001,linear,COMPLETE
8,0.9375,2026-07-13 15:21:21.909882,2026-07-13 15:21:21.922159,0 days 00:00:00.012277,1000,0.001,rbf,COMPLETE
9,0.875,2026-07-13 15:21:21.922159,2026-07-13 15:21:21.957675,0 days 00:00:00.035516,1000,0.0001,linear,COMPLETE
10,0.8333333333333334,2026-07-13 15:21:21.957675,2026-07-13 15:21:21.968367,0 days 00:00:00.010692,1000,0.0001,rbf,COMPLETE
11,0.8333333333333334,2026-07-13 15:21:21.968367,2026-07-13 15:21:21.971954,0 days 00:00:00.003587,10,0.001,rbf,COMPLETE
12,0.8333333333333334,2026-07-13 15:21:21.971954,2026-07-13 15:21:21.973694,0 days 00:00:00.001740,100,0.001,rbf,COMPLETE
13,0.9375,2026-07-13 15:21:21.975700,2026-07-13 15:21:21.977687,0 days 00:00:00.001987,1000,0.001,rbf,COMPLETE
14,0.8333333333333334,2026-07-13 15:21:21.977687,2026-07-13 15:21:21.977687,0 days 00:00:00,1000,0.0001,rbf,COMPLETE
15,0.9375,2026-07-13 15:21:21.977687,2026-07-13 15:21:21.977687,0 days 00:00:00,1000,0.001,rbf,COMPLETE
16,0.9375,2026-07-13 15:21:21.977687,2026-07-13 15:21:21.983426,0 days 00:00:00.005739,1000,0.001,rbf,COMPLETE
17,0.9375,2026-07-13 15:21:21.983426,2026-07-13 15:21:21.983426,0 days 00:00:00,1000,0.001,rbf,COMPLETE
18,0.8333333333333334,2026-07-13 15:21:21.983426,2026-07-13 15:21:21.989635,0 days 00:00:00.006209,1000,0.0001,rbf,COMPLETE
19,0.8333333333333334,2026-07-13 15:21:21.989635,2026-07-13 15:21:21.991642,0 days 00:00:00.002007,100,0.001,rbf,COMPLETE
20,0.9375,2026-07-13 15:21:21.991642,2026-07-13 15:21:21.993647,0 days 00:00:00.002005,1000,0.001,rbf,COMPLETE
21,0.9375,2026-07-13 15:21:21.993647,2026-07-13 15:21:21.995652,0 days 00:00:00.002005,1000,0.001,rbf,COMPLETE
22,0.9375,2026-07-13 15:21:21.995652,2026-07-13 15:21:21.995652,0 days 00:00:00,1000,0.001,rbf,COMPLETE
23,0.9375,2026-07-13 15:21:21.995652,2026-07-13 15:21:21.995652,0 days 00:00:00,1000,0.001,rbf,COMPLETE
24,0.9375,2026-07-13 15:21:21.995652,2026-07-13 15:21:22.005694,0 days 00:00:00.010042,1000,0.001,rbf,COMPLETE
25,0.9375,2026-07-13 15:21:22.005694,2026-07-13 15:21:22.005694,0 days 00:00:00,1000,0.001,rbf,COMPLETE
26,0.8333333333333334,2026-07-13 15:21:22.005694,2026-07-13 15:21:22.005694,0 days 00:00:00,1000,0.0001,rbf,COMPLETE
27,0.8333333333333334,2026-07-13 15:21:22.005694,2026-07-13 15:21:22.005694,0 days 00:00:00,1,0.001,rbf,COMPLETE
28,0.8333333333333334,2026-07-13 15:21:22.005694,2026-07-13 15:21:22.005694,0 days 00:00:00,100,0.001,rbf,COMPLETE
29,0.8333333333333334,2026-07-13 15:21:22.005694,2026-07-13 15:21:22.005694,0 days 00:00:00,1,0.001,rbf,COMPLETE
30,0.9375,2026-07-13 15:21:22.005694,2026-07-13 15:21:22.005694,0 days 00:00:00,1000,0.001,rbf,COMPLETE
31,0.9375,2026-07-13 15:21:22.005694,2026-07-13 15:21:22.021541,0 days 00:00:00.015847,1000,0.001,rbf,COMPLETE
32,0.9375,2026-07-13 15:21:22.021541,2026-07-13 15:21:22.023547,0 days 00:00:00.002006,1000,0.001,rbf,COMPLETE
33,0.9375,2026-07-13 15:21:22.023547,2026-07-13 15:21:22.025551,0 days 00:00:00.002004,1000,0.001,rbf,COMPLETE
34,0.875,2026-07-13 15:21:22.025551,2026-07-13 15:21:22.069250,0 days 00:00:00.043699,1000,0.001,linear,COMPLETE
35,0.8333333333333334,2026-07-13 15:21:22.069250,2026-07-13 15:21:22.071456,0 days 00:00:00.002206,100,0.001,rbf,COMPLETE
36,0.9166666666666666,2026-07-13 15:21:22.071456,2026-07-13 15:21:22.071456,0 days 00:00:00,10,0.001,linear,COMPLETE
37,0.8333333333333334,2026-07-13 15:21:22.071456,2026-07-13 15:21:22.071456,0 days 00:00:00,1,0.001,rbf,COMPLETE
38,0.875,2026-07-13 15:21:22.071456,2026-07-13 15:21:22.120059,0 days 00:00:00.048603,1000,0.001,linear,COMPLETE
39,0.8333333333333334,2026-07-13 15:21:22.120059,2026-07-13 15:21:22.120059,0 days 00:00:00,1000,0.0001,rbf,COMPLETE
40,0.9166666666666666,2026-07-13 15:21:22.120059,2026-07-13 15:21:22.128818,0 days 00:00:00.008759,10,0.001,linear,COMPLETE
41,0.9375,2026-07-13 15:21:22.128818,2026-07-13 15:21:22.128818,0 days 00:00:00,1000,0.001,rbf,COMPLETE
42,0.9375,2026-07-13 15:21:22.132035,2026-07-13 15:21:22.132035,0 days 00:00:00,1000,0.001,rbf,COMPLETE
43,0.9375,2026-07-13 15:21:22.135539,2026-07-13 15:21:22.135539,0 days 00:00:00,1000,0.001,rbf,COMPLETE
44,0.9375,2026-07-13 15:21:22.135539,2026-07-13 15:21:22.135539,0 days 00:00:00,1000,0.001,rbf,COMPLETE
45,0.9375,2026-07-13 15:21:22.135539,2026-07-13 15:21:22.142292,0 days 00:00:00.006753,1000,0.001,rbf,COMPLETE
46,0.8333333333333334,2026-07-13 15:21:22.142292,2026-07-13 15:21:22.142292,0 days 00:00:00,10,0.0001,rbf,COMPLETE
47,0.9375,2026-07-13 15:21:22.147931,2026-07-13 15:21:22.147931,0 days 00:00:00,1000,0.001,rbf,COMPLETE
48,0.8333333333333334,2026-07-13 15:21:22.147931,2026-07-13 15:21:22.147931,0 days 00:00:00,100,0.001,rbf,COMPLETE
49,0.8958333333333334,2026-07-13 15:21:22.147931,2026-07-13 15:21:22.147931,0 days 00:00:00,1,0.001,linear,COMPLETE
50,0.8333333333333334,2026-07-13 15:21:22.147931,2026-07-13 15:21:22.147931,0 days 00:00:00,1000,0.0001,rbf,COMPLETE
51,0.9375,2026-07-13 15:21:22.147931,2026-07-13 15:21:22.147931,0 days 00:00:00,1000,0.001,rbf,COMPLETE
52,0.9375,2026-07-13 15:21:22.147931,2026-07-13 15:21:22.147931,0 days 00:00:00,1000,0.001,rbf,COMPLETE
53,0.9375,2026-07-13 15:21:22.147931,2026-07-13 15:21:22.163589,0 days 00:00:00.015658,1000,0.001,rbf,COMPLETE
54,0.9375,2026-07-13 15:21:22.163589,2026-07-13 15:21:22.163589,0 days 00:00:00,1000,0.001,rbf,COMPLETE
55,0.9375,2026-07-13 15:21:22.163589,2026-07-13 15:21:22.163589,0 days 00:00:00,1000,0.001,rbf,COMPLETE
56,0.9375,2026-07-13 15:21:22.163589,2026-07-13 15:21:22.163589,0 days 00:00:00,1000,0.001,rbf,COMPLETE
57,0.9375,2026-07-13 15:21:22.163589,2026-07-13 15:21:22.163589,0 days 00:00:00,1000,0.001,rbf,COMPLETE
58,0.9375,2026-07-13 15:21:22.163589,2026-07-13 15:21:22.163589,0 days 00:00:00,1000,0.001,rbf,COMPLETE
59,0.8333333333333334,2026-07-13 15:21:22.163589,2026-07-13 15:21:22.179230,0 days 00:00:00.015641,100,0.0001,rbf,COMPLETE
60,0.9375,2026-07-13 15:21:22.179230,2026-07-13 15:21:22.179230,0 days 00:00:00,1000,0.001,rbf,COMPLETE
61,0.9375,2026-07-13 15:21:22.179230,2026-07-13 15:21:22.179230,0 days 00:00:00,1000,0.001,rbf,COMPLETE
62,0.9375,2026-07-13 15:21:22.179230,2026-07-13 15:21:22.179230,0 days 00:00:00,1000,0.001,rbf,COMPLETE
63,0.9375,2026-07-13 15:21:22.179230,2026-07-13 15:21:22.179230,0 days 00:00:00,1000,0.001,rbf,COMPLETE
64,0.9375,2026-07-13 15:21:22.179230,2026-07-13 15:21:22.179230,0 days 00:00:00,1000,0.001,rbf,COMPLETE
65,0.8333333333333334,2026-07-13 15:21:22.179230,2026-07-13 15:21:22.179230,0 days 00:00:00,1,0.001,rbf,COMPLETE
66,0.8333333333333334,2026-07-13 15:21:22.179230,2026-07-13 15:21:22.195422,0 days 00:00:00.016192,10,0.001,rbf,COMPLETE
67,0.875,2026-07-13 15:21:22.195422,2026-07-13 15:21:22.240544,0 days 00:00:00.045122,1000,0.001,linear,COMPLETE
68,0.9375,2026-07-13 15:21:22.240544,2026-07-13 15:21:22.245353,0 days 00:00:00.004809,1000,0.001,rbf,COMPLETE
69,0.9375,2026-07-13 15:21:22.245720,2026-07-13 15:21:22.245720,0 days 00:00:00,1000,0.001,rbf,COMPLETE
70,0.8333333333333334,2026-07-13 15:21:22.245720,2026-07-13 15:21:22.245720,0 days 00:00:00,1000,0.0001,rbf,COMPLETE
71,0.9375,2026-07-13 15:21:22.245720,2026-07-13 15:21:22.245720,0 days 00:00:00,1000,0.001,rbf,COMPLETE
72,0.9375,2026-07-13 15:21:22.245720,2026-07-13 15:21:22.245720,0 days 00:00:00,1000,0.001,rbf,COMPLETE
73,0.9375,2026-07-13 15:21:22.245720,2026-07-13 15:21:22.245720,0 days 00:00:00,1000,0.001,rbf,COMPLETE
74,0.9375,2026-07-13 15:21:22.245720,2026-07-13 15:21:22.259247,0 days 00:00:00.013527,1000,0.001,rbf,COMPLETE
75,0.8333333333333334,2026-07-13 15:21:22.259247,2026-07-13 15:21:22.259247,0 days 00:00:00,100,0.001,rbf,COMPLETE
76,0.875,2026-07-13 15:21:22.259247,2026-07-13 15:21:22.306783,0 days 00:00:00.047536,1000,0.001,linear,COMPLETE
77,0.8333333333333334,2026-07-13 15:21:22.306783,2026-07-13 15:21:22.309011,0 days 00:00:00.002228,10,0.001,rbf,COMPLETE
78,0.8333333333333334,2026-07-13 15:21:22.309011,2026-07-13 15:21:22.309011,0 days 00:00:00,1,0.001,rbf,COMPLETE
79,0.9375,2026-07-13 15:21:22.309011,2026-07-13 15:21:22.309011,0 days 00:00:00,1000,0.001,rbf,COMPLETE
80,0.9375,2026-07-13 15:21:22.309011,2026-07-13 15:21:22.309011,0 days 00:00:00,1000,0.001,rbf,COMPLETE
81,0.9375,2026-07-13 15:21:22.309011,2026-07-13 15:21:22.322963,0 days 00:00:00.013952,1000,0.001,rbf,COMPLETE
82,0.9375,2026-07-13 15:21:22.322963,2026-07-13 15:21:22.322963,0 days 00:00:00,1000,0.001,rbf,COMPLETE
83,0.9375,2026-07-13 15:21:22.322963,2026-07-13 15:21:22.322963,0 days 00:00:00,1000,0.001,rbf,COMPLETE
84,0.9375,2026-07-13 15:21:22.322963,2026-07-13 15:21:22.322963,0 days 00:00:00,1000,0.001,rbf,COMPLETE
85,0.9375,2026-07-13 15:21:22.322963,2026-07-13 15:21:22.322963,0 days 00:00:00,1000,0.001,rbf,COMPLETE
86,0.8333333333333334,2026-07-13 15:21:22.322963,2026-07-13 15:21:22.322963,0 days 00:00:00,1000,0.0001,rbf,COMPLETE
87,0.875,2026-07-13 15:21:22.322963,2026-07-13 15:21:22.370594,0 days 00:00:00.047631,1000,0.001,linear,COMPLETE
88,0.9375,2026-07-13 15:21:22.370594,2026-07-13 15:21:22.370594,0 days 00:00:00,1000,0.001,rbf,COMPLETE
89,0.8333333333333334,2026-07-13 15:21:22.370594,2026-07-13 15:21:22.386476,0 days 00:00:00.015882,100,0.001,rbf,COMPLETE
90,0.9375,2026-07-13 15:21:22.389203,2026-07-13 15:21:22.390952,0 days 00:00:00.001749,1000,0.001,rbf,COMPLETE
91,0.9375,2026-07-13 15:21:22.390952,2026-07-13 15:21:22.393915,0 days 00:00:00.002963,1000,0.001,rbf,COMPLETE
92,0.9375,2026-07-13 15:21:22.393915,2026-07-13 15:21:22.393915,0 days 00:00:00,1000,0.001,rbf,COMPLETE
93,0.9375,2026-07-13 15:21:22.393915,2026-07-13 15:21:22.393915,0 days 00:00:00,1000,0.001,rbf,COMPLETE
94,0.9375,2026-07-13 15:21:22.393915,2026-07-13 15:21:22.401715,0 days 00:00:00.007800,1000,0.001,rbf,COMPLETE
95,0.8333333333333334,2026-07-13 15:21:22.401715,2026-07-13 15:21:22.401715,0 days 00:00:00,1,0.001,rbf,COMPLETE
96,0.9375,2026-07-13 15:21:22.401715,2026-07-13 15:21:22.401715,0 days 00:00:00,1000,0.001,rbf,COMPLETE
97,0.8333333333333334,2026-07-13 15:21:22.401715,2026-07-13 15:21:22.401715,0 days 00:00:00,10,0.001,rbf,COMPLETE
98,0.8333333333333334,2026-07-13 15:21:22.401715,2026-07-13 15:21:22.401715,0 days 00:00:00,1000,0.0001,rbf,COMPLETE
99,0.9375,2026-07-13 15:21:22.401715,2026-07-13 15:21:22.401715,0 days 00:00:00,1000,0.001,rbf,COMPLETE
100,0.875,2026-07-13 15:21:22.401715,2026-07-13 15:21:22.449603,0 days 00:00:00.047888,1000,0.001,linear,COMPLETE
101,0.9375,2026-07-13 15:21:22.449603,2026-07-13 15:21:22.465638,0 days 00:00:00.016035,1000,0.001,rbf,COMPLETE
102,0.9375,2026-07-13 15:21:22.465638,2026-07-13 15:21:22.467850,0 days 00:00:00.002212,1000,0.001,rbf,COMPLETE
103,0.9375,2026-07-13 15:21:22.467850,2026-07-13 15:21:22.471905,0 days 00:00:00.004055,1000,0.001,rbf,COMPLETE
104,0.9375,2026-07-13 15:21:22.471905,2026-07-13 15:21:22.475260,0 days 00:00:00.003355,1000,0.001,rbf,COMPLETE
105,0.9375,2026-07-13 15:21:22.475260,2026-07-13 15:21:22.478227,0 days 00:00:00.002967,1000,0.001,rbf,COMPLETE
106,0.9375,2026-07-13 15:21:22.478227,2026-07-13 15:21:22.481564,0 days 00:00:00.003337,1000,0.001,rbf,COMPLETE
107,0.9375,2026-07-13 15:21:22.481564,2026-07-13 15:21:22.481564,0 days 00:00:00,1000,0.001,rbf,COMPLETE
108,0.8333333333333334,2026-07-13 15:21:22.481564,2026-07-13 15:21:22.481564,0 days 00:00:00,100,0.001,rbf,COMPLETE
109,0.9375,2026-07-13 15:21:22.481564,2026-07-13 15:21:22.481564,0 days 00:00:00,1000,0.001,rbf,COMPLETE
110,0.8333333333333334,2026-07-13 15:21:22.481564,2026-07-13 15:21:22.481564,0 days 00:00:00,1,0.001,rbf,COMPLETE
111,0.9375,2026-07-13 15:21:22.481564,2026-07-13 15:21:22.481564,0 days 00:00:00,1000,0.001,rbf,COMPLETE
112,0.9375,2026-07-13 15:21:22.481564,2026-07-13 15:21:22.481564,0 days 00:00:00,1000,0.001,rbf,COMPLETE
113,0.9375,2026-07-13 15:21:22.481564,2026-07-13 15:21:22.497662,0 days 00:00:00.016098,1000,0.001,rbf,COMPLETE
114,0.9375,2026-07-13 15:21:22.497662,2026-07-13 15:21:22.497662,0 days 00:00:00,1000,0.001,rbf,COMPLETE
115,0.8333333333333334,2026-07-13 15:21:22.497662,2026-07-13 15:21:22.497662,0 days 00:00:00,1000,0.0001,rbf,COMPLETE
116,0.8333333333333334,2026-07-13 15:21:22.497662,2026-07-13 15:21:22.497662,0 days 00:00:00,10,0.001,rbf,COMPLETE
117,0.875,2026-07-13 15:21:22.497662,2026-07-13 15:21:22.545527,0 days 00:00:00.047865,1000,0.001,linear,COMPLETE
118,0.9375,2026-07-13 15:21:22.545527,2026-07-13 15:21:22.545527,0 days 00:00:00,1000,0.001,rbf,COMPLETE
119,0.9375,2026-07-13 15:21:22.545527,2026-07-13 15:21:22.545527,0 days 00:00:00,1000,0.001,rbf,COMPLETE
120,0.9375,2026-07-13 15:21:22.561340,2026-07-13 15:21:22.561340,0 days 00:00:00,1000,0.001,rbf,COMPLETE
121,0.9375,2026-07-13 15:21:22.561340,2026-07-13 15:21:22.561340,0 days 00:00:00,1000,0.001,rbf,COMPLETE
122,0.9375,2026-07-13 15:21:22.561340,2026-07-13 15:21:22.561340,0 days 00:00:00,1000,0.001,rbf,COMPLETE
123,0.9375,2026-07-13 15:21:22.561340,2026-07-13 15:21:22.561340,0 days 00:00:00,1000,0.001,rbf,COMPLETE
124,0.9375,2026-07-13 15:21:22.561340,2026-07-13 15:21:22.561340,0 days 00:00:00,1000,0.001,rbf,COMPLETE
125,0.9375,2026-07-13 15:21:22.561340,2026-07-13 15:21:22.577092,0 days 00:00:00.015752,1000,0.001,rbf,COMPLETE
126,0.9375,2026-07-13 15:21:22.577092,2026-07-13 15:21:22.577092,0 days 00:00:00,1000,0.001,rbf,COMPLETE
127,0.9375,2026-07-13 15:21:22.577092,2026-07-13 15:21:22.577092,0 days 00:00:00,1000,0.001,rbf,COMPLETE
128,0.9375,2026-07-13 15:21:22.577092,2026-07-13 15:21:22.577092,0 days 00:00:00,1000,0.001,rbf,COMPLETE
129,0.8333333333333334,2026-07-13 15:21:22.577092,2026-07-13 15:21:22.577092,0 days 00:00:00,1000,0.0001,rbf,COMPLETE
130,0.8333333333333334,2026-07-13 15:21:22.577092,2026-07-13 15:21:22.577092,0 days 00:00:00,100,0.001,rbf,COMPLETE
131,0.9375,2026-07-13 15:21:22.577092,2026-07-13 15:21:22.593205,0 days 00:00:00.016113,1000,0.001,rbf,COMPLETE
132,0.9375,2026-07-13 15:21:22.593205,2026-07-13 15:21:22.593205,0 days 00:00:00,1000,0.001,rbf,COMPLETE
133,0.9375,2026-07-13 15:21:22.593205,2026-07-13 15:21:22.593205,0 days 00:00:00,1000,0.001,rbf,COMPLETE
134,0.9375,2026-07-13 15:21:22.593205,2026-07-13 15:21:22.593205,0 days 00:00:00,1000,0.001,rbf,COMPLETE
135,0.9375,2026-07-13 15:21:22.593205,2026-07-13 15:21:22.593205,0 days 00:00:00,1000,0.001,rbf,COMPLETE
136,0.8958333333333334,2026-07-13 15:21:22.593205,2026-07-13 15:21:22.593205,0 days 00:00:00,1,0.001,linear,COMPLETE
137,0.8333333333333334,2026-07-13 15:21:22.593205,2026-07-13 15:21:22.608895,0 days 00:00:00.015690,10,0.001,rbf,COMPLETE
138,0.9375,2026-07-13 15:21:22.608895,2026-07-13 15:21:22.608895,0 days 00:00:00,1000,0.001,rbf,COMPLETE
139,0.9375,2026-07-13 15:21:22.608895,2026-07-13 15:21:22.608895,0 days 00:00:00,1000,0.001,rbf,COMPLETE
140,0.9375,2026-07-13 15:21:22.608895,2026-07-13 15:21:22.608895,0 days 00:00:00,1000,0.001,rbf,COMPLETE
141,0.9375,2026-07-13 15:21:22.608895,2026-07-13 15:21:22.608895,0 days 00:00:00,1000,0.001,rbf,COMPLETE
142,0.9375,2026-07-13 15:21:22.608895,2026-07-13 15:21:22.624684,0 days 00:00:00.015789,1000,0.001,rbf,COMPLETE
143,0.9375,2026-07-13 15:21:22.624684,2026-07-13 15:21:22.626693,0 days 00:00:00.002009,1000,0.001,rbf,COMPLETE
144,0.9375,2026-07-13 15:21:22.626693,2026-07-13 15:21:22.628696,0 days 00:00:00.002003,1000,0.001,rbf,COMPLETE
145,0.9375,2026-07-13 15:21:22.628696,2026-07-13 15:21:22.632702,0 days 00:00:00.004006,1000,0.001,rbf,COMPLETE
146,0.9375,2026-07-13 15:21:22.632702,2026-07-13 15:21:22.634706,0 days 00:00:00.002004,1000,0.001,rbf,COMPLETE
147,0.9375,2026-07-13 15:21:22.634706,2026-07-13 15:21:22.638713,0 days 00:00:00.004007,1000,0.001,rbf,COMPLETE
148,0.9375,2026-07-13 15:21:22.638713,2026-07-13 15:21:22.640458,0 days 00:00:00.001745,1000,0.001,rbf,COMPLETE
149,0.9375,2026-07-13 15:21:22.640458,2026-07-13 15:21:22.640458,0 days 00:00:00,1000,0.001,rbf,COMPLETE
150,0.9375,2026-07-13 15:21:22.640458,2026-07-13 15:21:22.640458,0 days 00:00:00,1000,0.001,rbf,COMPLETE
151,0.9375,2026-07-13 15:21:22.640458,2026-07-13 15:21:22.649251,0 days 00:00:00.008793,1000,0.001,rbf,COMPLETE
152,0.9375,2026-07-13 15:21:22.649251,2026-07-13 15:21:22.649251,0 days 00:00:00,1000,0.001,rbf,COMPLETE
153,0.9375,2026-07-13 15:21:22.649251,2026-07-13 15:21:22.656349,0 days 00:00:00.007098,1000,0.001,rbf,COMPLETE
154,0.8333333333333334,2026-07-13 15:21:22.656349,2026-07-13 15:21:22.656349,0 days 00:00:00,1000,0.0001,rbf,COMPLETE
155,0.9375,2026-07-13 15:21:22.656349,2026-07-13 15:21:22.656349,0 days 00:00:00,1000,0.001,rbf,COMPLETE
156,0.875,2026-07-13 15:21:22.656349,2026-07-13 15:21:22.664195,0 days 00:00:00.007846,100,0.001,linear,COMPLETE
157,0.9375,2026-07-13 15:21:22.664195,2026-07-13 15:21:22.664195,0 days 00:00:00,1000,0.001,rbf,COMPLETE
158,0.9375,2026-07-13 15:21:22.664195,2026-07-13 15:21:22.672286,0 days 00:00:00.008091,1000,0.001,rbf,COMPLETE
159,0.9375,2026-07-13 15:21:22.672286,2026-07-13 15:21:22.672286,0 days 00:00:00,1000,0.001,rbf,COMPLETE
160,0.8333333333333334,2026-07-13 15:21:22.672286,2026-07-13 15:21:22.672286,0 days 00:00:00,1,0.001,rbf,COMPLETE
161,0.9375,2026-07-13 15:21:22.672286,2026-07-13 15:21:22.672286,0 days 00:00:00,1000,0.001,rbf,COMPLETE
162,0.9375,2026-07-13 15:21:22.672286,2026-07-13 15:21:22.672286,0 days 00:00:00,1000,0.001,rbf,COMPLETE
163,0.9375,2026-07-13 15:21:22.672286,2026-07-13 15:21:22.688224,0 days 00:00:00.015938,1000,0.001,rbf,COMPLETE
164,0.9375,2026-07-13 15:21:22.688224,2026-07-13 15:21:22.688224,0 days 00:00:00,1000,0.001,rbf,COMPLETE
165,0.8333333333333334,2026-07-13 15:21:22.688224,2026-07-13 15:21:22.688224,0 days 00:00:00,10,0.001,rbf,COMPLETE
166,0.9375,2026-07-13 15:21:22.688224,2026-07-13 15:21:22.688224,0 days 00:00:00,1000,0.001,rbf,COMPLETE
167,0.9375,2026-07-13 15:21:22.688224,2026-07-13 15:21:22.688224,0 days 00:00:00,1000,0.001,rbf,COMPLETE
168,0.9375,2026-07-13 15:21:22.688224,2026-07-13 15:21:22.703911,0 days 00:00:00.015687,1000,0.001,rbf,COMPLETE
169,0.9375,2026-07-13 15:21:22.703911,2026-07-13 15:21:22.703911,0 days 00:00:00,1000,0.001,rbf,COMPLETE
170,0.9375,2026-07-13 15:21:22.703911,2026-07-13 15:21:22.703911,0 days 00:00:00,1000,0.001,rbf,COMPLETE
171,0.9375,2026-07-13 15:21:22.703911,2026-07-13 15:21:22.703911,0 days 00:00:00,1000,0.001,rbf,COMPLETE
172,0.9375,2026-07-13 15:21:22.703911,2026-07-13 15:21:22.703911,0 days 00:00:00,1000,0.001,rbf,COMPLETE
173,0.9375,2026-07-13 15:21:22.703911,2026-07-13 15:21:22.703911,0 days 00:00:00,1000,0.001,rbf,COMPLETE
174,0.9375,2026-07-13 15:21:22.703911,2026-07-13 15:21:22.719992,0 days 00:00:00.016081,1000,0.001,rbf,COMPLETE
175,0.9375,2026-07-13 15:21:22.719992,2026-07-13 15:21:22.719992,0 days 00:00:00,1000,0.001,rbf,COMPLETE
176,0.8333333333333334,2026-07-13 15:21:22.719992,2026-07-13 15:21:22.719992,0 days 00:00:00,1000,0.0001,rbf,COMPLETE
177,0.9375,2026-07-13 15:21:22.719992,2026-07-13 15:21:22.719992,0 days 00:00:00,1000,0.001,rbf,COMPLETE
178,0.9375,2026-07-13 15:21:22.719992,2026-07-13 15:21:22.719992,0 days 00:00:00,1000,0.001,rbf,COMPLETE
179,0.9375,2026-07-13 15:21:22.719992,2026-07-13 15:21:22.719992,0 days 00:00:00,1000,0.001,rbf,COMPLETE
180,0.875,2026-07-13 15:21:22.719992,2026-07-13 15:21:22.767571,0 days 00:00:00.047579,1000,0.001,linear,COMPLETE
181,0.9375,2026-07-13 15:21:22.767571,2026-07-13 15:21:22.783273,0 days 00:00:00.015702,1000,0.001,rbf,COMPLETE
182,0.9375,2026-07-13 15:21:22.783273,2026-07-13 15:21:22.783273,0 days 00:00:00,1000,0.001,rbf,COMPLETE
183,0.9375,2026-07-13 15:21:22.783273,2026-07-13 15:21:22.790731,0 days 00:00:00.007458,1000,0.001,rbf,COMPLETE
184,0.9375,2026-07-13 15:21:22.790731,2026-07-13 15:21:22.794920,0 days 00:00:00.004189,1000,0.001,rbf,COMPLETE
185,0.8333333333333334,2026-07-13 15:21:22.794920,2026-07-13 15:21:22.799343,0 days 00:00:00.004423,100,0.001,rbf,COMPLETE
186,0.9375,2026-07-13 15:21:22.799343,2026-07-13 15:21:22.799343,0 days 00:00:00,1000,0.001,rbf,COMPLETE
187,0.9375,2026-07-13 15:21:22.799343,2026-07-13 15:21:22.799343,0 days 00:00:00,1000,0.001,rbf,COMPLETE
188,0.9375,2026-07-13 15:21:22.799343,2026-07-13 15:21:22.799343,0 days 00:00:00,1000,0.001,rbf,COMPLETE
189,0.8333333333333334,2026-07-13 15:21:22.799343,2026-07-13 15:21:22.799343,0 days 00:00:00,1,0.001,rbf,COMPLETE
190,0.9375,2026-07-13 15:21:22.799343,2026-07-13 15:21:22.815366,0 days 00:00:00.016023,1000,0.001,rbf,COMPLETE
191,0.9375,2026-07-13 15:21:22.815366,2026-07-13 15:21:22.817966,0 days 00:00:00.002600,1000,0.001,rbf,COMPLETE
192,0.9375,2026-07-13 15:21:22.817966,2026-07-13 15:21:22.821976,0 days 00:00:00.004010,1000,0.001,rbf,COMPLETE
193,0.9375,2026-07-13 15:21:22.821976,2026-07-13 15:21:22.823981,0 days 00:00:00.002005,1000,0.001,rbf,COMPLETE
194,0.9375,2026-07-13 15:21:22.823981,2026-07-13 15:21:22.827991,0 days 00:00:00.004010,1000,0.001,rbf,COMPLETE
195,0.9375,2026-07-13 15:21:22.827991,2026-07-13 15:21:22.831002,0 days 00:00:00.003011,1000,0.001,rbf,COMPLETE
196,0.9375,2026-07-13 15:21:22.831002,2026-07-13 15:21:22.832375,0 days 00:00:00.001373,1000,0.001,rbf,COMPLETE
197,0.8333333333333334,2026-07-13 15:21:22.832375,2026-07-13 15:21:22.832375,0 days 00:00:00,10,0.001,rbf,COMPLETE
198,0.9375,2026-07-13 15:21:22.832375,2026-07-13 15:21:22.832375,0 days 00:00:00,1000,0.001,rbf,COMPLETE
199,0.8333333333333334,2026-07-13 15:21:22.832375,2026-07-13 15:21:22.832375,0 days 00:00:00,1000,0.0001,rbf,COMPLETE
200,0.9375,2026-07-13 15:21:22.832375,2026-07-13 15:21:22.832375,0 days 00:00:00,1000,0.001,rbf,COMPLETE
201,0.9375,2026-07-13 15:21:22.832375,2026-07-13 15:21:22.846816,0 days 00:00:00.014441,1000,0.001,rbf,COMPLETE
202,0.9375,2026-07-13 15:21:22.846816,2026-07-13 15:21:22.846816,0 days 00:00:00,1000,0.001,rbf,COMPLETE
203,0.9375,2026-07-13 15:21:22.846816,2026-07-13 15:21:22.846816,0 days 00:00:00,1000,0.001,rbf,COMPLETE
204,0.9375,2026-07-13 15:21:22.846816,2026-07-13 15:21:22.846816,0 days 00:00:00,1000,0.001,rbf,COMPLETE
205,0.9375,2026-07-13 15:21:22.846816,2026-07-13 15:21:22.846816,0 days 00:00:00,1000,0.001,rbf,COMPLETE
206,0.9375,2026-07-13 15:21:22.846816,2026-07-13 15:21:22.862813,0 days 00:00:00.015997,1000,0.001,rbf,COMPLETE
207,0.875,2026-07-13 15:21:22.862813,2026-07-13 15:21:22.910577,0 days 00:00:00.047764,1000,0.001,linear,COMPLETE
208,0.9375,2026-07-13 15:21:22.910577,2026-07-13 15:21:22.913057,0 days 00:00:00.002480,1000,0.001,rbf,COMPLETE
209,0.9375,2026-07-13 15:21:22.913057,2026-07-13 15:21:22.917461,0 days 00:00:00.004404,1000,0.001,rbf,COMPLETE
210,0.9375,2026-07-13 15:21:22.917461,2026-07-13 15:21:22.921452,0 days 00:00:00.003991,1000,0.001,rbf,COMPLETE
211,0.9375,2026-07-13 15:21:22.921452,2026-07-13 15:21:22.924825,0 days 00:00:00.003373,1000,0.001,rbf,COMPLETE
212,0.9375,2026-07-13 15:21:22.924825,2026-07-13 15:21:22.928569,0 days 00:00:00.003744,1000,0.001,rbf,COMPLETE
213,0.9375,2026-07-13 15:21:22.928569,2026-07-13 15:21:22.928569,0 days 00:00:00,1000,0.001,rbf,COMPLETE
214,0.9375,2026-07-13 15:21:22.928569,2026-07-13 15:21:22.928569,0 days 00:00:00,1000,0.001,rbf,COMPLETE
215,0.9375,2026-07-13 15:21:22.928569,2026-07-13 15:21:22.928569,0 days 00:00:00,1000,0.001,rbf,COMPLETE
216,0.9375,2026-07-13 15:21:22.928569,2026-07-13 15:21:22.942785,0 days 00:00:00.014216,1000,0.001,rbf,COMPLETE
217,0.8333333333333334,2026-07-13 15:21:22.942785,2026-07-13 15:21:22.944793,0 days 00:00:00.002008,100,0.001,rbf,COMPLETE
218,0.9375,2026-07-13 15:21:22.944793,2026-07-13 15:21:22.944793,0 days 00:00:00,1000,0.001,rbf,COMPLETE
219,0.9375,2026-07-13 15:21:22.944793,2026-07-13 15:21:22.944793,0 days 00:00:00,1000,0.001,rbf,COMPLETE
220,0.9375,2026-07-13 15:21:22.944793,2026-07-13 15:21:22.944793,0 days 00:00:00,1000,0.001,rbf,COMPLETE
221,0.9375,2026-07-13 15:21:22.944793,2026-07-13 15:21:22.958827,0 days 00:00:00.014034,1000,0.001,rbf,COMPLETE
222,0.9375,2026-07-13 15:21:22.958827,2026-07-13 15:21:22.958827,0 days 00:00:00,1000,0.001,rbf,COMPLETE
223,0.9375,2026-07-13 15:21:22.958827,2026-07-13 15:21:22.958827,0 days 00:00:00,1000,0.001,rbf,COMPLETE
224,0.9375,2026-07-13 15:21:22.958827,2026-07-13 15:21:22.958827,0 days 00:00:00,1000,0.001,rbf,COMPLETE
225,0.9375,2026-07-13 15:21:22.958827,2026-07-13 15:21:22.958827,0 days 00:00:00,1000,0.001,rbf,COMPLETE
226,0.9375,2026-07-13 15:21:22.958827,2026-07-13 15:21:22.958827,0 days 00:00:00,1000,0.001,rbf,COMPLETE
227,0.8333333333333334,2026-07-13 15:21:22.958827,2026-07-13 15:21:22.974649,0 days 00:00:00.015822,1,0.001,rbf,COMPLETE
228,0.9375,2026-07-13 15:21:22.974649,2026-07-13 15:21:22.974649,0 days 00:00:00,1000,0.001,rbf,COMPLETE
229,0.8333333333333334,2026-07-13 15:21:22.974649,2026-07-13 15:21:22.974649,0 days 00:00:00,10,0.0001,rbf,COMPLETE
230,0.9375,2026-07-13 15:21:22.974649,2026-07-13 15:21:22.974649,0 days 00:00:00,1000,0.001,rbf,COMPLETE
231,0.9375,2026-07-13 15:21:22.974649,2026-07-13 15:21:22.974649,0 days 00:00:00,1000,0.001,rbf,COMPLETE
232,0.9375,2026-07-13 15:21:22.974649,2026-07-13 15:21:22.990688,0 days 00:00:00.016039,1000,0.001,rbf,COMPLETE
233,0.9375,2026-07-13 15:21:22.990688,2026-07-13 15:21:22.990688,0 days 00:00:00,1000,0.001,rbf,COMPLETE
234,0.9375,2026-07-13 15:21:22.990688,2026-07-13 15:21:22.990688,0 days 00:00:00,1000,0.001,rbf,COMPLETE
235,0.9375,2026-07-13 15:21:22.990688,2026-07-13 15:21:23.001347,0 days 00:00:00.010659,1000,0.001,rbf,COMPLETE
236,0.9375,2026-07-13 15:21:23.001347,2026-07-13 15:21:23.006690,0 days 00:00:00.005343,1000,0.001,rbf,COMPLETE
237,0.9375,2026-07-13 15:21:23.006690,2026-07-13 15:21:23.006690,0 days 00:00:00,1000,0.001,rbf,COMPLETE
238,0.875,2026-07-13 15:21:23.006690,2026-07-13 15:21:23.038744,0 days 00:00:00.032054,1000,0.001,linear,COMPLETE
239,0.9375,2026-07-13 15:21:23.038744,2026-07-13 15:21:23.056487,0 days 00:00:00.017743,1000,0.001,rbf,COMPLETE
240,0.9375,2026-07-13 15:21:23.056487,2026-07-13 15:21:23.060413,0 days 00:00:00.003926,1000,0.001,rbf,COMPLETE
241,0.9375,2026-07-13 15:21:23.060413,2026-07-13 15:21:23.064065,0 days 00:00:00.003652,1000,0.001,rbf,COMPLETE
242,0.9375,2026-07-13 15:21:23.064065,2026-07-13 15:21:23.067253,0 days 00:00:00.003188,1000,0.001,rbf,COMPLETE
243,0.9375,2026-07-13 15:21:23.067253,2026-07-13 15:21:23.070291,0 days 00:00:00.003038,1000,0.001,rbf,COMPLETE
244,0.9375,2026-07-13 15:21:23.070291,2026-07-13 15:21:23.070291,0 days 00:00:00,1000,0.001,rbf,COMPLETE
245,0.9375,2026-07-13 15:21:23.070291,2026-07-13 15:21:23.070291,0 days 00:00:00,1000,0.001,rbf,COMPLETE
246,0.9375,2026-07-13 15:21:23.070291,2026-07-13 15:21:23.082955,0 days 00:00:00.012664,1000,0.001,rbf,COMPLETE
247,0.9375,2026-07-13 15:21:23.082955,2026-07-13 15:21:23.086324,0 days 00:00:00.003369,1000,0.001,rbf,COMPLETE
248,0.9375,2026-07-13 15:21:23.086324,2026-07-13 15:21:23.086324,0 days 00:00:00,1000,0.001,rbf,COMPLETE
249,0.9375,2026-07-13 15:21:23.086324,2026-07-13 15:21:23.086324,0 days 00:00:00,1000,0.001,rbf,COMPLETE
250,0.9375,2026-07-13 15:21:23.086324,2026-07-13 15:21:23.086324,0 days 00:00:00,1000,0.001,rbf,COMPLETE
251,0.9375,2026-07-13 15:21:23.086324,2026-07-13 15:21:23.086324,0 days 00:00:00,1000,0.001,rbf,COMPLETE
252,0.8333333333333334,2026-07-13 15:21:23.086324,2026-07-13 15:21:23.102294,0 days 00:00:00.015970,100,0.001,rbf,COMPLETE
253,0.9375,2026-07-13 15:21:23.102294,2026-07-13 15:21:23.102294,0 days 00:00:00,1000,0.001,rbf,COMPLETE
254,0.9375,2026-07-13 15:21:23.102294,2026-07-13 15:21:23.102294,0 days 00:00:00,1000,0.001,rbf,COMPLETE
255,0.9375,2026-07-13 15:21:23.102294,2026-07-13 15:21:23.102294,0 days 00:00:00,1000,0.001,rbf,COMPLETE
256,0.9375,2026-07-13 15:21:23.102294,2026-07-13 15:21:23.102294,0 days 00:00:00,1000,0.001,rbf,COMPLETE
257,0.8333333333333334,2026-07-13 15:21:23.102294,2026-07-13 15:21:23.102294,0 days 00:00:00,1000,0.0001,rbf,COMPLETE
258,0.9375,2026-07-13 15:21:23.102294,2026-07-13 15:21:23.118334,0 days 00:00:00.016040,1000,0.001,rbf,COMPLETE
259,0.8333333333333334,2026-07-13 15:21:23.118334,2026-07-13 15:21:23.118334,0 days 00:00:00,1,0.001,rbf,COMPLETE
260,0.9375,2026-07-13 15:21:23.118334,2026-07-13 15:21:23.118334,0 days 00:00:00,1000,0.001,rbf,COMPLETE
261,0.8333333333333334,2026-07-13 15:21:23.118334,2026-07-13 15:21:23.118334,0 days 00:00:00,10,0.001,rbf,COMPLETE
262,0.875,2026-07-13 15:21:23.118334,2026-07-13 15:21:23.166234,0 days 00:00:00.047900,1000,0.001,linear,COMPLETE
263,0.9375,2026-07-13 15:21:23.166234,2026-07-13 15:21:23.166234,0 days 00:00:00,1000,0.001,rbf,COMPLETE
264,0.9375,2026-07-13 15:21:23.166234,2026-07-13 15:21:23.166234,0 days 00:00:00,1000,0.001,rbf,COMPLETE
265,0.9375,2026-07-13 15:21:23.166234,2026-07-13 15:21:23.182291,0 days 00:00:00.016057,1000,0.001,rbf,COMPLETE
266,0.9375,2026-07-13 15:21:23.182291,2026-07-13 15:21:23.187591,0 days 00:00:00.005300,1000,0.001,rbf,COMPLETE
267,0.9375,2026-07-13 15:21:23.187591,2026-07-13 15:21:23.192177,0 days 00:00:00.004586,1000,0.001,rbf,COMPLETE
268,0.9375,2026-07-13 15:21:23.192177,2026-07-13 15:21:23.196309,0 days 00:00:00.004132,1000,0.001,rbf,COMPLETE
269,0.9375,2026-07-13 15:21:23.196309,2026-07-13 15:21:23.200120,0 days 00:00:00.003811,1000,0.001,rbf,COMPLETE
270,0.9375,2026-07-13 15:21:23.200120,2026-07-13 15:21:23.200120,0 days 00:00:00,1000,0.001,rbf,COMPLETE
271,0.9375,2026-07-13 15:21:23.200120,2026-07-13 15:21:23.200120,0 days 00:00:00,1000,0.001,rbf,COMPLETE
272,0.9375,2026-07-13 15:21:23.200120,2026-07-13 15:21:23.200120,0 days 00:00:00,1000,0.001,rbf,COMPLETE
273,0.9375,2026-07-13 15:21:23.200120,2026-07-13 15:21:23.214135,0 days 00:00:00.014015,1000,0.001,rbf,COMPLETE
274,0.9375,2026-07-13 15:21:23.214135,2026-07-13 15:21:23.218930,0 days 00:00:00.004795,1000,0.001,rbf,COMPLETE
275,0.8333333333333334,2026-07-13 15:21:23.219941,2026-07-13 15:21:23.221489,0 days 00:00:00.001548,1000,0.0001,rbf,COMPLETE
276,0.9375,2026-07-13 15:21:23.221489,2026-07-13 15:21:23.221489,0 days 00:00:00,1000,0.001,rbf,COMPLETE
277,0.8333333333333334,2026-07-13 15:21:23.221489,2026-07-13 15:21:23.229874,0 days 00:00:00.008385,100,0.001,rbf,COMPLETE
278,0.9375,2026-07-13 15:21:23.229874,2026-07-13 15:21:23.229874,0 days 00:00:00,1000,0.001,rbf,COMPLETE
279,0.9375,2026-07-13 15:21:23.229874,2026-07-13 15:21:23.229874,0 days 00:00:00,1000,0.001,rbf,COMPLETE
280,0.875,2026-07-13 15:21:23.229874,2026-07-13 15:21:23.277753,0 days 00:00:00.047879,1000,0.001,linear,COMPLETE
281,0.9375,2026-07-13 15:21:23.277753,2026-07-13 15:21:23.277753,0 days 00:00:00,1000,0.001,rbf,COMPLETE
282,0.8333333333333334,2026-07-13 15:21:23.277753,2026-07-13 15:21:23.277753,0 days 00:00:00,1,0.001,rbf,COMPLETE
283,0.9375,2026-07-13 15:21:23.277753,2026-07-13 15:21:23.293718,0 days 00:00:00.015965,1000,0.001,rbf,COMPLETE
284,0.9375,2026-07-13 15:21:23.293718,2026-07-13 15:21:23.297840,0 days 00:00:00.004122,1000,0.001,rbf,COMPLETE
285,0.8333333333333334,2026-07-13 15:21:23.297840,2026-07-13 15:21:23.302256,0 days 00:00:00.004416,10,0.001,rbf,COMPLETE
286,0.9375,2026-07-13 15:21:23.302256,2026-07-13 15:21:23.305637,0 days 00:00:00.003381,1000,0.001,rbf,COMPLETE
287,0.9375,2026-07-13 15:21:23.305637,2026-07-13 15:21:23.309522,0 days 00:00:00.003885,1000,0.001,rbf,COMPLETE
288,0.9375,2026-07-13 15:21:23.309522,2026-07-13 15:21:23.309522,0 days 00:00:00,1000,0.001,rbf,COMPLETE
289,0.9375,2026-07-13 15:21:23.309522,2026-07-13 15:21:23.309522,0 days 00:00:00,1000,0.001,rbf,COMPLETE
290,0.9375,2026-07-13 15:21:23.309522,2026-07-13 15:21:23.309522,0 days 00:00:00,1000,0.001,rbf,COMPLETE
291,0.9375,2026-07-13 15:21:23.309522,2026-07-13 15:21:23.309522,0 days 00:00:00,1000,0.001,rbf,COMPLETE
292,0.9375,2026-07-13 15:21:23.309522,2026-07-13 15:21:23.325344,0 days 00:00:00.015822,1000,0.001,rbf,COMPLETE
293,0.9375,2026-07-13 15:21:23.325344,2026-07-13 15:21:23.325344,0 days 00:00:00,1000,0.001,rbf,COMPLETE
294,0.9375,2026-07-13 15:21:23.325344,2026-07-13 15:21:23.325344,0 days 00:00:00,1000,0.001,rbf,COMPLETE
295,0.8333333333333334,2026-07-13 15:21:23.325344,2026-07-13 15:21:23.325344,0 days 00:00:00,1000,0.0001,rbf,COMPLETE
296,0.9375,2026-07-13 15:21:23.325344,2026-07-13 15:21:23.325344,0 days 00:00:00,1000,0.001,rbf,COMPLETE
297,0.9375,2026-07-13 15:21:23.325344,2026-07-13 15:21:23.341330,0 days 00:00:00.015986,1000,0.001,rbf,COMPLETE
298,0.9375,2026-07-13 15:21:23.341330,2026-07-13 15:21:23.341330,0 days 00:00:00,1000,0.001,rbf,COMPLETE
299,0.875,2026-07-13 15:21:23.341330,2026-07-13 15:21:23.373442,0 days 00:00:00.032112,1000,0.001,linear,COMPLETE
300,0.9375,2026-07-13 15:21:23.373442,2026-07-13 15:21:23.391301,0 days 00:00:00.017859,1000,0.001,rbf,COMPLETE
301,0.8333333333333334,2026-07-13 15:21:23.391301,2026-07-13 15:21:23.397770,0 days 00:00:00.006469,100,0.001,rbf,COMPLETE
302,0.9375,2026-07-13 15:21:23.397770,2026-07-13 15:21:23.402189,0 days 00:00:00.004419,1000,0.001,rbf,COMPLETE
303,0.9375,2026-07-13 15:21:23.402189,2026-07-13 15:21:23.407210,0 days 00:00:00.005021,1000,0.001,rbf,COMPLETE
304,0.9375,2026-07-13 15:21:23.407210,2026-07-13 15:21:23.409668,0 days 00:00:00.002458,1000,0.001,rbf,COMPLETE
305,0.9375,2026-07-13 15:21:23.409668,2026-07-13 15:21:23.409668,0 days 00:00:00,1000,0.001,rbf,COMPLETE
306,0.9375,2026-07-13 15:21:23.409668,2026-07-13 15:21:23.409668,0 days 00:00:00,1000,0.001,rbf,COMPLETE
307,0.8333333333333334,2026-07-13 15:21:23.409668,2026-07-13 15:21:23.409668,0 days 00:00:00,1,0.001,rbf,COMPLETE
308,0.9375,2026-07-13 15:21:23.421088,2026-07-13 15:21:23.421088,0 days 00:00:00,1000,0.001,rbf,COMPLETE
309,0.9375,2026-07-13 15:21:23.421088,2026-07-13 15:21:23.421088,0 days 00:00:00,1000,0.001,rbf,COMPLETE
310,0.9375,2026-07-13 15:21:23.421088,2026-07-13 15:21:23.421088,0 days 00:00:00,1000,0.001,rbf,COMPLETE
311,0.9375,2026-07-13 15:21:23.421088,2026-07-13 15:21:23.421088,0 days 00:00:00,1000,0.001,rbf,COMPLETE
312,0.9375,2026-07-13 15:21:23.421088,2026-07-13 15:21:23.436750,0 days 00:00:00.015662,1000,0.001,rbf,COMPLETE
313,0.8333333333333334,2026-07-13 15:21:23.436750,2026-07-13 15:21:23.438757,0 days 00:00:00.002007,10,0.001,rbf,COMPLETE
314,0.8333333333333334,2026-07-13 15:21:23.438757,2026-07-13 15:21:23.442768,0 days 00:00:00.004011,1000,0.0001,rbf,COMPLETE
315,0.9375,2026-07-13 15:21:23.442768,2026-07-13 15:21:23.446779,0 days 00:00:00.004011,1000,0.001,rbf,COMPLETE
316,0.9375,2026-07-13 15:21:23.446779,2026-07-13 15:21:23.448785,0 days 00:00:00.002006,1000,0.001,rbf,COMPLETE
317,0.9375,2026-07-13 15:21:23.448785,2026-07-13 15:21:23.452439,0 days 00:00:00.003654,1000,0.001,rbf,COMPLETE
318,0.875,2026-07-13 15:21:23.452439,2026-07-13 15:21:23.483952,0 days 00:00:00.031513,1000,0.001,linear,COMPLETE
319,0.9375,2026-07-13 15:21:23.483952,2026-07-13 15:21:23.499856,0 days 00:00:00.015904,1000,0.001,rbf,COMPLETE
320,0.9375,2026-07-13 15:21:23.499856,2026-07-13 15:21:23.506254,0 days 00:00:00.006398,1000,0.001,rbf,COMPLETE
321,0.9375,2026-07-13 15:21:23.506254,2026-07-13 15:21:23.510798,0 days 00:00:00.004544,1000,0.001,rbf,COMPLETE
322,0.9375,2026-07-13 15:21:23.510798,2026-07-13 15:21:23.517576,0 days 00:00:00.006778,1000,0.001,rbf,COMPLETE
323,0.9375,2026-07-13 15:21:23.517576,2026-07-13 15:21:23.521586,0 days 00:00:00.004010,1000,0.001,rbf,COMPLETE
324,0.9375,2026-07-13 15:21:23.521586,2026-07-13 15:21:23.525596,0 days 00:00:00.004010,1000,0.001,rbf,COMPLETE
325,0.8333333333333334,2026-07-13 15:21:23.525596,2026-07-13 15:21:23.527601,0 days 00:00:00.002005,100,0.001,rbf,COMPLETE
326,0.9375,2026-07-13 15:21:23.527601,2026-07-13 15:21:23.531112,0 days 00:00:00.003511,1000,0.001,rbf,COMPLETE
327,0.9375,2026-07-13 15:21:23.531112,2026-07-13 15:21:23.531112,0 days 00:00:00,1000,0.001,rbf,COMPLETE
328,0.9375,2026-07-13 15:21:23.531112,2026-07-13 15:21:23.531112,0 days 00:00:00,1000,0.001,rbf,COMPLETE
329,0.9375,2026-07-13 15:21:23.531112,2026-07-13 15:21:23.531112,0 days 00:00:00,1000,0.001,rbf,COMPLETE
330,0.9375,2026-07-13 15:21:23.531112,2026-07-13 15:21:23.531112,0 days 00:00:00,1000,0.001,rbf,COMPLETE
331,0.9375,2026-07-13 15:21:23.547007,2026-07-13 15:21:23.549015,0 days 00:00:00.002008,1000,0.001,rbf,COMPLETE
332,0.9375,2026-07-13 15:21:23.549015,2026-07-13 15:21:23.549015,0 days 00:00:00,1000,0.001,rbf,COMPLETE
333,0.4375,2026-07-13 15:21:23.549015,2026-07-13 15:21:23.549015,0 days 00:00:00,1,0.0001,rbf,COMPLETE
334,0.8333333333333334,2026-07-13 15:21:23.549015,2026-07-13 15:21:23.549015,0 days 00:00:00,10,0.001,rbf,COMPLETE
335,0.9375,2026-07-13 15:21:23.549015,2026-07-13 15:21:23.562737,0 days 00:00:00.013722,1000,0.001,rbf,COMPLETE
336,0.9375,2026-07-13 15:21:23.562737,2026-07-13 15:21:23.562737,0 days 00:00:00,1000,0.001,rbf,COMPLETE
337,0.9375,2026-07-13 15:21:23.562737,2026-07-13 15:21:23.562737,0 days 00:00:00,1000,0.001,rbf,COMPLETE
338,0.875,2026-07-13 15:21:23.562737,2026-07-13 15:21:23.610634,0 days 00:00:00.047897,1000,0.001,linear,COMPLETE
339,0.9375,2026-07-13 15:21:23.610634,2026-07-13 15:21:23.617334,0 days 00:00:00.006700,1000,0.001,rbf,COMPLETE
340,0.9375,2026-07-13 15:21:23.617334,2026-07-13 15:21:23.622094,0 days 00:00:00.004760,1000,0.001,rbf,COMPLETE
341,0.9375,2026-07-13 15:21:23.622094,2026-07-13 15:21:23.626366,0 days 00:00:00.004272,1000,0.001,rbf,COMPLETE
342,0.9375,2026-07-13 15:21:23.626366,2026-07-13 15:21:23.626366,0 days 00:00:00,1000,0.001,rbf,COMPLETE
343,0.9375,2026-07-13 15:21:23.626366,2026-07-13 15:21:23.626366,0 days 00:00:00,1000,0.001,rbf,COMPLETE
344,0.9375,2026-07-13 15:21:23.626366,2026-07-13 15:21:23.642540,0 days 00:00:00.016174,1000,0.001,rbf,COMPLETE
345,0.9375,2026-07-13 15:21:23.642540,2026-07-13 15:21:23.642540,0 days 00:00:00,1000,0.001,rbf,COMPLETE
346,0.9375,2026-07-13 15:21:23.642540,2026-07-13 15:21:23.649289,0 days 00:00:00.006749,1000,0.001,rbf,COMPLETE
347,0.9375,2026-07-13 15:21:23.649289,2026-07-13 15:21:23.653373,0 days 00:00:00.004084,1000,0.001,rbf,COMPLETE
348,0.9375,2026-07-13 15:21:23.653373,2026-07-13 15:21:23.658359,0 days 00:00:00.004986,1000,0.001,rbf,COMPLETE
349,0.9375,2026-07-13 15:21:23.658359,2026-07-13 15:21:23.658359,0 days 00:00:00,1000,0.001,rbf,COMPLETE
350,0.8333333333333334,2026-07-13 15:21:23.662090,2026-07-13 15:21:23.662593,0 days 00:00:00.000503,100,0.001,rbf,COMPLETE
351,0.9375,2026-07-13 15:21:23.662593,2026-07-13 15:21:23.662593,0 days 00:00:00,1000,0.001,rbf,COMPLETE
352,0.8333333333333334,2026-07-13 15:21:23.662593,2026-07-13 15:21:23.674252,0 days 00:00:00.011659,1000,0.0001,rbf,COMPLETE
353,0.9375,2026-07-13 15:21:23.674252,2026-07-13 15:21:23.677987,0 days 00:00:00.003735,1000,0.001,rbf,COMPLETE
354,0.9375,2026-07-13 15:21:23.677987,2026-07-13 15:21:23.677987,0 days 00:00:00,1000,0.001,rbf,COMPLETE
355,0.9375,2026-07-13 15:21:23.677987,2026-07-13 15:21:23.677987,0 days 00:00:00,1000,0.001,rbf,COMPLETE
356,0.8333333333333334,2026-07-13 15:21:23.677987,2026-07-13 15:21:23.690054,0 days 00:00:00.012067,1,0.001,rbf,COMPLETE
357,0.875,2026-07-13 15:21:23.690054,2026-07-13 15:21:23.722156,0 days 00:00:00.032102,1000,0.001,linear,COMPLETE
358,0.9375,2026-07-13 15:21:23.722156,2026-07-13 15:21:23.740141,0 days 00:00:00.017985,1000,0.001,rbf,COMPLETE
359,0.8333333333333334,2026-07-13 15:21:23.740141,2026-07-13 15:21:23.740141,0 days 00:00:00,10,0.001,rbf,COMPLETE
360,0.9375,2026-07-13 15:21:23.740141,2026-07-13 15:21:23.749200,0 days 00:00:00.009059,1000,0.001,rbf,COMPLETE
361,0.9375,2026-07-13 15:21:23.749200,2026-07-13 15:21:23.754075,0 days 00:00:00.004875,1000,0.001,rbf,COMPLETE
362,0.9375,2026-07-13 15:21:23.754075,2026-07-13 15:21:23.754075,0 days 00:00:00,1000,0.001,rbf,COMPLETE
363,0.9375,2026-07-13 15:21:23.754075,2026-07-13 15:21:23.754075,0 days 00:00:00,1000,0.001,rbf,COMPLETE
364,0.9375,2026-07-13 15:21:23.754075,2026-07-13 15:21:23.754075,0 days 00:00:00,1000,0.001,rbf,COMPLETE
365,0.9375,2026-07-13 15:21:23.754075,2026-07-13 15:21:23.769894,0 days 00:00:00.015819,1000,0.001,rbf,COMPLETE
366,0.9375,2026-07-13 15:21:23.769894,2026-07-13 15:21:23.769894,0 days 00:00:00,1000,0.001,rbf,COMPLETE
367,0.9375,2026-07-13 15:21:23.769894,2026-07-13 15:21:23.769894,0 days 00:00:00,1000,0.001,rbf,COMPLETE
368,0.9375,2026-07-13 15:21:23.769894,2026-07-13 15:21:23.783446,0 days 00:00:00.013552,1000,0.001,rbf,COMPLETE
369,0.9375,2026-07-13 15:21:23.783446,2026-07-13 15:21:23.785667,0 days 00:00:00.002221,1000,0.001,rbf,COMPLETE
370,0.9375,2026-07-13 15:21:23.785667,2026-07-13 15:21:23.785667,0 days 00:00:00,1000,0.001,rbf,COMPLETE
371,0.8333333333333334,2026-07-13 15:21:23.785667,2026-07-13 15:21:23.785667,0 days 00:00:00,1000,0.0001,rbf,COMPLETE
372,0.9375,2026-07-13 15:21:23.785667,2026-07-13 15:21:23.785667,0 days 00:00:00,1000,0.001,rbf,COMPLETE
373,0.9375,2026-07-13 15:21:23.785667,2026-07-13 15:21:23.801399,0 days 00:00:00.015732,1000,0.001,rbf,COMPLETE
374,0.8333333333333334,2026-07-13 15:21:23.801399,2026-07-13 15:21:23.801399,0 days 00:00:00,100,0.001,rbf,COMPLETE
375,0.9375,2026-07-13 15:21:23.801399,2026-07-13 15:21:23.801399,0 days 00:00:00,1000,0.001,rbf,COMPLETE
376,0.875,2026-07-13 15:21:23.801399,2026-07-13 15:21:23.848577,0 days 00:00:00.047178,1000,0.001,linear,COMPLETE
377,0.9375,2026-07-13 15:21:23.848577,2026-07-13 15:21:23.856287,0 days 00:00:00.007710,1000,0.001,rbf,COMPLETE
378,0.9375,2026-07-13 15:21:23.856287,2026-07-13 15:21:23.861561,0 days 00:00:00.005274,1000,0.001,rbf,COMPLETE
379,0.9375,2026-07-13 15:21:23.864588,2026-07-13 15:21:23.866596,0 days 00:00:00.002008,1000,0.001,rbf,COMPLETE
380,0.8333333333333334,2026-07-13 15:21:23.866596,2026-07-13 15:21:23.870531,0 days 00:00:00.003935,1,0.001,rbf,COMPLETE
381,0.9375,2026-07-13 15:21:23.870531,2026-07-13 15:21:23.874449,0 days 00:00:00.003918,1000,0.001,rbf,COMPLETE
382,0.9375,2026-07-13 15:21:23.874449,2026-07-13 15:21:23.878078,0 days 00:00:00.003629,1000,0.001,rbf,COMPLETE
383,0.8333333333333334,2026-07-13 15:21:23.878078,2026-07-13 15:21:23.881197,0 days 00:00:00.003119,10,0.001,rbf,COMPLETE
384,0.9375,2026-07-13 15:21:23.881197,2026-07-13 15:21:23.881197,0 days 00:00:00,1000,0.001,rbf,COMPLETE
385,0.9375,2026-07-13 15:21:23.881197,2026-07-13 15:21:23.881197,0 days 00:00:00,1000,0.001,rbf,COMPLETE
386,0.9375,2026-07-13 15:21:23.881197,2026-07-13 15:21:23.881197,0 days 00:00:00,1000,0.001,rbf,COMPLETE
387,0.9375,2026-07-13 15:21:23.881197,2026-07-13 15:21:23.896687,0 days 00:00:00.015490,1000,0.001,rbf,COMPLETE
388,0.9375,2026-07-13 15:21:23.896687,2026-07-13 15:21:23.896687,0 days 00:00:00,1000,0.001,rbf,COMPLETE
389,0.9375,2026-07-13 15:21:23.896687,2026-07-13 15:21:23.896687,0 days 00:00:00,1000,0.001,rbf,COMPLETE
390,0.9375,2026-07-13 15:21:23.896687,2026-07-13 15:21:23.896687,0 days 00:00:00,1000,0.001,rbf,COMPLETE
391,0.8333333333333334,2026-07-13 15:21:23.896687,2026-07-13 15:21:23.896687,0 days 00:00:00,1000,0.0001,rbf,COMPLETE
392,0.9375,2026-07-13 15:21:23.896687,2026-07-13 15:21:23.912566,0 days 00:00:00.015879,1000,0.001,rbf,COMPLETE
393,0.9375,2026-07-13 15:21:23.912566,2026-07-13 15:21:23.912566,0 days 00:00:00,1000,0.001,rbf,COMPLETE
394,0.9375,2026-07-13 15:21:23.912566,2026-07-13 15:21:23.912566,0 days 00:00:00,1000,0.001,rbf,COMPLETE
395,0.9375,2026-07-13 15:21:23.912566,2026-07-13 15:21:23.912566,0 days 00:00:00,1000,0.001,rbf,COMPLETE
396,0.875,2026-07-13 15:21:23.912566,2026-07-13 15:21:23.960553,0 days 00:00:00.047987,1000,0.001,linear,COMPLETE
397,0.9375,2026-07-13 15:21:23.960553,2026-07-13 15:21:23.976213,0 days 00:00:00.015660,1000,0.001,rbf,COMPLETE
398,0.8333333333333334,2026-07-13 15:21:23.976213,2026-07-13 15:21:23.978698,0 days 00:00:00.002485,100,0.001,rbf,COMPLETE
399,0.9375,2026-07-13 15:21:23.978698,2026-07-13 15:21:23.983584,0 days 00:00:00.004886,1000,0.001,rbf,COMPLETE
400,0.9375,2026-07-13 15:21:23.983584,2026-07-13 15:21:23.983584,0 days 00:00:00,1000,0.001,rbf,COMPLETE
401,0.9375,2026-07-13 15:21:23.983584,2026-07-13 15:21:23.992202,0 days 00:00:00.008618,1000,0.001,rbf,COMPLETE
402,0.9375,2026-07-13 15:21:23.992202,2026-07-13 15:21:23.992202,0 days 00:00:00,1000,0.001,rbf,COMPLETE
403,0.9375,2026-07-13 15:21:23.992202,2026-07-13 15:21:24.000302,0 days 00:00:00.008100,1000,0.001,rbf,COMPLETE
404,0.8333333333333334,2026-07-13 15:21:24.000302,2026-07-13 15:21:24.004177,0 days 00:00:00.003875,1,0.001,rbf,COMPLETE
405,0.9375,2026-07-13 15:21:24.004177,2026-07-13 15:21:24.008281,0 days 00:00:00.004104,1000,0.001,rbf,COMPLETE
406,0.9375,2026-07-13 15:21:24.008281,2026-07-13 15:21:24.008281,0 days 00:00:00,1000,0.001,rbf,COMPLETE
407,0.9375,2026-07-13 15:21:24.008281,2026-07-13 15:21:24.008281,0 days 00:00:00,1000,0.001,rbf,COMPLETE
408,0.9375,2026-07-13 15:21:24.008281,2026-07-13 15:21:24.008281,0 days 00:00:00,1000,0.001,rbf,COMPLETE
409,0.8333333333333334,2026-07-13 15:21:24.008281,2026-07-13 15:21:24.008281,0 days 00:00:00,10,0.001,rbf,COMPLETE
410,0.8333333333333334,2026-07-13 15:21:24.008281,2026-07-13 15:21:24.024305,0 days 00:00:00.016024,1000,0.0001,rbf,COMPLETE
411,0.9375,2026-07-13 15:21:24.024305,2026-07-13 15:21:24.024305,0 days 00:00:00,1000,0.001,rbf,COMPLETE
412,0.9375,2026-07-13 15:21:24.024305,2026-07-13 15:21:24.024305,0 days 00:00:00,1000,0.001,rbf,COMPLETE
413,0.9375,2026-07-13 15:21:24.024305,2026-07-13 15:21:24.040093,0 days 00:00:00.015788,1000,0.001,rbf,COMPLETE
414,0.875,2026-07-13 15:21:24.040093,2026-07-13 15:21:24.071994,0 days 00:00:00.031901,1000,0.001,linear,COMPLETE
415,0.9375,2026-07-13 15:21:24.071994,2026-07-13 15:21:24.089957,0 days 00:00:00.017963,1000,0.001,rbf,COMPLETE
416,0.9375,2026-07-13 15:21:24.089957,2026-07-13 15:21:24.089957,0 days 00:00:00,1000,0.001,rbf,COMPLETE
417,0.9375,2026-07-13 15:21:24.089957,2026-07-13 15:21:24.099452,0 days 00:00:00.009495,1000,0.001,rbf,COMPLETE
418,0.9375,2026-07-13 15:21:24.099452,2026-07-13 15:21:24.103621,0 days 00:00:00.004169,1000,0.001,rbf,COMPLETE
419,0.9375,2026-07-13 15:21:24.103621,2026-07-13 15:21:24.103621,0 days 00:00:00,1000,0.001,rbf,COMPLETE
420,0.9375,2026-07-13 15:21:24.103621,2026-07-13 15:21:24.103621,0 days 00:00:00,1000,0.001,rbf,COMPLETE
421,0.9375,2026-07-13 15:21:24.103621,2026-07-13 15:21:24.103621,0 days 00:00:00,1000,0.001,rbf,COMPLETE
422,0.9375,2026-07-13 15:21:24.103621,2026-07-13 15:21:24.119350,0 days 00:00:00.015729,1000,0.001,rbf,COMPLETE
423,0.9375,2026-07-13 15:21:24.119350,2026-07-13 15:21:24.119350,0 days 00:00:00,1000,0.001,rbf,COMPLETE
424,0.8333333333333334,2026-07-13 15:21:24.119350,2026-07-13 15:21:24.119350,0 days 00:00:00,100,0.001,rbf,COMPLETE
425,0.9375,2026-07-13 15:21:24.119350,2026-07-13 15:21:24.119350,0 days 00:00:00,1000,0.001,rbf,COMPLETE
426,0.9375,2026-07-13 15:21:24.119350,2026-07-13 15:21:24.135250,0 days 00:00:00.015900,1000,0.001,rbf,COMPLETE
427,0.9375,2026-07-13 15:21:24.135250,2026-07-13 15:21:24.139260,0 days 00:00:00.004010,1000,0.001,rbf,COMPLETE
428,0.9375,2026-07-13 15:21:24.139260,2026-07-13 15:21:24.143270,0 days 00:00:00.004010,1000,0.001,rbf,COMPLETE
429,0.4375,2026-07-13 15:21:24.143270,2026-07-13 15:21:24.147280,0 days 00:00:00.004010,1,0.0001,rbf,COMPLETE
430,0.9375,2026-07-13 15:21:24.147280,2026-07-13 15:21:24.151031,0 days 00:00:00.003751,1000,0.001,rbf,COMPLETE
431,0.9375,2026-07-13 15:21:24.151031,2026-07-13 15:21:24.151031,0 days 00:00:00,1000,0.001,rbf,COMPLETE
432,0.9375,2026-07-13 15:21:24.151031,2026-07-13 15:21:24.151031,0 days 00:00:00,1000,0.001,rbf,COMPLETE
433,0.9166666666666666,2026-07-13 15:21:24.151031,2026-07-13 15:21:24.151031,0 days 00:00:00,10,0.001,linear,COMPLETE
434,0.9375,2026-07-13 15:21:24.151031,2026-07-13 15:21:24.151031,0 days 00:00:00,1000,0.001,rbf,COMPLETE
435,0.9375,2026-07-13 15:21:24.151031,2026-07-13 15:21:24.168881,0 days 00:00:00.017850,1000,0.001,rbf,COMPLETE
436,0.9375,2026-07-13 15:21:24.168881,2026-07-13 15:21:24.168881,0 days 00:00:00,1000,0.001,rbf,COMPLETE
437,0.9375,2026-07-13 15:21:24.168881,2026-07-13 15:21:24.168881,0 days 00:00:00,1000,0.001,rbf,COMPLETE
438,0.9375,2026-07-13 15:21:24.168881,2026-07-13 15:21:24.168881,0 days 00:00:00,1000,0.001,rbf,COMPLETE
439,0.9375,2026-07-13 15:21:24.168881,2026-07-13 15:21:24.182910,0 days 00:00:00.014029,1000,0.001,rbf,COMPLETE
440,0.9375,2026-07-13 15:21:24.182910,2026-07-13 15:21:24.182910,0 days 00:00:00,1000,0.001,rbf,COMPLETE
441,0.9375,2026-07-13 15:21:24.182910,2026-07-13 15:21:24.182910,0 days 00:00:00,1000,0.001,rbf,COMPLETE
442,0.9375,2026-07-13 15:21:24.182910,2026-07-13 15:21:24.182910,0 days 00:00:00,1000,0.001,rbf,COMPLETE
443,0.9375,2026-07-13 15:21:24.182910,2026-07-13 15:21:24.182910,0 days 00:00:00,1000,0.001,rbf,COMPLETE
444,0.9375,2026-07-13 15:21:24.182910,2026-07-13 15:21:24.199018,0 days 00:00:00.016108,1000,0.001,rbf,COMPLETE
445,0.9375,2026-07-13 15:21:24.199018,2026-07-13 15:21:24.207180,0 days 00:00:00.008162,1000,0.001,rbf,COMPLETE
446,0.9375,2026-07-13 15:21:24.207180,2026-07-13 15:21:24.212162,0 days 00:00:00.004982,1000,0.001,rbf,COMPLETE
447,0.8333333333333334,2026-07-13 15:21:24.214770,2026-07-13 15:21:24.216779,0 days 00:00:00.002009,100,0.001,rbf,COMPLETE
448,0.9375,2026-07-13 15:21:24.216779,2026-07-13 15:21:24.220653,0 days 00:00:00.003874,1000,0.001,rbf,COMPLETE
449,0.8333333333333334,2026-07-13 15:21:24.220653,2026-07-13 15:21:24.220653,0 days 00:00:00,1000,0.0001,rbf,COMPLETE
450,0.9375,2026-07-13 15:21:24.220653,2026-07-13 15:21:24.220653,0 days 00:00:00,1000,0.001,rbf,COMPLETE
451,0.9375,2026-07-13 15:21:24.220653,2026-07-13 15:21:24.230668,0 days 00:00:00.010015,1000,0.001,rbf,COMPLETE
452,0.875,2026-07-13 15:21:24.230668,2026-07-13 15:21:24.262720,0 days 00:00:00.032052,1000,0.001,linear,COMPLETE
453,0.9375,2026-07-13 15:21:24.262720,2026-07-13 15:21:24.280710,0 days 00:00:00.017990,1000,0.001,rbf,COMPLETE
454,0.8333333333333334,2026-07-13 15:21:24.280710,2026-07-13 15:21:24.285720,0 days 00:00:00.005010,1,0.001,rbf,COMPLETE
455,0.9375,2026-07-13 15:21:24.285720,2026-07-13 15:21:24.291897,0 days 00:00:00.006177,1000,0.001,rbf,COMPLETE
456,0.8333333333333334,2026-07-13 15:21:24.291897,2026-07-13 15:21:24.296419,0 days 00:00:00.004522,10,0.001,rbf,COMPLETE
457,0.9375,2026-07-13 15:21:24.296419,2026-07-13 15:21:24.300002,0 days 00:00:00.003583,1000,0.001,rbf,COMPLETE
458,0.9375,2026-07-13 15:21:24.300002,2026-07-13 15:21:24.304094,0 days 00:00:00.004092,1000,0.001,rbf,COMPLETE
459,0.9375,2026-07-13 15:21:24.304094,2026-07-13 15:21:24.308131,0 days 00:00:00.004037,1000,0.001,rbf,COMPLETE
460,0.9375,2026-07-13 15:21:24.310219,2026-07-13 15:21:24.310219,0 days 00:00:00,1000,0.001,rbf,COMPLETE
461,0.9375,2026-07-13 15:21:24.310219,2026-07-13 15:21:24.317315,0 days 00:00:00.007096,1000,0.001,rbf,COMPLETE
462,0.9375,2026-07-13 15:21:24.317315,2026-07-13 15:21:24.317315,0 days 00:00:00,1000,0.001,rbf,COMPLETE
463,0.9375,2026-07-13 15:21:24.317315,2026-07-13 15:21:24.326234,0 days 00:00:00.008919,1000,0.001,rbf,COMPLETE
464,0.9375,2026-07-13 15:21:24.326234,2026-07-13 15:21:24.329032,0 days 00:00:00.002798,1000,0.001,rbf,COMPLETE
465,0.9375,2026-07-13 15:21:24.329032,2026-07-13 15:21:24.333043,0 days 00:00:00.004011,1000,0.001,rbf,COMPLETE
466,0.9375,2026-07-13 15:21:24.333043,2026-07-13 15:21:24.337053,0 days 00:00:00.004010,1000,0.001,rbf,COMPLETE
467,0.8333333333333334,2026-07-13 15:21:24.337053,2026-07-13 15:21:24.341062,0 days 00:00:00.004009,1000,0.0001,rbf,COMPLETE
468,0.9375,2026-07-13 15:21:24.342067,2026-07-13 15:21:24.344073,0 days 00:00:00.002006,1000,0.001,rbf,COMPLETE
469,0.9375,2026-07-13 15:21:24.346078,2026-07-13 15:21:24.348083,0 days 00:00:00.002005,1000,0.001,rbf,COMPLETE
470,0.9375,2026-07-13 15:21:24.348083,2026-07-13 15:21:24.352093,0 days 00:00:00.004010,1000,0.001,rbf,COMPLETE
471,0.875,2026-07-13 15:21:24.352093,2026-07-13 15:21:24.357850,0 days 00:00:00.005757,100,0.001,linear,COMPLETE
472,0.9375,2026-07-13 15:21:24.357850,2026-07-13 15:21:24.361533,0 days 00:00:00.003683,1000,0.001,rbf,COMPLETE
473,0.9375,2026-07-13 15:21:24.361533,2026-07-13 15:21:24.365595,0 days 00:00:00.004062,1000,0.001,rbf,COMPLETE
474,0.9375,2026-07-13 15:21:24.365595,2026-07-13 15:21:24.369752,0 days 00:00:00.004157,1000,0.001,rbf,COMPLETE
475,0.9375,2026-07-13 15:21:24.369752,2026-07-13 15:21:24.375847,0 days 00:00:00.006095,1000,0.001,rbf,COMPLETE
476,0.9375,2026-07-13 15:21:24.375847,2026-07-13 15:21:24.378027,0 days 00:00:00.002180,1000,0.001,rbf,COMPLETE
477,0.9375,2026-07-13 15:21:24.378027,2026-07-13 15:21:24.382074,0 days 00:00:00.004047,1000,0.001,rbf,COMPLETE
478,0.8333333333333334,2026-07-13 15:21:24.382074,2026-07-13 15:21:24.386359,0 days 00:00:00.004285,1,0.001,rbf,COMPLETE
479,0.9375,2026-07-13 15:21:24.386359,2026-07-13 15:21:24.391607,0 days 00:00:00.005248,1000,0.001,rbf,COMPLETE
480,0.9375,2026-07-13 15:21:24.391607,2026-07-13 15:21:24.394966,0 days 00:00:00.003359,1000,0.001,rbf,COMPLETE
481,0.8333333333333334,2026-07-13 15:21:24.394966,2026-07-13 15:21:24.399093,0 days 00:00:00.004127,10,0.001,rbf,COMPLETE
482,0.9375,2026-07-13 15:21:24.399093,2026-07-13 15:21:24.405705,0 days 00:00:00.006612,1000,0.001,rbf,COMPLETE
483,0.9375,2026-07-13 15:21:24.405705,2026-07-13 15:21:24.408199,0 days 00:00:00.002494,1000,0.001,rbf,COMPLETE
484,0.9375,2026-07-13 15:21:24.408199,2026-07-13 15:21:24.412243,0 days 00:00:00.004044,1000,0.001,rbf,COMPLETE
485,0.9375,2026-07-13 15:21:24.412243,2026-07-13 15:21:24.416441,0 days 00:00:00.004198,1000,0.001,rbf,COMPLETE
486,0.9375,2026-07-13 15:21:24.416441,2026-07-13 15:21:24.421637,0 days 00:00:00.005196,1000,0.001,rbf,COMPLETE
487,0.8333333333333334,2026-07-13 15:21:24.421637,2026-07-13 15:21:24.424741,0 days 00:00:00.003104,1000,0.0001,rbf,COMPLETE
488,0.9375,2026-07-13 15:21:24.424741,2026-07-13 15:21:24.428752,0 days 00:00:00.004011,1000,0.001,rbf,COMPLETE
489,0.9375,2026-07-13 15:21:24.428752,2026-07-13 15:21:24.432886,0 days 00:00:00.004134,1000,0.001,rbf,COMPLETE
490,0.875,2026-07-13 15:21:24.432886,2026-07-13 15:21:24.479270,0 days 00:00:00.046384,1000,0.001,linear,COMPLETE
491,0.9375,2026-07-13 15:21:24.479270,2026-07-13 15:21:24.483281,0 days 00:00:00.004011,1000,0.001,rbf,COMPLETE
492,0.9375,2026-07-13 15:21:24.483281,2026-07-13 15:21:24.485028,0 days 00:00:00.001747,1000,0.001,rbf,COMPLETE
493,0.9375,2026-07-13 15:21:24.485028,2026-07-13 15:21:24.492015,0 days 00:00:00.006987,1000,0.001,rbf,COMPLETE
494,0.9375,2026-07-13 15:21:24.492015,2026-07-13 15:21:24.496585,0 days 00:00:00.004570,1000,0.001,rbf,COMPLETE
495,0.9375,2026-07-13 15:21:24.496585,2026-07-13 15:21:24.501126,0 days 00:00:00.004541,1000,0.001,rbf,COMPLETE
496,0.8333333333333334,2026-07-13 15:21:24.503133,2026-07-13 15:21:24.503133,0 days 00:00:00,100,0.001,rbf,COMPLETE
497,0.9375,2026-07-13 15:21:24.503133,2026-07-13 15:21:24.510728,0 days 00:00:00.007595,1000,0.001,rbf,COMPLETE
498,0.9375,2026-07-13 15:21:24.510728,2026-07-13 15:21:24.516912,0 days 00:00:00.006184,1000,0.001,rbf,COMPLETE
499,0.9375,2026-07-13 15:21:24.516912,2026-07-13 15:21:24.516912,0 days 00:00:00,1000,0.001,rbf,COMPLETE
