TAID,Canonical SMILES,pLD50,Class,MolWt,TPSA,LogP,NumHDonors,NumHAcceptors,NumRotatableBonds,RingCount
TOX-1292,O=CC(O)C1OC(=O)C(O)C1O,2.27247385,0,176.12400000000002,104.06,-2.8066,3,6,2,1
TOX-1683,CC(=O)NC(CS)C(=O)O,2.367165003,0,163.198,66.4,-0.4945,3,3,3,0
TOX-1703,O=C(O)c1ccccc1O,2.390248791,0,138.12199999999999,57.53,1.0903999999999998,2,2,1,1
TOX-1710,O=[N+]([O-])c1cccc([N+](=O)[O-])c1,4.225348333,1,168.10799999999998,86.28,1.503,0,4,2,1
TOX-1721,COc1ccc2c(c1)c(CC(=O)OCC(=O)O)c(C)n2C(=O)c1ccc(Cl)cc1,3.317134471,0,415.82900000000006,94.82999999999998,3.4705200000000014,1,6,6,3
TOX-1740,NC12CC3CC(CC(C3)C1)C2,3.611175101,0,151.253,26.02,1.9139,1,1,0,4
TOX-1743,NCCCNCCSP(=O)(O)O,2.892766906,0,214.22699999999998,95.58,-0.2492999999999997,4,4,7,0
TOX-1746,CN(C)CCC=C1c2ccccc2CCc2ccccc21,4.011420132,1,277.411,3.24,4.168600000000003,0,1,3,3
TOX-1751,COc1cc(NS(C)(=O)=O)ccc1Nc1c2ccccc2nc2ccccc12,4.798603982,1,393.46800000000013,80.32,4.511700000000003,2,5,5,4
TOX-1759,CCN(CC)CCCN(c1ccccc1)C1Cc2ccccc2C1,4.332084016,1,322.4960000000001,6.48,4.392300000000004,0,2,8,3
TOX-1763,COc1ccc(CCN2CCC(Nc3nc4ccccc4n3Cc3ccc(F)cc3)CC2)cc1,4.322626276,1,458.58100000000024,42.32,5.351300000000005,1,5,8,5
TOX-1767,Nc1ncn(C2OC(CO)C(O)C2O)c(=O)n1,4.530213493,1,244.207,143.72000000000003,-3.1679999999999997,4,9,2,2
TOX-1769,CN1CCCC(n2nc(Cc3ccc(Cl)cc3)c3ccccc3c2=O)CC1,4.444395608,1,381.9070000000002,38.13,4.297500000000004,0,4,3,4
TOX-1795,COC12CCC3(CC1C(C)(O)C(C)(C)C)C1Cc4ccc(O)c5c4C3(CCN1CC1CC1)C2O5,3.772018431,1,467.6500000000003,62.16,4.413800000000004,2,5,4,8
TOX-1812,CC1(C(=O)O)CCC2(C)CCC3(C)C(=CC(=O)C4C5(C)CCC(OC(=O)CCC(=O)O)C(C)(C)C5CCC43C)C2C1,3.186746733,0,570.7670000000003,117.96999999999998,6.828300000000008,2,5,5,5
TOX-1823,CON=C(C(=O)NC1C(=O)N2C(C(=O)O)=C(CSc3nc(C)c(CC(=O)O)s3)CSC12)c1csc(N)n1,2.067450763,0,584.683,197.39999999999998,0.9987200000000007,4,13,10,4
TOX-1862,Clc1cccc(Cl)c1NC1=NCCN1,4.581732268,1,230.09799999999998,36.42,2.3644999999999996,2,3,1,2
TOX-1866,COC(=O)C1C(OC(=O)c2ccccc2)CC2CCC1N2C,4.298296152,1,303.35800000000006,55.84,1.8677,0,5,3,3
TOX-1918,O=c1[nH]c2ccccc2n1CCCN1CCC(n2c(=O)[nH]c3cc(Cl)ccc32)CC1,3.998146809,1,425.92000000000013,78.82,3.353200000000002,2,5,5,5
TOX-1920,CN(C)CCC=C1c2ccccc2COc2ccccc21,4.014466599,1,279.383,12.47,3.9624000000000033,0,2,3,3
TOX-1926,CCCCOc1ccc(C(=O)CCN2CCCCC2)cc1,4.483509486,1,289.4189999999999,29.54,3.9242000000000035,0,3,8,2
TOX-1943,COC(=O)CCc1ccc(OCC(O)CNC(C)C)cc1,3.964947767,1,295.379,67.79,1.5298999999999996,2,5,9,1
TOX-1953,C#CC(O)(C=CCl)CC,3.418105914,0,144.60099999999997,20.23,1.5132,1,1,2,0
TOX-1965,O=C(O)Cc1sc(-c2ccccc2)nc1-c1ccc(Cl)cc1,3.504405806,0,329.8080000000001,50.19,4.757600000000003,1,3,4,3
TOX-1970,COC1(NC(=O)CSC(F)F)C(=O)N2C(C(=O)O)=C(CSc3nnnn3CCO)COC21,1.996545528,0,496.4740000000003,169.0,-1.290599999999999,3,12,11,3
TOX-1971,Cc1onc(-c2c(F)cccc2Cl)c1C(=O)NC1C(=O)N2C1SC(C)(C)C2C(=O)O,2.830057132,0,453.8790000000002,112.74,2.6878199999999994,2,6,4,4
TOX-1994,CNC(C)C1CCC(N)C(OC2C(N)CC(N)C(OC3OCC(C)(O)C(NC)C3O)C2O)O1,3.413991124,0,477.6030000000002,199.72999999999996,-3.327499999999993,8,12,7,3
TOX-2025,CC(COc1ccccc1)NC(C)C(O)c1ccc(O)cc1,3.722913496,0,301.386,61.72,2.871200000000001,3,4,7,2
TOX-2040,CC1COc2c(N3CCN(C)CC3)c(F)cc3c(=O)c(C(=O)O)cn1c23,3.712549658,0,361.37300000000005,75.00999999999999,1.5439999999999998,1,6,2,4
TOX-2094,CC(=O)Oc1cc(C(C)C)c(OCCN(C)C)cc1C,3.709508705,0,279.38,38.77,2.9841200000000017,0,4,6,1
TOX-2098,CCCCCCC(C)(C)c1cc(O)c2c(c1)OC(C)(C)C1CCC(=O)CC21,5.570911223,1,372.5490000000002,46.53,6.264000000000007,1,3,6,3
TOX-2101,Oc1ccc2c3c1OC1C(O)CCC4(O)C(C2)N(CC2CCC2)CCC314,3.406836882,0,357.4500000000003,73.16,1.7072999999999998,3,5,2,6
TOX-2107,COC(=O)C1=C(C#N)NC(C)=C(C(=O)OC(C)C)C1c1cccc([N+](=O)[O-])c1,5.0001166,1,385.3760000000001,131.56,2.4578800000000003,1,8,5,2
TOX-2110,CCOC(=O)C1=C(C)NC(C)=C(C(=O)OC)C1c1cccc([N+](=O)[O-])c1,5.158480873,1,360.36600000000004,107.77000000000001,2.5657000000000005,1,7,5,2
TOX-2112,CN(CCCl)CCCl,5.190423439,1,156.056,3.24,1.3958,0,1,4,0
TOX-2125,CC(C)NCC(O)c1cc(O)cc(O)c1,3.847411913,1,211.261,72.72,1.1291999999999998,4,4,4,1
TOX-2130,C=CCOc1ccccc1OCC(O)CNC(C)C,4.184965064,1,265.35299999999995,50.72,1.9890999999999999,2,4,9,1
TOX-2132,CN1CCCN=C1COC(=O)C(O)(c1ccccc1)C1CCCCC1,3.86479497,1,344.4550000000002,62.129999999999995,2.731700000000001,1,5,5,3
TOX-2146,CC(C)(C)NCC(O)COc1ccccc1C1CCCC1,4.163243109,1,291.4350000000001,41.489999999999995,3.472000000000002,2,3,6,2
TOX-2163,O=c1[nH]c2ccccc2n1C1CCN(CCCC(c2ccc(F)cc2)c2ccc(F)cc2)CC1,4.158818265,1,461.5560000000001,41.03,5.8570000000000055,1,3,7,5
TOX-2183,CCN(CC)CCOC(=O)c1ccc(N)cc1,3.573861147,0,236.315,55.56,1.7673999999999999,1,4,6,1
TOX-2190,c1ccncc1,1.953387323,0,79.10199999999998,12.89,1.0816,0,1,0,1
TOX-2199,COC(=O)C1C2CC3c4[nH]c5cc(OC)ccc5c4CCN3CC2CC(OC(=O)c2cc(OC)c(OC)c(OC)c2)C1OC,6.085120121,1,608.6880000000004,117.78000000000003,4.171100000000004,1,10,8,6
TOX-2210,CC(NCCc1ccc(O)cc1)C(O)c1ccc(O)cc1,3.350915695,0,287.35900000000004,72.72,2.3520000000000003,4,4,6,2
TOX-2219,CC(=O)OCC(=O)NCCCOc1cccc(CN2CCCCC2)c1,3.666827219,0,348.44300000000015,67.87,2.1206999999999994,1,5,9,2
TOX-2279,CN(C)CCCN1c2ccccc2Sc2ccc(C(F)(F)F)cc21,4.316275178,1,352.42500000000007,6.48,5.259800000000004,0,3,4,3
TOX-2296,COc1ccc(C(=O)N2CCN(c3ccc4c(c3)CCC(=O)N4)CC2)cc1OC,3.795351173,1,395.4590000000002,71.11,2.5509000000000004,1,5,4,4
TOX-2307,NCCc1ccc(O)c(O)c1,3.287291301,0,153.18099999999998,66.48,0.5989999999999998,3,3,2,1
TOX-2321,CN(C)CCCN1c2ccccc2CCc2ccc(Cl)cc21,3.9919388,1,314.86,6.48,4.528400000000004,0,2,4,3
TOX-2333,CCN1CC(CCN2CCOCC2)C(c2ccccc2)(c2ccccc2)C1=O,3.975715178,1,378.5160000000001,32.78,3.173300000000001,0,3,6,4
TOX-2337,CCOC(=O)C1(c2ccccc2)CCN(C)CC1,3.560478449,0,247.33799999999994,29.54,2.2131,0,3,3,2
TOX-2339,CC(=O)Nc1c(I)c(NC(C)=O)c(I)c(C(=O)O)c1I,1.667435016,0,613.9150000000002,95.50000000000001,3.1154,3,3,3,1
TOX-2341,CN(C)CCCN1c2ccccc2Sc2ccc(Cl)cc21,4.02539984,1,318.8730000000001,6.48,4.894400000000004,0,3,4,3
TOX-2350,Cc1cccc(C)c1OCC(C)N,3.974424453,1,179.26299999999998,35.25,2.0294399999999997,1,2,3,1
TOX-2369,COc1cccc2c1C(=O)c1c(O)c3c(c(O)c1C2=O)CC(O)(C(=O)CO)CC3OC1CC(N)C(O)C(C)O1,5.381795557,1,543.5250000000003,206.07,0.0012999999999993017,6,12,5,5
TOX-2391,CN(C)N,2.932457336,0,60.099999999999994,29.259999999999998,-0.5783,1,2,0,0
TOX-2408,CC(=O)Nc1c(I)cc(I)c(C(=O)O)c1I,1.946320601,0,556.863,66.4,3.157000000000001,2,2,2,1
TOX-2429,C=CCc1ccccc1OCC(O)CNC(C)C,4.141235238,1,249.35399999999996,41.49,2.1528,2,3,8,1
TOX-2437,Cc1c(N(C)C)c(=O)n(-c2ccccc2)n1C,3.281101305,0,231.29900000000004,30.17,1.55042,0,4,2,2
TOX-2441,c1ccc(CN(CC2=NCCN2)c2ccccc2)cc1,3.946399685,1,265.36,27.63,2.6949000000000014,1,3,5,3
TOX-2496,CN(C)CCOC(c1ccccc1)c1ccc(Br)cc1,4.200393971,1,334.257,12.47,4.116700000000003,0,2,6,2
TOX-2523,C=CC1=C(C(=O)O)N2C(=O)C(NC(=O)C(=NOCC(=O)O)c3csc(N)n3)C2SC1,2.150947584,0,453.45800000000014,184.51,-0.5447999999999991,4,10,8,3
TOX-2537,CN(C)CCOC(C)(c1ccccc1)c1ccc(Cl)cc1,3.993138254,1,303.833,12.47,4.181700000000004,0,2,6,2
TOX-2600,COc1ccc2c3c1OC1C(O)CCC4C(C2)N(C)CCC341,3.302697094,0,301.3860000000001,41.93,1.7251,1,4,1,5
TOX-2622,COc1ccc(C(=O)Nc2ccccc2CCC2CCCCN2C)cc1,4.316331918,1,352.4780000000001,41.57,4.364400000000003,1,3,6,3
TOX-2627,CNCC(O)c1ccc(O)c(O)c1,6.262663541,1,183.207,72.72,0.35060000000000013,4,4,3,1
TOX-2657,CCNC1C2CCC(C2)C1c1ccccc1,4.156705393,1,215.34000000000003,12.03,3.178200000000002,1,1,3,3
TOX-2688,NS(=O)(=O)c1cc(C(=O)O)c(NCc2ccco2)cc1Cl,2.916475926,0,330.749,122.63000000000001,1.8907,3,5,5,2
TOX-2718,O=C(CCCN1CCC(O)(c2ccc(Cl)cc2)CC1)c1ccc(F)cc1,4.318887513,1,375.87100000000015,40.540000000000006,4.425600000000004,1,3,6,3
TOX-2721,CCC1(C2=CCCCCC2)C(=O)NC(=O)NC1=O,3.37699339,0,250.29799999999997,75.27000000000001,1.6392999999999995,2,3,2,2
TOX-2723,CC1(C)SC2C(N3C(=O)C(c4ccccc4)NC3(C)C)C(=O)N2C1C(=O)O,2.247658582,0,389.4770000000002,89.95,1.4111,2,5,3,4
TOX-2759,CNC1C(O)C(OC2C(NC(=O)C(O)CN)CC(N)C(OC3OC(CN)C(O)C(O)C3O)C2O)OCC1(C)O,2.898008548,0,569.6090000000002,297.72,-7.524400000000007,12,16,9,3
TOX-2760,CNC(C)CCC=C(C)C,3.734737506,0,141.25799999999998,12.03,2.3407,1,1,4,0
TOX-2769,CC(=O)N1CCN(c2ccc(OCC3COC(Cn4ccnc4)(c4ccc(Cl)cc4Cl)O3)cc2)CC1,4.357074524,1,531.4399999999999,69.06,4.205800000000003,0,7,7,5
TOX-2774,CC(C)OC(=O)CCCC=CCC1C(O)CC(O)C1CCC(O)CCc1ccccc1,5.803265117,1,432.6010000000002,86.99000000000001,4.1864000000000035,3,5,13,2
TOX-2831,COc1cc(CCN)cc(OC)c1OC,3.592139411,0,211.261,53.71000000000001,1.2136000000000002,1,4,5,1
TOX-2868,C=CCN1CCC23c4c5ccc(O)c4OC2C(O)C=CC3C1C5,3.413765053,0,311.3810000000001,52.93000000000001,1.7542999999999997,2,4,2,5
TOX-2871,CC1CC=CC=CC=CC=CC(OC2OC(C)C(O)C(N)C2O)CC2OC(O)(CC(O)CC3OC3C=CC(=O)O1)CC(O)C2C(=O)O,4.567769635,1,665.7330000000004,230.98999999999995,0.11970000000000325,7,13,3,4
TOX-2876,COC12CC(COC(=O)c3cncc(Br)c3)CN(C)C1Cc1cn(C)c3cccc2c13,4.383015819,1,484.39400000000023,56.59,3.9109000000000034,0,6,4,5
TOX-2895,COc1ccc2c(c1OC)C(=O)OC2C1c2c(cc3c(c2OC)OCO3)CCN1C,3.900129046,1,413.4260000000003,75.69000000000001,2.881800000000001,0,8,4,5
TOX-2907,CCCCC1C(=O)N(c2ccccc2)N(c2ccc(O)cc2)C1=O,3.260295753,0,324.38000000000005,60.85,3.493400000000002,1,3,5,3
TOX-2926,OCCN1CCN(CCCN2c3ccccc3Sc3ccc(Cl)cc32)CC1,3.89787231,1,403.9790000000002,29.950000000000003,3.942700000000003,1,5,6,4
TOX-2927,CC(Oc1ccccc1)C(=O)NC1C(=O)N2C1SC(C)(C)C2C(=O)O,3.54842195,0,364.4230000000001,95.94000000000001,1.0856,2,5,5,3
TOX-2929,CN1CCC2=C(C1)C(c1ccccc1)c1ccccc12,3.898325835,1,261.36800000000005,3.24,3.9212000000000033,0,1,1,4
TOX-2939,O=C(OCCOCCN1CCCCC1)N1c2ccccc2Sc2cccnc21,4.698076208,1,399.516,54.900000000000006,4.323400000000004,0,6,6,4
TOX-2942,Cc1ccc(=O)n(-c2ccccc2)c1,2.966353098,0,185.22600000000003,22.0,2.1459200000000003,0,2,1,2
TOX-2966,CCCN(CCC)S(=O)(=O)c1ccc(C(=O)O)cc1,3.023646363,0,285.36499999999995,74.68,2.1955,1,3,7,1
TOX-2982,CCOC(=O)C(CCc1ccccc1)NC(C)C(=O)N1C(C(=O)O)CC2CCCC21,3.22141331,0,416.5180000000003,95.94000000000001,2.3831999999999995,2,5,9,3
TOX-3060,CC1(Cn2ccnn2)C(C(=O)O)N2C(=O)CC2S1(=O)=O,1.778236415,0,300.296,122.45999999999998,-1.523199999999998,1,7,3,3
TOX-3077,C=CCC1(C(C)CCC)C(=O)NC(=S)NC1=O,3.899878433,1,254.355,58.2,1.5159999999999998,2,3,5,1
TOX-3092,Cc1ccc(C(=O)C(C)CN2CCCCC2)cc1,3.736279537,0,245.36599999999993,20.310000000000002,3.2997200000000024,0,2,4,2
TOX-3134,CN(C)CC=C(c1ccc(Br)cc1)c1cccnc1,3.743904951,0,317.22999999999996,16.130000000000003,3.8374000000000024,0,2,4,2
TOX-3155,CNC(C)Cc1ccc2c(c1)OCO2,4.139690849,1,193.24599999999995,30.49,1.5656999999999999,1,3,3,2
TOX-3201,O=C(O)c1cc(=O)c2c(OCC(O)COc3cccc4oc(C(=O)O)cc(=O)c34)cccc2o1,2.466162322,0,468.37000000000023,173.70999999999998,2.1145,3,9,8,4
TOX-3203,O=C(O)Cc1ccccc1Nc1c(Cl)cccc1Cl,3.846675012,1,296.153,49.33,4.364100000000001,2,2,4,2
TOX-3295,CCCCC1C(=O)N(c2ccccc2)N(c2ccccc2)C1=O,3.405953537,0,308.3810000000001,40.620000000000005,3.7878000000000025,0,2,5,3
TOX-3302,CCCCc1oc2ccccc2c1C(=O)c1cc(I)c(OCCN(CC)CC)c(I)c1,2.110618448,0,645.3190000000002,42.68,6.936200000000007,0,4,11,3
TOX-3309,COc1ccc2c(c1)c(CC(=O)O)c(C)n2C(=O)c1ccc(Cl)cc1,3.552753122,0,357.793,68.53,3.9273200000000026,1,4,4,3
TOX-3363,CC(=O)CC(c1ccccc1)c1c(O)c2ccccc2oc1=O,3.187715035,0,308.3330000000001,67.50999999999999,3.609600000000003,1,4,4,3
TOX-3390,O=C(O)CCc1nc(-c2ccccc2)c(-c2ccccc2)o1,3.373634402,0,293.32200000000006,63.33,4.025800000000003,1,3,5,3
TOX-3422,CCC1OC(=O)C(C)C(OC2CC(C)(OC)C(O)C(C)O2)C(C)C(OC2OC(C)CC(N(C)C)C2O)C(C)(O)CC(C)C(=O)C(C)C(O)C1(C)O,3.719271029,0,733.9370000000002,193.91,1.785600000000004,5,14,7,3
TOX-3437,CN(C)CCOC(c1ccccc1)c1ccccc1,4.026624002,1,255.36100000000002,12.47,3.3542000000000023,0,2,6,2
TOX-3448,Nc1ccn(C2OC(CO)C(O)C2O)c(=O)n1,3.150228859,0,243.21900000000002,130.82999999999998,-2.563,4,8,2,2
TOX-3453,COCCc1ccc(OCC(O)CNC(C)C)cc1,3.648672914,0,267.36899999999997,50.72,1.6132,2,4,9,1
TOX-3464,CC(=O)OC12COC1CC(O)C1(C)C(=O)C(O)C3=C(C)C(OC(=O)C(O)C(NC(=O)OC(C)(C)C)c4ccccc4)CC(O)(C(OC(=O)c4ccccc4)C21)C3(C)C,5.50911463,1,807.8900000000002,224.44999999999996,3.2596000000000025,5,14,8,6
TOX-3466,O=c1n(CCCN2CCN(c3cccc(Cl)c3)CC2)nc2ccccn12,3.96745828,1,371.8720000000001,45.78,2.3617,0,6,5,4
TOX-3468,CC(C)NCC(O)c1ccc(O)c(O)c1,3.625563166,0,211.261,72.72,1.1291999999999998,4,4,4,1
TOX-3490,CN(C)C(=O)C(CCN1CCC(O)(c2ccc(Cl)cc2)CC1)(c1ccccc1)c1ccccc1,5.230696128,1,477.0480000000002,43.78,5.088000000000005,1,3,7,4
TOX-3495,CCCNCC(O)COc1ccccc1C(=O)CCc1ccccc1,4.533072757,1,341.4510000000001,58.559999999999995,3.2414000000000023,2,4,11,2
TOX-3512,NCCC(O)C(=O)NC1CC(N)C(OC2OC(CN)C(O)C(O)C2O)C(O)C1OC1OC(CO)C(O)C(N)C1O,3.184175099,0,585.6080000000002,331.93999999999994,-8.424200000000015,13,17,10,3
TOX-3529,CN1CCC23c4c5ccc(O)c4OC2C(O)C=CC3C1C5,3.271612526,0,285.343,52.93000000000001,1.1981,2,4,0,5
TOX-3534,COC(=O)C1=C(C)NC(C)=C(C(=O)OCCN(C)Cc2ccccc2)C1c1cccc([N+](=O)[O-])c1,4.981581793,1,479.5330000000002,111.00999999999999,3.677800000000002,1,8,9,3
TOX-3535,COC1(NC(=O)Cc2cccs2)C(=O)N2C(C(=O)O)=C(COC(N)=O)CSC21,1.630438893,0,427.4600000000002,148.26000000000002,0.09859999999999991,3,8,7,3
TOX-3536,COc1ccc2c3c1OC1C(O)C=CC4C(C2)N(C)CCC341,3.536006332,0,299.3700000000001,41.93,1.5010999999999999,1,4,1,5
TOX-3575,C1CCN2CC3CC(CN4CCCCC34)C2C1,4.193526402,1,234.38699999999992,6.48,2.3451000000000004,0,2,0,4
TOX-3631,C=C(C)C1CCC(C)=CC1c1c(O)cc(CCCCC)cc1O,3.092363628,0,314.469,40.46,5.846500000000006,2,2,6,2
TOX-3856,CCCC(=O)Nc1ccc(OCC(O)CNC(C)C)c(C(C)=O)c1,4.924585317,1,336.4320000000001,87.66,2.3655,3,5,10,1
TOX-3872,CC1(C)SC2C(NC(=O)C(C(=O)O)c3ccccc3)C(=O)N2C1C(=O)O,1.975540429,0,378.4060000000001,124.01,0.4864999999999999,3,5,5,3
TOX-3874,Cc1nnc(SCC2=C(C(=O)O)N3C(=O)C(NC(=O)Cn4cnnn4)C3SC2)s1,2.314680038,0,454.5190000000002,156.08999999999997,-0.6360799999999995,2,12,7,4
TOX-3875,CON=C(C(=O)NC1C(=O)N2C(C(=O)O)=C(COC(C)=O)CSC12)c1csc(N)n1,2.481949693,0,455.47400000000016,173.51,-0.6224999999999987,3,11,7,3
TOX-3888,COc1cccc2c1C(=O)c1c(O)c3c(c(O)c1C2=O)CC(O)(C(C)=O)CC3OC1CC(N)C(O)C(C)O1,5.119919621,1,527.5260000000003,185.84,1.0288999999999997,5,11,4,5
TOX-3923,CC(O)C(=O)Nc1c(I)c(C(=O)NC(CO)CO)c(I)c(C(=O)NC(CO)CO)c1I,1.346264716,0,777.0880000000001,188.45,-1.0143000000000004,8,8,10,1
TOX-3924,CCc1c2c(nc3ccc(OC(=O)N4CCC(N5CCCCC5)CC4)cc13)-c1cc3c(c(=O)n1C2)COC(=O)C3(O)CC,4.166036304,1,586.6890000000004,114.2,4.0911000000000035,1,9,4,7
TOX-3936,CNC(C)Cc1ccccc1,4.742193868,1,149.237,12.03,1.837,1,1,3,1
TOX-3942,COC12C(COC(N)=O)C3=C(C(=O)C(C)=C(N)C3=O)N1CC1NC12,5.666582423,1,334.33200000000005,146.89000000000001,-1.6511999999999971,3,8,3,4
TOX-3947,CC(c1ccc(Cl)c(Cl)c1)N1N=C(N)CC1=O,3.13199201,0,272.13500000000005,58.69,2.5589000000000013,1,3,2,2
TOX-3948,CN1CCCC1c1cccnc1,4.510871137,1,162.236,16.130000000000003,1.8483,0,2,1,2
TOX-3963,CCC(=O)OC(Cc1ccccc1)(c1ccccc1)C(C)CN(C)C,4.068056368,1,339.47900000000016,29.54,4.275500000000004,0,3,8,2
TOX-3973,CCN1CCCC1CNC(=O)c1cc(S(N)(=O)=O)ccc1OC,3.396255235,0,341.4330000000001,101.73,0.5567000000000012,2,5,6,2
TOX-3981,COc1cccc(C2(O)CCCCC2CN(C)C)c1,3.721315089,0,263.3809999999999,32.7,2.6346000000000007,1,3,4,2
TOX-3996,CCC1(CCC(C)C)C(=O)NC(=O)NC1=O,3.535128416,0,226.27599999999998,75.27000000000001,1.1849999999999998,2,3,4,1
TOX-4009,CC(=O)OCC1=C(C(=O)O)N2C(=O)C(NC(=O)CSc3ccncc3)C2SC1,2.228429009,0,423.4720000000001,125.89999999999999,0.4754000000000007,2,8,7,3
TOX-4011,COC1(NC(=O)CSCC#N)C(=O)N2C(C(=O)O)=C(CSc3nnnn3C)CSC21,2.468985088,0,471.54600000000016,163.32999999999998,-0.7283199999999983,2,12,9,3
TOX-4015,CON=C(C(=O)NC1C(=O)N2C(C(=O)O)=C(COC(N)=O)CSC12)c1ccco1,2.451335939,0,424.39100000000013,173.76,-0.5359999999999987,3,9,7,3
TOX-4020,O=C(O)CC(O)(CC(=O)O)C(=O)O,5.806248287,1,192.123,132.13,-1.2484999999999995,4,4,5,0
TOX-4027,CNCCCN1c2ccccc2CCc2ccccc21,4.027213076,1,266.388,15.27,3.5328000000000026,1,2,4,3
TOX-4036,CCN(CC)C(=S)S,2.173236748,0,149.28400000000002,3.24,1.5429,1,1,2,0
TOX-4094,CCN1CCN(C(=O)NC(C(=O)NC2C(=O)N3C2SC(C)(C)C3C(=O)O)c2ccccc2)C(=O)C1=O,1.935446089,0,517.5640000000003,156.43,-0.24029999999999685,3,7,6,4
TOX-4113,COP(=O)(OC)C(O)C(Cl)(Cl)Cl,3.232029154,0,257.437,55.760000000000005,2.1609000000000003,1,4,3,0
TOX-4118,Cc1cccc(C)c1NC(=O)c1cc(S(N)(=O)=O)c(Cl)cc1O,3.850105726,1,354.81500000000005,109.49,2.5621400000000008,3,4,3,2
TOX-4147,COC1C=COC2(C)Oc3c(C)c(O)c4c(O)c(cc(O)c4c3C2=O)NC(=O)C(C)=CC=CC(C)C(O)C(C)C(O)C(C)C(OC(C)=O)C1C,3.299344048,0,697.7780000000002,201.30999999999997,4.754120000000005,6,12,2,5
TOX-4154,NCC1CCC(C(=O)O)CC1,2.150889908,0,157.21299999999997,63.32000000000001,0.8361000000000001,2,2,2,1
TOX-4171,CCNC(C)Cc1cccc(C(F)(F)F)c1,4.002118109,1,231.26099999999997,12.03,3.2459000000000024,1,1,4,1
TOX-4179,NCCc1cnc[nH]1,4.200528635,1,111.14799999999998,54.699999999999996,-0.08910000000000035,2,2,2,1
TOX-4206,CCN(CC)CCOC(=O)C(c1ccccc1)c1ccccc1,3.940565275,1,311.425,29.54,3.7035000000000027,0,3,8,2
TOX-4249,NC1(C(=O)O)CCCC1,2.633730903,0,129.159,63.32000000000001,0.34249999999999936,2,2,1,1
TOX-4304,CCOP(=S)(OCC)Oc1ccc([N+](=O)[O-])cc1,4.384768491,1,291.265,70.83,3.2711000000000023,0,6,7,1
TOX-4318,CC(O)CO,0.466168281,0,76.095,40.46,-0.6405000000000001,2,2,1,0
TOX-4320,CCN(CC)CCSC(=O)N(c1ccccc1)c1ccccc1,4.215031761,1,328.48100000000005,23.550000000000004,5.019700000000005,0,3,7,2
TOX-4325,NS(=O)(=O)c1cc2c(cc1Cl)N=CNS2(=O)=O,2.469789261,0,295.72900000000004,118.69,-0.0608999999999999,2,5,1,2
TOX-4347,CNN,3.462568017,0,46.073,38.05,-0.9205000000000001,2,2,0,0
TOX-4361,Nc1nc2cc(Cl)ccc2o1,3.157154518,0,168.58299999999997,52.05,2.0633999999999997,1,3,0,2
TOX-4375,O=C(O)CF,6.114008534,1,78.042,37.3,0.040500000000000036,1,1,1,0
TOX-4397,O=C(O)CI,3.616103734,0,185.948,37.3,0.506,1,1,1,0
TOX-4409,O=C1CC2OCC=C3CN4CCC56c7ccccc7N1C5C2C3CC46,5.620899468,1,334.41900000000004,32.78,2.0925000000000002,0,3,0,7
TOX-4417,CC1CC(C)C(=O)C(C(O)CC2CC(=O)NC(=O)C2)C1,5.448960758,1,281.35200000000003,83.47,1.0415,2,4,3,2
TOX-4437,CN(C)C=O,2.191568502,0,73.095,20.310000000000002,-0.2956000000000001,0,1,1,0
TOX-4461,CCC(=O)c1ccc(N)cc1,4.319133928,1,149.193,43.09,1.8615000000000002,1,2,2,1
TOX-4509,C1CO1,2.125226984,0,44.053,12.53,0.016600000000000004,0,1,0,1
TOX-4561,CC(CC(C#N)(c1ccccc1)C(C)C)N(C)C,3.702910865,0,244.382,27.03,3.444180000000002,0,2,5,1
TOX-4575,CCOP(=O)(C#N)N(C)C,6.285385331,1,162.129,53.330000000000005,1.25868,0,3,3,0
TOX-4726,CCN1CCCC(OC(=O)C(c2ccccc2)c2ccccc2)C1,3.965436239,1,323.4360000000001,29.54,3.8460000000000027,0,3,5,3
TOX-4870,O=[N+]([O-])c1ccccc1O,3.143098973,0,139.10999999999999,63.370000000000005,1.3003999999999998,1,3,1,1
TOX-5132,CC(OP(C)(=O)F)C(C)(C)C,7.260279405,1,182.17499999999998,26.3,3.230000000000002,0,2,2,0
TOX-5137,CCC(Cc1c(I)cc(I)c(O)c1I)C(=O)O,3.449734623,0,571.9180000000001,57.53,3.8593000000000015,2,2,4,1
TOX-5172,O=Cc1ccco1,2.566561554,0,96.08499999999998,30.21,1.0920999999999998,0,2,1,1
TOX-5365,CC(=O)OCC(COC(C)=O)OC(C)=O,2.162532616,0,218.20499999999998,78.9,0.044299999999999784,0,6,5,0
TOX-5527,CC(=O)OCC(O)CO,1.428325674,0,134.131,66.76,-1.0973000000000002,2,4,3,0
TOX-5567,NCCS(=O)(=O)O,1.795927492,0,125.14899999999997,80.39,-1.1670999999999996,2,3,2,0
TOX-5571,CC(C)OP(C)(=O)F,6.867499259,1,140.094,26.3,2.2038,0,2,2,0
TOX-5595,COCC(C)O,1.653550545,0,90.122,29.46,0.013600000000000112,1,2,2,0
TOX-5649,NC1CCCCC1,2.695095345,0,99.177,26.02,1.2778,1,1,0,1
TOX-5749,CC(O)COCC(C)O,1.066728643,0,134.175,49.69,-0.2354,2,3,4,0
TOX-5811,OCCOCCOCCO,1.523148523,0,150.174,58.92,-0.9958000000000002,2,4,7,0
TOX-5851,CN(C)P(=O)(F)N(C)C,4.488754053,1,154.125,23.550000000000004,1.1872,0,1,2,0
TOX-5860,CCCCSCC1(CC)C(=O)NC(=S)NC1=O,3.396503605,0,274.41100000000006,58.2,1.4469999999999998,2,4,6,1
TOX-5896,CCCCCCc1cc(O)c2c(c1)OC(C)(C)C1=C2CC(C)CC1,3.167881658,0,328.49600000000015,29.46,6.259600000000007,1,2,5,3
TOX-6210,C=CCN1Cc2ccccc2-c2ccccc2C1,3.672367763,0,235.32999999999998,3.24,3.8552000000000026,0,1,2,3
TOX-6447,Cc1c(C(N)=O)cc([N+](=O)[O-])cc1[N+](=O)[O-],3.477195697,0,225.16,129.37,0.91032,1,5,3,1
TOX-6455,O=C1C=C2C(=CCOC2O)O1,4.187598576,1,154.12099999999998,55.760000000000005,-0.2979000000000001,1,4,0,2
TOX-6482,CN(C)P(=O)(OP(=O)(N(C)C)N(C)C)N(C)C,4.757601495,1,286.25300000000004,56.330000000000005,1.4655999999999998,0,3,6,0
TOX-6564,c1cn[nH]c1,2.589703587,0,68.079,28.68,0.40969999999999995,1,1,0,1
TOX-6608,Cc1c([N+](=O)[O-])cc(C(C)C)c(O)c1[N+](=O)[O-],4.204264027,1,240.21499999999997,106.51000000000002,2.640420000000001,1,5,3,1
TOX-6624,CCN(CC)C(=O)c1ccc(O)c(OC)c1,3.871422782,1,223.272,49.77000000000001,1.8827999999999998,1,3,4,1
TOX-7078,COC(=O)CF,6.185765702,1,92.06900000000002,26.3,0.1288999999999999,0,2,1,0
TOX-7217,CCOP(=O)(OCC)OC(=CCl)c1ccc(Cl)cc1Cl,3.84624327,1,359.5730000000001,44.760000000000005,5.7283000000000035,0,4,7,1
TOX-7405,ClCCSCCCl,5.897553328,1,159.08100000000002,0.0,2.1972000000000005,0,1,4,0
TOX-7490,O=C(O)c1ccccc1-c1c2ccc(=O)cc-2oc2cc(O)ccc12,2.521242022,0,332.31100000000004,87.74,3.9686000000000012,2,4,2,4
TOX-7499,Cn1c(C(=O)O)c(I)c(=O)c(I)c1C(=O)O,1.79898627,0,448.93800000000005,96.60000000000001,0.9909000000000001,2,4,2,1
TOX-7627,CCCCc1ccc(C(=O)O)nc1,2.997807633,0,179.219,50.19,2.1224,1,2,4,1
TOX-7673,CNNC,2.675235645,0,60.10000000000001,24.06,-0.6598000000000002,2,2,1,0
TOX-7756,CCN(CC)CCSC(=O)C(c1ccccc1)c1ccccc1,4.037637213,1,327.49300000000005,20.310000000000002,4.420100000000004,0,3,8,2
TOX-7783,CC(C)CCC(=O)c1ccoc1,3.195062145,0,166.22,30.21,2.898500000000001,0,2,4,1
TOX-7791,O=[N+]([O-])c1cccc(O)c1,3.224020881,0,139.10999999999999,63.370000000000005,1.3004,1,3,1,1
TOX-7792,CN(C)CC(O)c1ccc(O)c(O)c1,4.419645606,1,197.23399999999998,63.93000000000001,0.6927999999999996,3,4,3,1
TOX-7822,CS(=O)(=O)F,4.241408981,1,98.09800000000001,34.14,-0.08449999999999991,0,2,0,0
TOX-7887,OC(CNCCCl)C(O)C(O)C(O)CNCCCl,3.78404307,1,305.2020000000001,104.98,-1.9131999999999991,6,6,11,0
TOX-8353,CC(N)CCCC(=O)O,2.339450201,0,131.175,63.32000000000001,0.5885000000000002,2,2,4,0
TOX-8412,COc1ccc(CCN)cc1OC,3.171595251,0,181.235,44.480000000000004,1.205,1,3,4,1
TOX-8535,CP(=O)(F)F,3.588332336,0,100.004,17.07,1.7483,0,1,0,0
TOX-8791,O=C(CCCN1CCC2(CC1)C(=O)NCN2c1ccccc1)c1ccc(F)cc1,4.295763767,1,395.47800000000007,52.650000000000006,3.217100000000001,1,4,6,4
TOX-8923,CCOC(=O)COc1ccc2c(C)c(CCN(CC)CC)c(=O)oc2c1,4.007551728,1,361.4380000000001,68.98,2.927620000000002,0,6,9,2
TOX-9035,CN1CCCN(C(c2ccccc2)c2ccc(Cl)cc2)CC1,4.196058774,1,314.8600000000001,6.48,4.066900000000003,0,2,3,3
TOX-9108,CN1CCCC1=O,3.194544646,0,99.133,20.310000000000002,0.23859999999999992,0,1,0,1
TOX-9396,CN(C)CCN(Cc1ccsc1)c1ccccn1,4.416863361,1,261.394,19.37,2.7113000000000005,0,4,6,2
TOX-9477,CCOc1ccc2ccccc2c1C(=O)NC1C(=O)N2C1SC(C)(C)C2C(=O)O,2.815709867,0,414.4830000000001,95.94000000000001,2.4837999999999996,2,5,5,4
TOX-9759,COc1cc(CC(C)N)cc(OC)c1OC,3.990733489,1,225.28799999999998,53.71000000000001,1.6020999999999999,1,4,5,1
TOX-10106,CCOP(=O)(OCC)OP(=O)(N(C)C)N(C)C,4.459545374,1,288.221,68.31,2.4154,0,5,8,0
TOX-10357,NCCc1ccc2c(c1)OCO2,3.770539,1,165.19199999999995,44.480000000000004,0.9164999999999999,1,3,2,2
TOX-11529,CC(=O)OCC12CCC(C)=CC1OC1C(O)C(OC(C)=O)C2(C)C12CO2,5.522299373,1,366.41000000000025,94.59,1.1248999999999998,1,7,3,4
TOX-11638,CCOP(C)(=O)SCC,4.475664427,1,168.19799999999998,26.3,2.5989000000000004,0,3,4,0
TOX-12048,COc1ccc(OC)c(CC(C)N)c1,3.875346079,1,195.26199999999997,44.480000000000004,1.5935,1,3,4,1
TOX-12050,CN1C(=O)CC2(CCN(CCCC(=O)c3ccc(F)cc3)CC2)C1=O,3.791102991,1,346.4020000000001,57.690000000000005,2.2595,0,4,5,3
TOX-12317,CCC1(C(C)CC(C)C)C(=O)NC(=O)NC1=O,4.982543252,1,240.303,75.27000000000001,1.4309999999999998,2,3,4,1
TOX-12550,CCCCOCC(O)COc1ccccc1,3.17443052,0,224.29999999999998,38.69,2.2430000000000003,1,3,8,1
TOX-13061,OC1C2(c3ccccc3)CN3CN(C2)CC1(c1ccccc1)C3,5.184950008,1,306.409,26.71,1.8256000000000003,1,3,2,6
TOX-13234,O=C(CBr)OCCOC(=O)CBr,4.303747251,1,303.93399999999997,52.6,0.8625999999999999,0,4,5,0
TOX-13370,CC(C)(O)C=CC(=O)C(C)(O)C1C(O)CC2(C)C3CC=C4C(CC(O)C(=O)C4(C)C)C3(C)C(=O)CC12C,5.712888601,1,516.6750000000004,132.13,2.9285000000000005,4,7,4,4
TOX-14024,CC(=O)c1c(O)cc(C)oc1=O,2.623353353,0,168.14799999999997,67.50999999999999,0.85642,1,4,1,1
TOX-14352,O=C1NCC2(CCN(CCc3ccccc3)CC2)O1,3.546007926,0,260.337,41.57000000000001,1.8034999999999997,1,3,3,3
TOX-14462,CN1CCCC(=C(c2cccs2)c2cccs2)C1,3.796072946,1,275.44200000000006,3.24,4.337100000000004,0,3,2,3
TOX-14860,O=C(CI)OCCOC(=O)CI,4.905998124,1,397.934,52.6,0.9428,0,4,5,0
TOX-15020,CNC(=O)c1c(I)c(NC(=O)CCCCCCCCC(=O)Nc2c(I)c(C(=O)O)c(I)c(C(=O)NC)c2I)c(I)c(C(=O)O)c1I,2.11713653,0,1309.9760000000003,191.0,7.127800000000005,6,6,15,2
TOX-15058,CC(C1=C(CCN(C)C)Cc2ccccc21)c1ccccn1,3.812497319,1,292.426,16.130000000000003,4.146700000000004,0,2,5,3
TOX-15238,CC(C=C(c1cccs1)c1cccs1)N(C)C,4.088760419,1,263.431,3.24,4.191400000000003,0,3,4,2
TOX-15239,CCCCCC(C)NC,3.696150465,0,129.24699999999999,12.03,2.1746,1,1,5,0
TOX-15416,c1ccc(C(OCCN2CCOCC2)c2ccccc2)cc1,3.627908209,0,297.39799999999997,21.700000000000003,3.1248000000000014,0,3,6,3
TOX-15436,COP(=O)(F)OC,5.107219588,1,128.039,35.53,1.3567999999999998,0,3,2,0
TOX-15544,COC1C=CC2=CCN3CCC4=C(CC(=O)OC4)C23C1,4.491900216,1,273.332,38.769999999999996,1.5893000000000002,0,4,1,4
TOX-15561,C=C1C(N(C)C)C(=O)N(c2ccccc2)N1C,3.165229589,0,231.299,26.790000000000006,1.3239,0,3,2,2
TOX-15800,CC(N)Cc1ccc2c(c1)OCO2,4.376288623,1,179.21899999999997,44.480000000000004,1.3050000000000002,1,3,2,2
TOX-15826,O=C(CI)CI,4.44191547,1,309.87199999999996,17.07,1.4255000000000002,0,1,2,0
TOX-16401,CCCCC1C(=O)NC(=O)N(C2CCCCC2)C1=O,2.929978317,0,266.34099999999995,66.48,2.2039,1,3,4,2
TOX-16782,O=C(CI)NCCNC(=O)CI,5.120452303,1,395.966,58.2,0.08880000000000005,2,2,5,0
TOX-16785,O=C(CI)OCC(COC(=O)CI)OC(=O)CI,5.076110056,1,595.8930000000001,78.9,1.2896,0,6,8,0
TOX-17260,O=S1c2ccccc2N(CCCN2CCN(CCO)CC2)c2cc(Cl)ccc21,3.783490815,1,419.9780000000001,47.02000000000001,2.9582000000000015,1,5,6,4
TOX-17370,N=c1ccn2c(n1)OC1C(O)C(CO)OC12,2.815776445,0,225.204,100.59000000000002,-1.62583,3,7,1,3
TOX-17696,CC1c2cccc(O)c2C(=O)C2=C(O)C3(O)C(=O)C(C(N)=O)C(=O)C(N(C)C)C3C(O)C21,3.647571948,0,444.44000000000017,178.46,-0.9743999999999984,5,9,2,4
TOX-17723,CC(=O)C(NC(=O)C(C)C(O)C(C)NC(=O)C(NC(=O)c1nc(C(CC(N)=O)NCC(N)C(N)=O)nc(N)c1C)C(OC1OC(CO)C(O)C(O)C1(C)OC1OC(CO)C(O)C(O)(C(N)=O)C1O)c1cnc[nH]1)C(=O)NCCC1=NC(c2nc(C(N)=O)cs2)CS1,5.72442976,1,1326.393000000001,648.3700000000001,-9.341180000000023,20,31,31,6
TOX-17778,CC=C(C)C(=O)OC1C(OC(C)=O)C2(CO)C(O)CC3(C)C(=CCC4C5(C)CCC(OC6OC(C(=O)O)C(OC7OC(CO)C(O)C(O)C7O)C(O)C6OC6OC(CO)C(O)C(O)C6O)C(C)(CO)C5CCC43C)C2CC1(C)C,5.90276332,1,1131.2690000000005,388.0400000000001,-1.3210999999999875,13,23,14,8
TOX-17855,O=C(OC1CN2CCC1CC2)C(O)(c1ccccc1)c1ccccc1,4.351779291,1,337.41900000000004,49.769999999999996,2.5599,1,4,4,5
TOX-17939,c1ccc2c(C(CCN3CCOCC3)CCN3CCOCC3)cccc2c1,3.574937155,0,368.5210000000001,24.94,3.368000000000002,0,4,7,4
TOX-17965,COc1ccc(CC(C)N)cc1OC,3.519467418,0,195.26199999999997,44.480000000000004,1.5935,1,3,4,1
TOX-18552,CCCC(C)(O)C1CC23C=CC1(OC)C1Oc4c(O)ccc5c4C12CCN(C)C3C5,5.614140663,1,411.5420000000002,62.160000000000004,3.1636000000000015,2,5,4,7
TOX-18640,COC1C=COC2(C)Oc3c(C)c(O)c4c(O)c(cc(OCC(=O)O)c4c3C2=O)NC(=O)C(C)=CC=CC(C)C(O)C(C)C(O)C(C)C(OC(C)=O)C1C,2.798955083,0,755.8140000000003,227.60999999999999,4.5119200000000035,6,13,5,5
TOX-18688,O=S1(=O)CCC(Br)C1,3.834122439,1,199.06899999999996,34.14,0.5684000000000001,0,2,0,1
TOX-19000,CC(C)NC1CCC(c2ccccc2)(c2ccccc2)CC1,4.166235143,1,293.4540000000001,12.03,4.913300000000004,1,1,4,3
TOX-19182,CN1C2CCC1CC(OC(=O)C(C)(CO)c1ccccc1)C2,3.741345658,0,303.40200000000004,49.769999999999996,2.1049999999999995,1,4,4,3
TOX-19374,CCCCCCCCCCCCCCCC(=O)OCC(=O)C1(O)C(C)CC2C3CCC4=CC(=O)C=CC4(C)C3(F)C(O)CC21C,3.5955042,0,630.8820000000002,100.90000000000002,7.927900000000011,2,6,17,4
TOX-19587,Cc1cccc(OCC(O)CNC(C)(C)C)c1C,4.436229253,1,251.36999999999998,41.49,2.43124,2,3,5,1
TOX-19828,COc1cc(CC(C)N)c(OC)cc1C,4.463126585,1,209.289,44.480000000000004,1.90192,1,3,4,1
TOX-19862,CC1CCC2(O)C3(C)CC4(O)OC2(C1O)C1(O)C3(O)C(OC(=O)c2ccc[nH]2)C(O)(C(C)C)C41C,6.817989261,1,493.5530000000002,172.7,-0.18760000000000043,7,9,3,7
TOX-20327,CCN1CCC(=C2c3ccccc3CCc3ccccc32)C1C,4.38488744,1,303.449,3.24,4.7012000000000045,0,1,1,4
TOX-20387,CCC1C(C)CC(C)C12C(=O)NC(=S)NC2=O,3.605687859,0,254.35500000000002,58.2,1.2058,2,3,1,2
TOX-20566,COc1cccc(C(=O)CCNC(C)C(O)c2ccccc2)c1,3.796802928,1,313.397,58.56,2.979700000000001,2,4,8,2
TOX-20787,CNC(C)CCCC(C)(C)O,2.791915303,0,159.273,32.26,1.5354999999999999,2,2,5,0
TOX-20967,CNCC12CCC(c3ccccc31)c1ccccc12,4.396563232,1,249.357,12.03,3.4312000000000022,1,1,2,5
TOX-21153,CC(=O)OC1CC(OC2C(O)CC(OC3C(O)CC(OC4CCC5(C)C(CCC6C5CC(O)C5(C)C(C7=CC(=O)OC7)CCC65O)C4)OC3C)OC2C)OC(C)C1OC1OC(CO)C(O)C(O)C1O,6.461745209,1,985.1270000000004,288.28,0.6131000000000075,8,20,11,9
TOX-21193,COc1cc2c(cc1OC)C1CC(C3CCCCC3)CN1CC2,4.197662018,1,315.4570000000001,21.700000000000003,4.203200000000003,0,3,3,4
TOX-21194,CCN(CC)CCNC(=O)c1cc2n(c1C(=O)O)CCc1cc(OC)c(OC)cc1-2,2.840106856,0,415.4900000000003,93.03000000000002,2.4982000000000006,2,6,9,3
TOX-21685,COC(C(=O)C(O)C(C)O)C1Cc2cc3cc(OC4CC(OC5CC(O)C(O)C(C)O5)C(O)C(C)O4)c(C)c(O)c3c(O)c2C(=O)C1OC1CC(OC2CC(OC3CC(C)(O)C(O)C(C)O3)C(O)C(C)O2)C(O)C(C)O1,6.63730118,1,1085.156,358.20000000000005,-0.24927999999998884,11,24,15,8
TOX-21753,CN(C)CCNC(=O)C(O)(c1ccccc1)c1ccccc1,3.505957896,0,298.386,52.57000000000001,1.6003000000000003,2,3,6,2
TOX-21788,COc1cc(CC2NCCc3cc(O)c(O)cc32)cc(OC)c1OC,3.3338912,0,345.39500000000015,80.18,2.5531000000000006,3,6,5,3
TOX-21959,CN(N=O)C(=O)NC(C=O)C(O)C(O)C(O)CO,3.724428253,0,265.222,159.76,-3.048299999999999,5,8,7,0
TOX-22100,CCN1C(=O)CC2(CCN(C)CC2)C1=O,4.924576582,1,210.27699999999996,40.620000000000005,0.47720000000000007,0,3,1,2
TOX-22266,O=C1c2ccccc2N(C(=O)CN2CCOCC2)CN1c1ccccc1,3.244480347,0,351.406,53.09000000000001,1.9696999999999998,0,4,3,4
TOX-22780,COc1cc(C(=O)OCCCN2CCCN(CCCOC(=O)c3cc(OC)c(OC)c(OC)c3)CC2)cc(OC)c1OC,4.732032109,1,604.6970000000003,114.46000000000002,3.539900000000002,0,12,16,3
TOX-22907,COc1cc2c(cc1OC)-c1cc(C(=O)O)c(C(=O)O)n1CC2,2.89913205,0,317.2970000000001,97.99000000000001,2.1248000000000005,2,5,4,3
TOX-22908,COc1cc2c(cc1OC)-c1cc(C)c(C(=O)OCCN(C)C)n1CC2,4.440215242,1,358.43800000000016,52.93000000000001,2.7552200000000013,0,6,6,3
TOX-22909,CCOC(=O)c1c(C)c(CN2CCOCC2)c2n1CCc1cc(OC)c(OC)cc1-2,4.140107161,1,414.5020000000002,62.16,3.045720000000001,0,7,6,4
TOX-22910,COc1cc2c(cc1OC)-c1cc(C)c(C(=O)OCCCN3CCCCC3)n1CC2,4.573785035,1,412.53000000000037,52.93000000000001,4.069620000000003,0,6,7,4
TOX-22911,CCOC(=O)c1c(C)c(CN(C)C)c2n1CCc1cc(OC)c(OC)cc1-2,4.026673241,1,372.4650000000001,52.93000000000001,3.275120000000002,0,6,6,3
TOX-23064,CCN(CCO)CCn1c(Cc2ccccc2)nc2c1c(=O)n(C)c(=O)n2C,4.126270578,1,385.4680000000002,85.28999999999999,0.3387000000000002,1,8,8,3
TOX-23930,CC(Oc1c(Cl)cccc1Cl)C1=NCCN1,4.50859475,1,259.13599999999997,33.62,2.7624000000000004,1,3,3,2
TOX-24046,CC1(C)SC2C(NC(=O)C(C(=O)Oc3ccccc3)c3ccccc3)C(=O)N2C1C(=O)O,2.861294297,0,454.50400000000013,113.01,2.0075,2,6,6,4
TOX-24105,c1ccc(N(CCN2CCCCC2)Cc2ccccn2)cc1,4.072227586,1,295.42999999999995,19.37,3.5741000000000023,0,3,6,3
TOX-24875,CC(C)(C)NCC(O)COc1ccccc1C#N,3.838426611,1,248.326,65.28,1.68608,2,4,5,1
TOX-24906,CCCCCc1cc(OC(C)=O)c2c(c1)OC(C)(C)C1CCC(C)=CC21,3.551744072,0,356.50600000000014,35.53,5.955500000000006,0,3,5,3
TOX-25015,CN1CCOC(c2ccccc2)c2ccccc2C1,4.102350791,1,253.345,12.47,3.238000000000002,0,2,1,3
TOX-25897,CN(CC(=O)N1CCOCC1)Cc1c(Cl)cccc1NC(=O)c1ccccc1,3.126179728,0,401.89400000000006,61.88,2.882900000000001,1,4,6,3
TOX-26516,CN(C)CCOC1=Cc2ccccc2Sc2ccc(Cl)cc21,4.095009122,1,331.8680000000001,12.47,4.880900000000004,0,3,4,3
TOX-26998,NNc1ccc(N(CCO)CCO)nn1,3.453570229,0,213.241,107.53,-1.4467999999999999,4,7,6,1
TOX-27532,CC(C)NCC(O)c1ccc(O)c(NS(C)(=O)=O)c1,5.614465651,1,288.369,98.66,0.7950999999999999,4,5,6,1
TOX-27604,CCOP(=O)(OP(=O)(OCC)N(C)C)N(C)C,4.158515356,1,288.221,68.30999999999999,2.415400000000001,0,5,8,0
TOX-28262,COC1OC(CO)C(O)C(O)C1NC(=O)N(C)N=O,2.843708637,0,279.249,140.92,-2.236799999999999,4,8,4,1
TOX-28273,CN1CCN(CC(=O)N2c3ccccc3C(=O)Nc3cccnc32)CC1,3.749649165,0,351.41000000000014,68.78,1.5593999999999992,1,5,2,4
TOX-30004,N#CC(O)CCl,4.176100013,1,105.52400000000002,44.019999999999996,0.10967999999999994,1,2,1,0
TOX-30609,COC(=O)C1C(O)CC2(O)CC(O)CC(O)C(O)CCC(O)CC(O)CC(=O)OC(C)C(C)C(O)C(C)C=CC=CC=CC=CC=CC=CC=CC(OC3OC(C)C(O)C(N)C3O)CC1O2,4.290739993,1,938.1180000000004,308.60999999999996,0.8001000000000105,11,18,3,3
TOX-30986,O=C(Cn1c(=O)sc2ccc(Cl)cc21)N1CCN(CCO)CC1,3.354478712,0,355.8470000000002,65.78,0.8529000000000002,1,6,4,3
TOX-31203,Cc1ccc2c(c1)C13CCCCC1C(C2)N(C)CC3,3.862818913,1,255.40499999999994,3.24,3.683220000000002,0,1,0,4
TOX-31969,COc1cc(NS(=O)(=O)c2ccc(N)cc2)ncn1,2.548529023,0,280.309,107.2,0.8682000000000001,2,6,4,2
TOX-32230,CC(C(O)c1ccccc1)N(C)C,3.094815561,0,179.26299999999998,23.47,1.6701,1,2,3,1
TOX-32459,CCOc1c(N2CCOCC2)cnn(C)c1=O,2.887275981,0,239.27499999999998,56.59,0.015599999999999836,0,6,3,2
TOX-32574,COC1C(O)CC(=O)OC(C)CC=CC=CC(O)C(C)CC(CC=O)C1OC1OC(C)C(OC2CC(C)(O)C(O)C(C)O2)C(N(C)C)C1O,3.669905221,0,701.8510000000005,193.91,0.8456000000000055,5,14,8,3
TOX-33470,O=C1NC(C2CCC(Cl)CN2)C(=O)NC1C1CCC(Cl)CN1,5.365580521,1,349.26200000000006,82.26,-0.3115999999999978,4,4,2,3
TOX-33475,O=C(Cn1cnnn1)NC1C(=O)N2C(C(=O)O)=C(CSc3nncs3)CSC12,2.041398975,0,440.49200000000013,156.08999999999997,-0.9444999999999995,2,12,7,4
TOX-34075,CCC(N)Cc1ccc2c(c1)OCO2,4.081698899,1,193.24599999999995,44.480000000000004,1.6951,1,3,3,2
TOX-34694,CC(NCC=C(c1ccsc1)c1ccsc1)C(O)c1ccccc1,4.249362775,1,355.528,32.26,4.953000000000006,2,4,7,3
TOX-34741,Cc1cccc(N(C)C(=S)Oc2ccc3c(c2)C2CCC3C2)c1,3.415909128,0,323.4610000000001,12.47,5.159820000000004,0,2,2,4
TOX-35545,CC(=O)C1(O)Cc2c(O)c3c(c(O)c2C(OC2CC(N)C(O)C(C)O2)C1)C(=O)c1c(O)cccc1C3=O,5.710254887,1,513.4990000000003,196.83999999999997,0.7259,6,11,3,5
TOX-35565,CC1(C)C(C=C(Br)Br)C1C(=O)OC(C#N)c1cccc(Oc2ccccc2)c1,5.164991551,1,505.20600000000024,59.32000000000001,6.490180000000005,0,4,6,3
TOX-35805,CCN(CC)C(=O)COc1cc2c(O)c3c(O)c(C)c4c(c13)C(=O)C(C)(OC=CC(OC)C(C)C(OC(C)=O)C(C)C(O)C(C)C(O)C(C)C=CC=C(C)C(=O)N2)O4,3.28032758,0,810.9380000000003,210.61999999999998,5.295720000000005,5,13,7,5
TOX-36104,COc1cc(CC(C)N)c(OC)cc1Br,4.63005333,1,274.158,44.480000000000004,2.3560000000000008,1,3,4,1
TOX-36353,Cn1c(=O)c2c(ncn2CCCNCC(O)c2cc(O)cc(O)c2)n(C)c1=O,3.386032666,0,389.4120000000001,134.54,-0.44180000000000064,4,10,7,3
TOX-36484,CC(C)(C)NCC(O)c1cc(Cl)c(N)c(C(F)(F)F)c1,4.052187217,1,310.74699999999996,58.28,3.3625000000000007,3,3,3,1
TOX-37486,COC1CCC(OC2(C)C(CC3CC(OC)C(C)C4(O3)OC(C)(C3CCC(C5CCC(C6OC(C)(O)C(C)CC6C)O5)O3)C(OC)C4C)OC(O)(C(C)C(=O)O)C(C)C2OC)OC1C,5.262227134,1,915.1680000000003,188.51999999999998,5.592100000000007,3,15,13,7
TOX-37707,CC(C)NCC(O)COc1ccc(CC(=O)O)cc1,2.727788515,0,267.325,78.78999999999999,1.0513999999999992,3,4,8,1
TOX-37708,COCCc1ccc(OCC(O)C(=O)O)cc1,2.681430784,0,240.255,75.99,0.6997999999999998,2,4,7,1
TOX-37709,COCC(O)c1ccc(OCC(O)CNC(C)C)cc1,3.151042324,0,283.368,70.95,1.1040999999999994,3,5,9,1
TOX-37929,CC(C)(C)NCC(O)c1ccccc1Cl,3.703028865,0,227.735,32.26,2.7615000000000007,2,2,3,1
TOX-38582,CN(C)CCN(C)n1cc(-c2ccccc2)c2ccccc21,4.166138686,1,293.41400000000004,11.41,3.437700000000002,0,3,5,3
TOX-38599,O=C(CCCN1CCC(n2c(=S)[nH]c3ccccc32)CC1)c1ccc(F)cc1,4.297958903,1,397.5190000000002,41.03,5.137990000000005,1,4,6,4
TOX-39329,CNC(=O)c1c(I)c(C(=O)NCC(=O)Nc2c(I)c(C(=O)O)c(I)c(C(=O)NCCO)c2I)c(I)c(N(C)C(C)=O)c1I,2.07392342,0,1268.8829999999996,194.24,3.4453000000000014,6,7,10,2
TOX-39340,Cc1cc(=O)n(CCOc2ccc3ccccc3c2)[nH]1,3.428340829,0,268.31600000000003,47.019999999999996,2.7170200000000007,1,3,4,3
TOX-39729,CN1CCN(C2=NS(=O)(=O)c3cc(Cl)ccc3N2)CC1,2.894964259,0,314.79800000000006,65.00999999999999,1.0576,1,5,0,3
TOX-39849,CCC(COCCOc1c(I)cc(I)c(NC(C)=O)c1I)C(=O)O,2.89341007,0,673.0230000000001,84.86,3.9650000000000025,2,4,9,1
TOX-40094,CCS(=O)(=O)C(CC(C)N(C)C)(c1ccccc1)c1ccccc1,4.123077614,1,345.50800000000004,37.38,3.7051000000000025,0,3,7,2
TOX-40121,CN1CCCCC1CN1c2ccccc2Sc2ccccc21,4.377581382,1,310.46600000000007,6.48,4.7736000000000045,0,3,2,4
TOX-40216,COc1ccc(CNc2cc(C(O)CNC(C)(C)C)ccc2O)cc1,5.059771567,1,344.45500000000004,73.75,3.434400000000002,4,5,7,2
TOX-41224,CCC(NC(C)C)C(O)c1ccc(O)c2[nH]c(=O)ccc12,3.462646583,0,290.363,85.35,2.0436999999999994,4,4,5,2
TOX-41431,CNc1cccc(NC(=O)C(=O)O)c1C#N,2.541231239,0,219.2,102.22,0.6230799999999996,3,4,2,1
TOX-41513,Cc1nnc(SCC2=C(C(=O)O)N3C(=O)C(NC(=O)Cn4cc(Cl)c(=O)c(Cl)c4)C3SC2)s1,2.260878848,0,548.4550000000002,134.48999999999998,1.8459199999999996,2,10,7,4
TOX-42716,CNC(=O)c1c(I)c(NC(=O)C(O)C(O)C(O)C(O)CO)c(I)c(NC(=O)C(O)C(O)C(O)C(O)CO)c1I,1.597656362,0,899.1640000000002,289.59999999999997,-4.391199999999997,13,13,13,1
TOX-42880,CCC1CCC(C)C12C(=O)NC(=S)NC2=O,3.466580555,0,240.328,58.2,0.9598,2,3,1,2
TOX-42888,CC1CC(C)C2(C(=O)NC(=S)NC2=O)C1C,3.466580555,0,240.328,58.2,0.8157000000000002,2,3,0,2
TOX-42904,CCC1CCC(CC)C12C(=O)NC(=S)NC2=O,3.813963808,1,254.35500000000002,58.2,1.3498999999999999,2,3,2,2
TOX-42907,CCC1CC(C)C(C)C12C(=O)NC(=S)NC2=O,3.605687859,0,254.355,58.2,1.2058,2,3,1,2
TOX-43232,CCC=CCC1(C(C)C)C(=O)NC(=O)NC1=O,3.484735443,0,238.287,75.27000000000001,1.3510999999999997,2,3,4,1
TOX-43453,O=C(CCl)NCC(O)CNC(=O)CCl,5.1534247,1,243.09,78.43,-0.9426999999999999,3,3,6,0
TOX-43454,O=C(CI)NCC(O)CNC(=O)CI,5.166905354,1,425.9920000000001,78.43,-0.5503000000000002,3,3,6,0
TOX-43524,O=C(O)c1ccc(NS(=O)(=O)Cc2ccccc2)cc1,2.235332314,0,291.328,83.47,2.3267000000000007,2,3,5,2
TOX-43641,O=C(CI)NCCCCCNC(=O)CI,5.437291895,1,438.047,58.2,1.2591,2,2,8,0
TOX-43717,Clc1ccc2c(n1)C(c1ccccc1Cl)=NCc1nncn1-2,3.61957089,0,330.1780000000001,55.96,3.320100000000001,0,5,1,4
TOX-43795,CCOC(=O)NNc1ccc(N(CC)CC(C)O)nn1,2.849981788,0,283.332,99.61,0.7566999999999997,3,7,7,1
TOX-44314,Cc1cc2c(OCC(O)CNC(C)CCn3cnc4c3c(=O)n(C)c(=O)n4C)cccc2[nH]1,4.07752457,1,454.5310000000002,119.1,1.03152,3,9,9,4
TOX-46214,CC(C)=CC(=O)OC1CCC2(C=O)C3CCC4(C)C(c5ccc(=O)oc5)CCC4(O)C3CCC2(O)C1,6.496074085,1,498.6160000000003,114.04000000000002,4.052900000000004,2,7,4,5
TOX-47492,CCN(CC)C(=S)SC(=O)N(C)C,6.041457824,1,220.363,23.550000000000004,2.0279,0,3,2,0
TOX-47515,COC1(NC(=O)C2SC(=C(C(N)=O)C(=O)O)S2)C(=O)N2C(C(=O)O)=C(CSc3nnnn3C)CSC21,1.981542357,0,575.6320000000002,219.92999999999995,-1.3974999999999984,4,14,9,4
TOX-47544,O=C(OC1CN2CCCC1C2)C(c1ccccc1)c1ccccc1,4.029644638,1,321.4200000000001,29.54,3.4559000000000024,0,3,4,4
TOX-47550,CN(C)C1C(=O)C(C(N)=O)C(=O)C2(O)C(O)=C3C(=O)c4c(O)cccc4C(C)(O)C3C(O)C12,3.486843236,0,460.43900000000014,198.68999999999997,-1.870399999999997,6,10,2,4
TOX-47551,COc1ccc(-c2c(-c3ccc(CCN(C)C)cc3)cn3ccc4cc(OC)c(OC)cc4c23)cc1OC,4.406783524,1,510.6340000000003,44.57000000000001,6.565000000000007,0,6,9,5
TOX-47552,CCN(CC)CCc1ccc(-c2cn3ccc4cc(OC)c(OC)cc4c3c2-c2ccc(OC)c(OC)c2)cc1,4.651819882,1,538.6880000000004,44.57000000000001,7.345200000000009,0,6,11,5
TOX-47553,COc1ccc(-c2c(-c3ccc(CCN4CCCCC4)cc3)cn3ccc4cc(OC)c(OC)cc4c23)cc1OC,4.485312919,1,550.6990000000002,44.57000000000001,7.489300000000008,0,6,9,6
TOX-48114,CCN1CC2(COC)C(O)CC(OC)C34C5CC6(O)C(OC)CC(OC(C)=O)(C5C6OC(=O)c5ccc(OC)cc5)C(C(OC)C23)C14,7.341981952,1,659.7730000000003,142.45000000000002,1.685900000000003,2,12,10,7
TOX-49213,COC1C(O)C(N)C(OC2OC(C(C)N)CCC2N)C(O)C1N(C)C(=O)CN,3.277314326,0,405.49600000000015,192.54000000000002,-3.585399999999993,6,10,6,2
TOX-49790,COc1ccc(-c2c(-c3ccc(CCCN(C)C)cc3)cn3ccc4cc(OC)c(OC)cc4c23)cc1OC,4.321663436,1,524.6610000000003,44.57000000000001,6.955100000000007,0,6,10,5
TOX-49877,COc1cc(S(C)=O)ccc1-c1nc2ncccc2[nH]1,3.457998163,0,287.344,67.87,2.3709,1,4,3,3
TOX-50246,CC(C)NCCCC1(C(N)=O)c2ccccc2-c2ccccc21,4.789882116,1,308.425,55.12,3.2166000000000015,2,2,6,3
TOX-52653,CCC1(O)CC(OC2CC(N(C)C)C(OC3CC(O)C(OC4CCC(=O)C(C)O4)C(C)O3)C(C)O2)c2c(cc3c(c2O)C(=O)c2c(O)cccc2C3=O)C1C(=O)OC,5.131040653,1,811.8780000000002,217.04999999999998,3.157700000000002,4,16,9,7
TOX-52970,CCOP(=O)(Cc1ccc(-c2nc3ccccc3s2)cc1)OCC,3.676805657,0,361.40300000000013,48.42,5.7294000000000045,0,5,7,3
TOX-53387,CCN1CCN(C(=O)NC(C(=O)NC2(OC)C(=O)N3C(C(=O)O)=C(CSc4nnnn4C)CSC32)C(C)O)C(=O)C1=O,1.894257201,0,627.6620000000003,229.48999999999992,-2.8353999999999924,4,14,10,4
TOX-53560,CN=C(C[N+](=O)[O-])NCCSCc1csc(CN(C)C)n1,3.644872607,0,331.4670000000001,83.66,1.3324999999999998,1,7,9,1
TOX-53908,O=S1(N2CC2)=NP(N2CC2)(N2CC2)=NP(N2CC2)(N2CC2)=N1,4.479653983,1,362.34000000000015,69.19999999999999,0.7683999999999997,0,7,5,6
TOX-55864,O=C(O)C1CSC(c2ccccc2O)N1C(=O)CCS,3.194575735,0,313.4000000000001,77.84,1.7392999999999996,3,5,4,2
TOX-56233,CC(C)NCC(O)COc1cccc2c1OCC(O[N+](=O)[O-])C2,4.212396426,1,326.3490000000001,103.09,0.9360999999999998,2,7,8,2
TOX-56573,CON=C(C(=O)NC1C(=O)N2C(C(=O)O)=C(CSc3cnns3)CSC12)c1csc(N)n1,2.312185603,0,513.6080000000001,172.99,0.4581999999999996,3,13,8,4
TOX-57379,CCOC(=O)C(CCSC)CC(=O)C(Cc1cccc(N(CCCl)CCCl)c1)NC(=O)C(N)Cc1ccc(F)cc1,5.232773224,1,628.638,101.73,4.598600000000003,2,7,19,2
TOX-58778,Cc1ccc(C)n1Nc1ccc(N2CCOCC2)nn1,2.997098646,0,273.34,55.21000000000001,1.6067399999999998,1,6,3,3
TOX-58908,NC(=O)OCC1C(NC(=O)C(=NOCC(=O)O)c2csc(N)n2)C(=O)N1S(=O)(=O)O,2.668415062,0,466.41000000000014,253.9,-2.8756999999999975,5,12,9,2
TOX-61367,CCN(CC)CCNC(=O)c1ccc(NS(C)(=O)=O)cc1,3.340415006,0,313.42300000000006,78.51,1.1297,2,4,8,1
TOX-62538,CCCCN(CCCC)CCOc1ccnc(N)n1,3.881172067,1,266.38899999999995,64.27,2.3398,1,5,10,1
TOX-62540,CCN(CC)CCOc1ccnc(N)n1,3.105043507,0,210.281,64.27,0.7793999999999999,1,5,6,1
TOX-62541,CC(C)CN(CCOc1ccnc(N)n1)CC(C)C,3.550178855,0,266.389,64.27,2.0515999999999996,1,5,8,1
TOX-62542,CN(C)CCOc1ccnc(N)n1,2.607154087,0,182.22699999999998,64.27,-0.000800000000000245,1,5,4,1
TOX-63929,CN(c1nc2ccccc2s1)C1CCN(CCCCOc2ccc(F)cc2)CC1,4.466894675,1,413.5620000000002,28.600000000000005,5.195200000000005,0,5,8,4
TOX-67629,Cc1[nH]c(=O)c(C#N)cc1-c1ccc2nccn2c1,3.398107532,0,250.26100000000002,73.94999999999999,1.8697,1,4,1,3
TOX-67956,O=C1CCC(C(=O)N2CSCC2C(=O)O)N1,2.086455536,0,244.272,86.71000000000001,-0.7488999999999997,2,4,2,2
TOX-68060,CC(O)C1C(=O)N2C(C(=O)O)=C(C3CCCO3)SC12,2.375767364,0,285.32099999999997,87.07000000000001,0.3736999999999999,2,5,3,3
TOX-68129,CN1C(=O)COc2c(C(=O)NC3CN4CCC3CC4)cc(Cl)cc21,3.065874975,0,349.81800000000004,61.88,1.5191999999999999,1,4,2,5
TOX-70570,C=CC1(C)CC(=O)C2(O)C(C)(O1)C(OC(C)=O)C(OC(=O)CCN(C)C)C1C(C)(C)CCC(O)C12C,5.50288693,1,509.6400000000004,122.60000000000002,2.0224999999999995,2,9,6,3
TOX-71370,CC(C)C(NC(=O)C(CC(=O)O)NC(=O)CCCOc1ccc(C(=N)N)cc1)C(=O)O,3.639646654,0,436.46500000000015,191.9,0.31457000000000207,6,6,13,1
TOX-72265,CC(CN(C)C)C(C)(O)Cc1ccc(Cl)cc1,3.750693915,1,255.789,23.47,2.831200000000001,1,2,5,1
TOX-72434,COC1CC=C2CCN3CCC4=C(CC(=O)OC4)C23C1,5.39819285,1,275.348,38.769999999999996,1.8133,0,4,1,4
TOX-72464,CCN1CC2CCC(OC)C34C2CC(C13)C1(O)CC(OC)C2(O)CC4C1C2OC(=O)c1ccccc1,4.696626943,1,497.63200000000023,88.46000000000001,2.4942,2,7,5,7
TOX-72474,CC1C=CC=CC=CC=CC=CC=CC=CC(OC2OC(C)C(O)C(N)C2O)CC2OC(O)(CC(O)CC(O)C(O)CCC(O)CC(O)CC(=O)OC(C)C(C)C1O)CC(O)C2C(=O)O,5.187275737,1,924.0910000000003,319.60999999999996,0.7117000000000053,12,17,3,3
TOX-72488,CSCS(=O)CC(CO)NC(=O)C=Cc1c(C)[nH]c(=O)[nH]c1=O,5.557653216,1,361.4450000000001,132.11999999999998,-1.068879999999999,4,6,8,1
TOX-72505,CCCOC(=O)Cc1ccc(OCC(=O)N(CC)CC)c(OC)c1,3.624803909,0,337.41600000000005,65.07000000000001,2.4381000000000004,0,5,10,1
TOX-72754,OC(CNc1ncccn1)c1ccccc1,3.235754338,0,215.256,58.04,1.6221,2,4,4,2
TOX-73234,COc1ccc(CC(C)N)cc1,4.372705206,1,165.236,35.25,1.5849,1,2,3,1
TOX-73422,CC1(C)SC2C(NC(=O)C(C(=O)O)c3ccsc3)C(=O)N2C1C(=O)O,1.982361641,0,384.4350000000001,124.01,0.5479999999999997,3,6,5,3
TOX-74064,CC(=O)OCC(CO)OC(C)=O,1.768555414,0,176.16799999999998,72.83000000000001,-0.5265000000000002,1,5,4,0
TOX-74948,CCN1CC2(COC)C(O)CC(OC)C34C1C(C(OC)C23)C1(OC(C)=O)C(O)C(OC)C2(O)CC4(O)C1C2OC(=O)c1ccccc1,7.218344984,1,661.7450000000003,173.68,-0.23699999999999366,4,13,9,7
TOX-75330,CN1c2cc(O)c(N=NC(N)=O)cc2CC1S(=O)(=O)O,2.699055169,0,300.29600000000005,145.64999999999998,0.7608000000000001,3,6,2,2
TOX-75517,CC(C)NCC(O)COc1ccc(CCO)cc1,3.227320626,0,253.34199999999998,61.72,0.9590999999999996,3,4,8,1
TOX-75527,NC(=O)CN1CC(O)CC1=O,1.499868854,0,158.15699999999995,83.63,-1.9350999999999996,2,3,2,1
TOX-75651,O=c1[nH]c2ccccc2n1CCCN1CCC(n2c(=O)[nH]c3ccccc32)CC1,3.843409164,1,391.4750000000001,78.82,2.6998000000000006,2,5,5,5
TOX-77213,Cc1cccc(C)c1NC(=O)CC12CCCN1CCC2,4.179585084,1,272.392,32.34,3.260440000000002,1,2,3,3
TOX-77319,Cc1cccc(C)c1NC(=O)C1(N(C)C)CCN(C2CCCCC2O)CC1,5.928621196,1,373.5410000000002,55.81,2.9416400000000014,2,4,4,3
TOX-78815,CC(=O)NC1C(O)CC(O)(C(=O)O)OC1C(O)C(O)CO,1.791138808,0,309.271,176.77999999999997,-3.871799999999999,7,8,5,1
TOX-92220,CCC(=O)OC1(c2ccccc2)CCN(C)CC1C,3.858227808,1,261.36499999999995,29.54,2.806700000000001,0,3,3,2
TOX-109792,CN1CCCC(OC(=O)C(O)(c2ccccc2)C2CCCCC2)C1,4.043061794,1,331.45600000000024,49.769999999999996,3.0919000000000016,1,4,4,3
TOX-113365,Nc1nc(=O)c2ncn(COC(CO)CO)c2[nH]1,3.23062048,0,255.23399999999998,139.28000000000003,-1.970899999999999,4,8,5,2
