number,value,datetime_start,datetime_complete,duration,params_max_depth,params_max_features,params_min_samples_leaf,params_min_samples_split,state
0,0.8018867924528302,2026-07-08 15:58:13.735647,2026-07-08 15:58:13.735647,0 days 00:00:00,10,log2,5,2,COMPLETE
1,0.8018867924528302,2026-07-08 15:58:13.735647,2026-07-08 15:58:13.735647,0 days 00:00:00,100,log2,5,2,COMPLETE
2,0.8018867924528302,2026-07-08 15:58:13.735647,2026-07-08 15:58:13.735647,0 days 00:00:00,1000,sqrt,5,2,COMPLETE
3,0.8018867924528302,2026-07-08 15:58:13.735647,2026-07-08 15:58:13.735647,0 days 00:00:00,100,log2,5,2,COMPLETE
4,0.8018867924528302,2026-07-08 15:58:13.735647,2026-07-08 15:58:13.735647,0 days 00:00:00,1000,sqrt,5,10,COMPLETE
5,0.7358490566037735,2026-07-08 15:58:13.735647,2026-07-08 15:58:13.751566,0 days 00:00:00.015919,100,sqrt,1,10,COMPLETE
6,0.7358490566037735,2026-07-08 15:58:13.751566,2026-07-08 15:58:13.751566,0 days 00:00:00,100,log2,1,10,COMPLETE
7,0.7358490566037735,2026-07-08 15:58:13.751566,2026-07-08 15:58:13.751566,0 days 00:00:00,1000,sqrt,1,10,COMPLETE
8,0.7264150943396226,2026-07-08 15:58:13.751566,2026-07-08 15:58:13.751566,0 days 00:00:00,1000,sqrt,1,2,COMPLETE
9,0.8018867924528302,2026-07-08 15:58:13.751566,2026-07-08 15:58:13.751566,0 days 00:00:00,1000,sqrt,5,2,COMPLETE
10,0.8018867924528302,2026-07-08 15:58:13.751566,2026-07-08 15:58:13.751566,0 days 00:00:00,10,log2,5,2,COMPLETE
11,0.8018867924528302,2026-07-08 15:58:13.767315,2026-07-08 15:58:13.767315,0 days 00:00:00,10,log2,5,2,COMPLETE
12,0.8018867924528302,2026-07-08 15:58:13.767315,2026-07-08 15:58:13.767315,0 days 00:00:00,10,log2,5,2,COMPLETE
13,0.8018867924528302,2026-07-08 15:58:13.767315,2026-07-08 15:58:13.767315,0 days 00:00:00,10,log2,5,2,COMPLETE
14,0.8018867924528302,2026-07-08 15:58:13.767315,2026-07-08 15:58:13.767315,0 days 00:00:00,100,log2,5,2,COMPLETE
15,0.8018867924528302,2026-07-08 15:58:13.767315,2026-07-08 15:58:13.783106,0 days 00:00:00.015791,10,log2,5,2,COMPLETE
16,0.8018867924528302,2026-07-08 15:58:13.783106,2026-07-08 15:58:13.783106,0 days 00:00:00,100,log2,5,2,COMPLETE
17,0.8018867924528302,2026-07-08 15:58:13.783106,2026-07-08 15:58:13.783106,0 days 00:00:00,100,log2,5,2,COMPLETE
18,0.7358490566037735,2026-07-08 15:58:13.783106,2026-07-08 15:58:13.783106,0 days 00:00:00,10,log2,1,10,COMPLETE
19,0.8018867924528302,2026-07-08 15:58:13.783106,2026-07-08 15:58:13.799310,0 days 00:00:00.016204,10,log2,5,2,COMPLETE
20,0.8018867924528302,2026-07-08 15:58:13.799310,2026-07-08 15:58:13.799310,0 days 00:00:00,100,log2,5,2,COMPLETE
21,0.8018867924528302,2026-07-08 15:58:13.799310,2026-07-08 15:58:13.799310,0 days 00:00:00,1000,sqrt,5,2,COMPLETE
22,0.8018867924528302,2026-07-08 15:58:13.799310,2026-07-08 15:58:13.799310,0 days 00:00:00,1000,sqrt,5,2,COMPLETE
23,0.8018867924528302,2026-07-08 15:58:13.799310,2026-07-08 15:58:13.815087,0 days 00:00:00.015777,1000,sqrt,5,2,COMPLETE
24,0.8018867924528302,2026-07-08 15:58:13.815087,2026-07-08 15:58:13.815087,0 days 00:00:00,10,sqrt,5,2,COMPLETE
25,0.8018867924528302,2026-07-08 15:58:13.815087,2026-07-08 15:58:13.815087,0 days 00:00:00,100,log2,5,2,COMPLETE
26,0.7358490566037735,2026-07-08 15:58:13.815087,2026-07-08 15:58:13.815087,0 days 00:00:00,1000,sqrt,1,10,COMPLETE
27,0.8018867924528302,2026-07-08 15:58:13.815087,2026-07-08 15:58:13.830903,0 days 00:00:00.015816,10,log2,5,2,COMPLETE
28,0.8018867924528302,2026-07-08 15:58:13.830903,2026-07-08 15:58:13.830903,0 days 00:00:00,1000,sqrt,5,2,COMPLETE
29,0.8018867924528302,2026-07-08 15:58:13.830903,2026-07-08 15:58:13.830903,0 days 00:00:00,100,log2,5,2,COMPLETE
30,0.8018867924528302,2026-07-08 15:58:13.830903,2026-07-08 15:58:13.830903,0 days 00:00:00,100,log2,5,2,COMPLETE
31,0.8018867924528302,2026-07-08 15:58:13.830903,2026-07-08 15:58:13.846693,0 days 00:00:00.015790,100,log2,5,2,COMPLETE
32,0.8018867924528302,2026-07-08 15:58:13.846693,2026-07-08 15:58:13.846693,0 days 00:00:00,100,log2,5,10,COMPLETE
33,0.8018867924528302,2026-07-08 15:58:13.846693,2026-07-08 15:58:13.846693,0 days 00:00:00,100,log2,5,2,COMPLETE
34,0.7358490566037735,2026-07-08 15:58:13.846693,2026-07-08 15:58:13.846693,0 days 00:00:00,100,sqrt,1,10,COMPLETE
35,0.7264150943396226,2026-07-08 15:58:13.846693,2026-07-08 15:58:13.862503,0 days 00:00:00.015810,1000,log2,1,2,COMPLETE
36,0.8018867924528302,2026-07-08 15:58:13.862503,2026-07-08 15:58:13.862503,0 days 00:00:00,100,sqrt,5,10,COMPLETE
37,0.8018867924528302,2026-07-08 15:58:13.862503,2026-07-08 15:58:13.862503,0 days 00:00:00,1000,sqrt,5,2,COMPLETE
38,0.7264150943396226,2026-07-08 15:58:13.862503,2026-07-08 15:58:13.862503,0 days 00:00:00,100,log2,1,2,COMPLETE
39,0.8018867924528302,2026-07-08 15:58:13.862503,2026-07-08 15:58:13.878320,0 days 00:00:00.015817,10,log2,5,2,COMPLETE
40,0.8018867924528302,2026-07-08 15:58:13.878320,2026-07-08 15:58:13.878320,0 days 00:00:00,1000,sqrt,5,10,COMPLETE
41,0.8018867924528302,2026-07-08 15:58:13.878320,2026-07-08 15:58:13.878320,0 days 00:00:00,1000,sqrt,5,10,COMPLETE
42,0.8018867924528302,2026-07-08 15:58:13.878320,2026-07-08 15:58:13.894127,0 days 00:00:00.015807,1000,sqrt,5,10,COMPLETE
43,0.8018867924528302,2026-07-08 15:58:13.894127,2026-07-08 15:58:13.894127,0 days 00:00:00,1000,sqrt,5,10,COMPLETE
44,0.8018867924528302,2026-07-08 15:58:13.894127,2026-07-08 15:58:13.894127,0 days 00:00:00,10,sqrt,5,10,COMPLETE
45,0.8018867924528302,2026-07-08 15:58:13.894127,2026-07-08 15:58:13.894127,0 days 00:00:00,1000,log2,5,2,COMPLETE
46,0.7264150943396226,2026-07-08 15:58:13.894127,2026-07-08 15:58:13.909898,0 days 00:00:00.015771,100,log2,1,2,COMPLETE
47,0.8018867924528302,2026-07-08 15:58:13.909898,2026-07-08 15:58:13.909898,0 days 00:00:00,10,log2,5,2,COMPLETE
48,0.8018867924528302,2026-07-08 15:58:13.909898,2026-07-08 15:58:13.909898,0 days 00:00:00,1000,sqrt,5,10,COMPLETE
49,0.8018867924528302,2026-07-08 15:58:13.909898,2026-07-08 15:58:13.909898,0 days 00:00:00,10,log2,5,2,COMPLETE
50,0.8018867924528302,2026-07-08 15:58:13.909898,2026-07-08 15:58:13.925714,0 days 00:00:00.015816,100,sqrt,5,2,COMPLETE
51,0.8018867924528302,2026-07-08 15:58:13.925714,2026-07-08 15:58:13.925714,0 days 00:00:00,1000,sqrt,5,2,COMPLETE
52,0.8018867924528302,2026-07-08 15:58:13.925714,2026-07-08 15:58:13.925714,0 days 00:00:00,1000,sqrt,5,2,COMPLETE
53,0.8018867924528302,2026-07-08 15:58:13.925714,2026-07-08 15:58:13.925714,0 days 00:00:00,1000,sqrt,5,2,COMPLETE
54,0.8018867924528302,2026-07-08 15:58:13.925714,2026-07-08 15:58:13.941507,0 days 00:00:00.015793,1000,sqrt,5,2,COMPLETE
55,0.8018867924528302,2026-07-08 15:58:13.941507,2026-07-08 15:58:13.941507,0 days 00:00:00,1000,log2,5,2,COMPLETE
56,0.8018867924528302,2026-07-08 15:58:13.941507,2026-07-08 15:58:13.941507,0 days 00:00:00,10,sqrt,5,2,COMPLETE
57,0.8018867924528302,2026-07-08 15:58:13.941507,2026-07-08 15:58:13.941507,0 days 00:00:00,100,log2,5,2,COMPLETE
58,0.7264150943396226,2026-07-08 15:58:13.957330,2026-07-08 15:58:13.957330,0 days 00:00:00,1000,log2,1,2,COMPLETE
59,0.8018867924528302,2026-07-08 15:58:13.957330,2026-07-08 15:58:13.957330,0 days 00:00:00,10,sqrt,5,10,COMPLETE
60,0.8018867924528302,2026-07-08 15:58:13.957330,2026-07-08 15:58:13.957330,0 days 00:00:00,100,log2,5,2,COMPLETE
61,0.8018867924528302,2026-07-08 15:58:13.957330,2026-07-08 15:58:13.973129,0 days 00:00:00.015799,10,log2,5,2,COMPLETE
62,0.8018867924528302,2026-07-08 15:58:13.973129,2026-07-08 15:58:13.973129,0 days 00:00:00,10,log2,5,2,COMPLETE
63,0.8018867924528302,2026-07-08 15:58:13.973129,2026-07-08 15:58:13.973129,0 days 00:00:00,10,log2,5,2,COMPLETE
64,0.8018867924528302,2026-07-08 15:58:13.973129,2026-07-08 15:58:13.973129,0 days 00:00:00,10,log2,5,2,COMPLETE
65,0.8018867924528302,2026-07-08 15:58:13.973129,2026-07-08 15:58:13.988953,0 days 00:00:00.015824,100,log2,5,2,COMPLETE
66,0.8018867924528302,2026-07-08 15:58:13.988953,2026-07-08 15:58:13.988953,0 days 00:00:00,1000,log2,5,2,COMPLETE
67,0.8018867924528302,2026-07-08 15:58:13.988953,2026-07-08 15:58:13.988953,0 days 00:00:00,10,sqrt,5,2,COMPLETE
68,0.7264150943396226,2026-07-08 15:58:13.988953,2026-07-08 15:58:14.004707,0 days 00:00:00.015754,100,log2,1,2,COMPLETE
69,0.8018867924528302,2026-07-08 15:58:14.004707,2026-07-08 15:58:14.004707,0 days 00:00:00,1000,sqrt,5,10,COMPLETE
70,0.8018867924528302,2026-07-08 15:58:14.004707,2026-07-08 15:58:14.004707,0 days 00:00:00,10,log2,5,2,COMPLETE
71,0.8018867924528302,2026-07-08 15:58:14.004707,2026-07-08 15:58:14.004707,0 days 00:00:00,10,log2,5,2,COMPLETE
72,0.8018867924528302,2026-07-08 15:58:14.004707,2026-07-08 15:58:14.020442,0 days 00:00:00.015735,10,log2,5,2,COMPLETE
73,0.8018867924528302,2026-07-08 15:58:14.020442,2026-07-08 15:58:14.020442,0 days 00:00:00,10,log2,5,2,COMPLETE
74,0.8018867924528302,2026-07-08 15:58:14.020442,2026-07-08 15:58:14.020442,0 days 00:00:00,100,log2,5,2,COMPLETE
75,0.8018867924528302,2026-07-08 15:58:14.020442,2026-07-08 15:58:14.036143,0 days 00:00:00.015701,10,log2,5,10,COMPLETE
76,0.8018867924528302,2026-07-08 15:58:14.036143,2026-07-08 15:58:14.036143,0 days 00:00:00,1000,sqrt,5,2,COMPLETE
77,0.8018867924528302,2026-07-08 15:58:14.036143,2026-07-08 15:58:14.036143,0 days 00:00:00,100,log2,5,2,COMPLETE
78,0.7830188679245284,2026-07-08 15:58:14.036143,2026-07-08 15:58:14.036143,0 days 00:00:00,10,sqrt,1,2,COMPLETE
79,0.8018867924528302,2026-07-08 15:58:14.036143,2026-07-08 15:58:14.052189,0 days 00:00:00.016046,1000,log2,5,10,COMPLETE
80,0.8018867924528302,2026-07-08 15:58:14.052189,2026-07-08 15:58:14.052189,0 days 00:00:00,1000,sqrt,5,2,COMPLETE
81,0.8018867924528302,2026-07-08 15:58:14.052189,2026-07-08 15:58:14.052189,0 days 00:00:00,10,log2,5,2,COMPLETE
82,0.8018867924528302,2026-07-08 15:58:14.052189,2026-07-08 15:58:14.067877,0 days 00:00:00.015688,10,log2,5,2,COMPLETE
83,0.8018867924528302,2026-07-08 15:58:14.067877,2026-07-08 15:58:14.067877,0 days 00:00:00,10,log2,5,2,COMPLETE
84,0.8018867924528302,2026-07-08 15:58:14.067877,2026-07-08 15:58:14.067877,0 days 00:00:00,10,log2,5,2,COMPLETE
85,0.8018867924528302,2026-07-08 15:58:14.067877,2026-07-08 15:58:14.083887,0 days 00:00:00.016010,100,log2,5,2,COMPLETE
86,0.8018867924528302,2026-07-08 15:58:14.083887,2026-07-08 15:58:14.083887,0 days 00:00:00,10,sqrt,5,2,COMPLETE
87,0.8018867924528302,2026-07-08 15:58:14.083887,2026-07-08 15:58:14.083887,0 days 00:00:00,1000,log2,5,10,COMPLETE
88,0.8018867924528302,2026-07-08 15:58:14.083887,2026-07-08 15:58:14.099899,0 days 00:00:00.016012,100,sqrt,5,2,COMPLETE
89,0.8018867924528302,2026-07-08 15:58:14.099899,2026-07-08 15:58:14.099899,0 days 00:00:00,10,log2,5,2,COMPLETE
90,0.7264150943396226,2026-07-08 15:58:14.099899,2026-07-08 15:58:14.099899,0 days 00:00:00,1000,log2,1,2,COMPLETE
91,0.8018867924528302,2026-07-08 15:58:14.099899,2026-07-08 15:58:14.099899,0 days 00:00:00,10,log2,5,2,COMPLETE
92,0.8018867924528302,2026-07-08 15:58:14.099899,2026-07-08 15:58:14.115765,0 days 00:00:00.015866,10,log2,5,2,COMPLETE
93,0.8018867924528302,2026-07-08 15:58:14.115765,2026-07-08 15:58:14.115765,0 days 00:00:00,10,log2,5,2,COMPLETE
94,0.8018867924528302,2026-07-08 15:58:14.115765,2026-07-08 15:58:14.131463,0 days 00:00:00.015698,10,log2,5,2,COMPLETE
95,0.8018867924528302,2026-07-08 15:58:14.131463,2026-07-08 15:58:14.131463,0 days 00:00:00,100,sqrt,5,2,COMPLETE
96,0.8018867924528302,2026-07-08 15:58:14.131463,2026-07-08 15:58:14.131463,0 days 00:00:00,1000,log2,5,10,COMPLETE
97,0.8018867924528302,2026-07-08 15:58:14.131463,2026-07-08 15:58:14.147303,0 days 00:00:00.015840,10,sqrt,5,2,COMPLETE
98,0.8018867924528302,2026-07-08 15:58:14.147303,2026-07-08 15:58:14.147303,0 days 00:00:00,10,log2,5,2,COMPLETE
99,0.8018867924528302,2026-07-08 15:58:14.147303,2026-07-08 15:58:14.163170,0 days 00:00:00.015867,1000,log2,5,2,COMPLETE
100,0.8018867924528302,2026-07-08 15:58:14.163170,2026-07-08 15:58:14.163170,0 days 00:00:00,100,sqrt,5,2,COMPLETE
101,0.8018867924528302,2026-07-08 15:58:14.163170,2026-07-08 15:58:14.178828,0 days 00:00:00.015658,100,log2,5,2,COMPLETE
102,0.8018867924528302,2026-07-08 15:58:14.178828,2026-07-08 15:58:14.178828,0 days 00:00:00,100,log2,5,2,COMPLETE
103,0.8018867924528302,2026-07-08 15:58:14.178828,2026-07-08 15:58:14.194917,0 days 00:00:00.016089,100,log2,5,2,COMPLETE
104,0.8018867924528302,2026-07-08 15:58:14.194917,2026-07-08 15:58:14.194917,0 days 00:00:00,100,log2,5,2,COMPLETE
105,0.8018867924528302,2026-07-08 15:58:14.194917,2026-07-08 15:58:14.210874,0 days 00:00:00.015957,10,log2,5,10,COMPLETE
106,0.7264150943396226,2026-07-08 15:58:14.210874,2026-07-08 15:58:14.210874,0 days 00:00:00,1000,log2,1,2,COMPLETE
107,0.8018867924528302,2026-07-08 15:58:14.210874,2026-07-08 15:58:14.226591,0 days 00:00:00.015717,100,sqrt,5,2,COMPLETE
108,0.8018867924528302,2026-07-08 15:58:14.226591,2026-07-08 15:58:14.226591,0 days 00:00:00,10,log2,5,2,COMPLETE
109,0.8018867924528302,2026-07-08 15:58:14.226591,2026-07-08 15:58:14.242323,0 days 00:00:00.015732,1000,log2,5,2,COMPLETE
110,0.8018867924528302,2026-07-08 15:58:14.242323,2026-07-08 15:58:14.242323,0 days 00:00:00,100,sqrt,5,10,COMPLETE
111,0.8018867924528302,2026-07-08 15:58:14.242323,2026-07-08 15:58:14.242323,0 days 00:00:00,10,log2,5,2,COMPLETE
112,0.8018867924528302,2026-07-08 15:58:14.242323,2026-07-08 15:58:14.258074,0 days 00:00:00.015751,10,log2,5,2,COMPLETE
113,0.8018867924528302,2026-07-08 15:58:14.258074,2026-07-08 15:58:14.258074,0 days 00:00:00,10,log2,5,2,COMPLETE
114,0.8018867924528302,2026-07-08 15:58:14.258074,2026-07-08 15:58:14.258074,0 days 00:00:00,10,log2,5,2,COMPLETE
115,0.8018867924528302,2026-07-08 15:58:14.258074,2026-07-08 15:58:14.273745,0 days 00:00:00.015671,10,log2,5,2,COMPLETE
116,0.8018867924528302,2026-07-08 15:58:14.273745,2026-07-08 15:58:14.273745,0 days 00:00:00,1000,log2,5,2,COMPLETE
117,0.8018867924528302,2026-07-08 15:58:14.273745,2026-07-08 15:58:14.289586,0 days 00:00:00.015841,10,sqrt,5,2,COMPLETE
118,0.8018867924528302,2026-07-08 15:58:14.289586,2026-07-08 15:58:14.289586,0 days 00:00:00,100,log2,5,2,COMPLETE
119,0.8018867924528302,2026-07-08 15:58:14.289586,2026-07-08 15:58:14.289586,0 days 00:00:00,10,log2,5,2,COMPLETE
120,0.7358490566037735,2026-07-08 15:58:14.289586,2026-07-08 15:58:14.305642,0 days 00:00:00.016056,1000,sqrt,1,10,COMPLETE
121,0.8018867924528302,2026-07-08 15:58:14.305642,2026-07-08 15:58:14.305642,0 days 00:00:00,100,log2,5,2,COMPLETE
122,0.8018867924528302,2026-07-08 15:58:14.305642,2026-07-08 15:58:14.305642,0 days 00:00:00,100,log2,5,2,COMPLETE
123,0.8018867924528302,2026-07-08 15:58:14.305642,2026-07-08 15:58:14.321310,0 days 00:00:00.015668,100,log2,5,2,COMPLETE
124,0.8018867924528302,2026-07-08 15:58:14.321310,2026-07-08 15:58:14.321310,0 days 00:00:00,100,log2,5,2,COMPLETE
125,0.8018867924528302,2026-07-08 15:58:14.321310,2026-07-08 15:58:14.321310,0 days 00:00:00,10,log2,5,2,COMPLETE
126,0.8018867924528302,2026-07-08 15:58:14.321310,2026-07-08 15:58:14.336975,0 days 00:00:00.015665,100,log2,5,2,COMPLETE
127,0.8018867924528302,2026-07-08 15:58:14.336975,2026-07-08 15:58:14.336975,0 days 00:00:00,1000,sqrt,5,2,COMPLETE
128,0.8018867924528302,2026-07-08 15:58:14.336975,2026-07-08 15:58:14.336975,0 days 00:00:00,10,log2,5,2,COMPLETE
129,0.8018867924528302,2026-07-08 15:58:14.352712,2026-07-08 15:58:14.352712,0 days 00:00:00,100,log2,5,2,COMPLETE
130,0.8018867924528302,2026-07-08 15:58:14.352712,2026-07-08 15:58:14.352712,0 days 00:00:00,10,sqrt,5,10,COMPLETE
131,0.8018867924528302,2026-07-08 15:58:14.352712,2026-07-08 15:58:14.368435,0 days 00:00:00.015723,100,log2,5,2,COMPLETE
132,0.8018867924528302,2026-07-08 15:58:14.368435,2026-07-08 15:58:14.368435,0 days 00:00:00,100,log2,5,2,COMPLETE
133,0.8018867924528302,2026-07-08 15:58:14.368435,2026-07-08 15:58:14.368435,0 days 00:00:00,100,log2,5,2,COMPLETE
134,0.8018867924528302,2026-07-08 15:58:14.368435,2026-07-08 15:58:14.384382,0 days 00:00:00.015947,100,log2,5,2,COMPLETE
135,0.8018867924528302,2026-07-08 15:58:14.384382,2026-07-08 15:58:14.391571,0 days 00:00:00.007189,1000,log2,5,2,COMPLETE
136,0.8018867924528302,2026-07-08 15:58:14.391571,2026-07-08 15:58:14.400425,0 days 00:00:00.008854,100,log2,5,2,COMPLETE
137,0.8018867924528302,2026-07-08 15:58:14.400425,2026-07-08 15:58:14.400425,0 days 00:00:00,10,log2,5,2,COMPLETE
138,0.7264150943396226,2026-07-08 15:58:14.400425,2026-07-08 15:58:14.400425,0 days 00:00:00,1000,sqrt,1,2,COMPLETE
139,0.8018867924528302,2026-07-08 15:58:14.400425,2026-07-08 15:58:14.416381,0 days 00:00:00.015956,10,log2,5,2,COMPLETE
140,0.8018867924528302,2026-07-08 15:58:14.416381,2026-07-08 15:58:14.416381,0 days 00:00:00,100,log2,5,10,COMPLETE
141,0.8018867924528302,2026-07-08 15:58:14.416381,2026-07-08 15:58:14.435184,0 days 00:00:00.018803,10,log2,5,2,COMPLETE
142,0.8018867924528302,2026-07-08 15:58:14.435184,2026-07-08 15:58:14.441210,0 days 00:00:00.006026,10,log2,5,2,COMPLETE
143,0.8018867924528302,2026-07-08 15:58:14.441210,2026-07-08 15:58:14.448246,0 days 00:00:00.007036,10,log2,5,2,COMPLETE
144,0.8018867924528302,2026-07-08 15:58:14.448246,2026-07-08 15:58:14.448246,0 days 00:00:00,10,log2,5,2,COMPLETE
145,0.8018867924528302,2026-07-08 15:58:14.448246,2026-07-08 15:58:14.464184,0 days 00:00:00.015938,10,log2,5,2,COMPLETE
146,0.8018867924528302,2026-07-08 15:58:14.464184,2026-07-08 15:58:14.464184,0 days 00:00:00,1000,sqrt,5,2,COMPLETE
147,0.8018867924528302,2026-07-08 15:58:14.464184,2026-07-08 15:58:14.480367,0 days 00:00:00.016183,10,log2,5,2,COMPLETE
148,0.8018867924528302,2026-07-08 15:58:14.480367,2026-07-08 15:58:14.480367,0 days 00:00:00,100,log2,5,2,COMPLETE
149,0.8018867924528302,2026-07-08 15:58:14.480367,2026-07-08 15:58:14.496135,0 days 00:00:00.015768,10,sqrt,5,2,COMPLETE
150,0.8018867924528302,2026-07-08 15:58:14.496135,2026-07-08 15:58:14.512263,0 days 00:00:00.016128,1000,log2,5,2,COMPLETE
151,0.8018867924528302,2026-07-08 15:58:14.512263,2026-07-08 15:58:14.512263,0 days 00:00:00,100,log2,5,2,COMPLETE
152,0.8018867924528302,2026-07-08 15:58:14.512263,2026-07-08 15:58:14.528134,0 days 00:00:00.015871,100,log2,5,2,COMPLETE
153,0.8018867924528302,2026-07-08 15:58:14.528134,2026-07-08 15:58:14.528134,0 days 00:00:00,100,log2,5,2,COMPLETE
154,0.8018867924528302,2026-07-08 15:58:14.528134,2026-07-08 15:58:14.543981,0 days 00:00:00.015847,100,log2,5,2,COMPLETE
155,0.8018867924528302,2026-07-08 15:58:14.543981,2026-07-08 15:58:14.543981,0 days 00:00:00,100,log2,5,10,COMPLETE
156,0.8018867924528302,2026-07-08 15:58:14.543981,2026-07-08 15:58:14.543981,0 days 00:00:00,10,log2,5,2,COMPLETE
157,0.8018867924528302,2026-07-08 15:58:14.559774,2026-07-08 15:58:14.559774,0 days 00:00:00,100,sqrt,5,2,COMPLETE
158,0.7264150943396226,2026-07-08 15:58:14.559774,2026-07-08 15:58:14.559774,0 days 00:00:00,1000,log2,1,2,COMPLETE
159,0.8018867924528302,2026-07-08 15:58:14.559774,2026-07-08 15:58:14.559774,0 days 00:00:00,10,log2,5,2,COMPLETE
160,0.8018867924528302,2026-07-08 15:58:14.559774,2026-07-08 15:58:14.575522,0 days 00:00:00.015748,100,log2,5,2,COMPLETE
161,0.8018867924528302,2026-07-08 15:58:14.575522,2026-07-08 15:58:14.575522,0 days 00:00:00,1000,sqrt,5,2,COMPLETE
162,0.8018867924528302,2026-07-08 15:58:14.575522,2026-07-08 15:58:14.591173,0 days 00:00:00.015651,1000,sqrt,5,2,COMPLETE
163,0.8018867924528302,2026-07-08 15:58:14.591173,2026-07-08 15:58:14.591173,0 days 00:00:00,1000,sqrt,5,2,COMPLETE
164,0.8018867924528302,2026-07-08 15:58:14.591173,2026-07-08 15:58:14.606978,0 days 00:00:00.015805,1000,sqrt,5,2,COMPLETE
165,0.8018867924528302,2026-07-08 15:58:14.606978,2026-07-08 15:58:14.606978,0 days 00:00:00,1000,sqrt,5,2,COMPLETE
166,0.8018867924528302,2026-07-08 15:58:14.606978,2026-07-08 15:58:14.622657,0 days 00:00:00.015679,10,log2,5,10,COMPLETE
167,0.8018867924528302,2026-07-08 15:58:14.622657,2026-07-08 15:58:14.638506,0 days 00:00:00.015849,100,sqrt,5,2,COMPLETE
168,0.8018867924528302,2026-07-08 15:58:14.638506,2026-07-08 15:58:14.638506,0 days 00:00:00,10,log2,5,2,COMPLETE
169,0.8018867924528302,2026-07-08 15:58:14.638506,2026-07-08 15:58:14.638506,0 days 00:00:00,1000,log2,5,2,COMPLETE
170,0.8018867924528302,2026-07-08 15:58:14.638506,2026-07-08 15:58:14.654580,0 days 00:00:00.016074,100,log2,5,2,COMPLETE
171,0.8018867924528302,2026-07-08 15:58:14.654580,2026-07-08 15:58:14.670263,0 days 00:00:00.015683,1000,sqrt,5,2,COMPLETE
172,0.8018867924528302,2026-07-08 15:58:14.670263,2026-07-08 15:58:14.670263,0 days 00:00:00,1000,sqrt,5,2,COMPLETE
173,0.8018867924528302,2026-07-08 15:58:14.670263,2026-07-08 15:58:14.670263,0 days 00:00:00,1000,sqrt,5,2,COMPLETE
174,0.8018867924528302,2026-07-08 15:58:14.670263,2026-07-08 15:58:14.686064,0 days 00:00:00.015801,1000,sqrt,5,2,COMPLETE
175,0.8018867924528302,2026-07-08 15:58:14.686064,2026-07-08 15:58:14.686064,0 days 00:00:00,10,sqrt,5,2,COMPLETE
176,0.8018867924528302,2026-07-08 15:58:14.686064,2026-07-08 15:58:14.686064,0 days 00:00:00,1000,log2,5,2,COMPLETE
177,0.8018867924528302,2026-07-08 15:58:14.686064,2026-07-08 15:58:14.702185,0 days 00:00:00.016121,10,sqrt,5,2,COMPLETE
178,0.8018867924528302,2026-07-08 15:58:14.702185,2026-07-08 15:58:14.702185,0 days 00:00:00,100,log2,5,10,COMPLETE
179,0.8018867924528302,2026-07-08 15:58:14.702185,2026-07-08 15:58:14.718133,0 days 00:00:00.015948,10,log2,5,2,COMPLETE
180,0.8018867924528302,2026-07-08 15:58:14.718133,2026-07-08 15:58:14.718133,0 days 00:00:00,100,log2,5,2,COMPLETE
181,0.8018867924528302,2026-07-08 15:58:14.718133,2026-07-08 15:58:14.734332,0 days 00:00:00.016199,1000,sqrt,5,2,COMPLETE
182,0.8018867924528302,2026-07-08 15:58:14.734332,2026-07-08 15:58:14.734332,0 days 00:00:00,1000,sqrt,5,2,COMPLETE
183,0.8018867924528302,2026-07-08 15:58:14.734332,2026-07-08 15:58:14.750226,0 days 00:00:00.015894,1000,sqrt,5,2,COMPLETE
184,0.7264150943396226,2026-07-08 15:58:14.750226,2026-07-08 15:58:14.750226,0 days 00:00:00,1000,sqrt,1,2,COMPLETE
185,0.8018867924528302,2026-07-08 15:58:14.750226,2026-07-08 15:58:14.750226,0 days 00:00:00,1000,sqrt,5,2,COMPLETE
186,0.8018867924528302,2026-07-08 15:58:14.750226,2026-07-08 15:58:14.766184,0 days 00:00:00.015958,10,log2,5,2,COMPLETE
187,0.8018867924528302,2026-07-08 15:58:14.766184,2026-07-08 15:58:14.766184,0 days 00:00:00,100,log2,5,2,COMPLETE
188,0.8018867924528302,2026-07-08 15:58:14.766184,2026-07-08 15:58:14.766184,0 days 00:00:00,1000,sqrt,5,2,COMPLETE
189,0.8018867924528302,2026-07-08 15:58:14.766184,2026-07-08 15:58:14.782311,0 days 00:00:00.016127,10,log2,5,2,COMPLETE
190,0.8018867924528302,2026-07-08 15:58:14.782311,2026-07-08 15:58:14.782311,0 days 00:00:00,100,log2,5,2,COMPLETE
191,0.8018867924528302,2026-07-08 15:58:14.782311,2026-07-08 15:58:14.782311,0 days 00:00:00,10,sqrt,5,2,COMPLETE
192,0.8018867924528302,2026-07-08 15:58:14.782311,2026-07-08 15:58:14.798348,0 days 00:00:00.016037,10,sqrt,5,2,COMPLETE
193,0.8018867924528302,2026-07-08 15:58:14.798348,2026-07-08 15:58:14.798348,0 days 00:00:00,10,sqrt,5,2,COMPLETE
194,0.8018867924528302,2026-07-08 15:58:14.798348,2026-07-08 15:58:14.814387,0 days 00:00:00.016039,10,sqrt,5,2,COMPLETE
195,0.8018867924528302,2026-07-08 15:58:14.814387,2026-07-08 15:58:14.814387,0 days 00:00:00,10,sqrt,5,10,COMPLETE
196,0.8018867924528302,2026-07-08 15:58:14.814387,2026-07-08 15:58:14.814387,0 days 00:00:00,1000,log2,5,2,COMPLETE
197,0.8018867924528302,2026-07-08 15:58:14.814387,2026-07-08 15:58:14.830352,0 days 00:00:00.015965,10,log2,5,2,COMPLETE
198,0.8018867924528302,2026-07-08 15:58:14.830352,2026-07-08 15:58:14.830352,0 days 00:00:00,100,sqrt,5,2,COMPLETE
199,0.8018867924528302,2026-07-08 15:58:14.830352,2026-07-08 15:58:14.830352,0 days 00:00:00,10,log2,5,2,COMPLETE
200,0.8018867924528302,2026-07-08 15:58:14.830352,2026-07-08 15:58:14.846363,0 days 00:00:00.016011,1000,log2,5,2,COMPLETE
201,0.8018867924528302,2026-07-08 15:58:14.846363,2026-07-08 15:58:14.846363,0 days 00:00:00,100,log2,5,2,COMPLETE
202,0.8018867924528302,2026-07-08 15:58:14.846363,2026-07-08 15:58:14.846363,0 days 00:00:00,100,log2,5,2,COMPLETE
203,0.8018867924528302,2026-07-08 15:58:14.846363,2026-07-08 15:58:14.862536,0 days 00:00:00.016173,100,log2,5,2,COMPLETE
204,0.8018867924528302,2026-07-08 15:58:14.862536,2026-07-08 15:58:14.862536,0 days 00:00:00,100,log2,5,2,COMPLETE
205,0.8018867924528302,2026-07-08 15:58:14.862536,2026-07-08 15:58:14.878378,0 days 00:00:00.015842,100,log2,5,2,COMPLETE
206,0.8018867924528302,2026-07-08 15:58:14.878378,2026-07-08 15:58:14.878378,0 days 00:00:00,10,sqrt,5,2,COMPLETE
207,0.7264150943396226,2026-07-08 15:58:14.878378,2026-07-08 15:58:14.894425,0 days 00:00:00.016047,100,log2,1,2,COMPLETE
208,0.8018867924528302,2026-07-08 15:58:14.894425,2026-07-08 15:58:14.894425,0 days 00:00:00,1000,log2,5,10,COMPLETE
209,0.8018867924528302,2026-07-08 15:58:14.894425,2026-07-08 15:58:14.910427,0 days 00:00:00.016002,10,sqrt,5,2,COMPLETE
210,0.8018867924528302,2026-07-08 15:58:14.910427,2026-07-08 15:58:14.910427,0 days 00:00:00,100,log2,5,2,COMPLETE
211,0.8018867924528302,2026-07-08 15:58:14.910427,2026-07-08 15:58:14.926490,0 days 00:00:00.016063,10,log2,5,2,COMPLETE
212,0.8018867924528302,2026-07-08 15:58:14.926490,2026-07-08 15:58:14.926490,0 days 00:00:00,10,log2,5,2,COMPLETE
213,0.8018867924528302,2026-07-08 15:58:14.942400,2026-07-08 15:58:14.942400,0 days 00:00:00,10,log2,5,2,COMPLETE
214,0.8018867924528302,2026-07-08 15:58:14.942400,2026-07-08 15:58:14.958550,0 days 00:00:00.016150,10,log2,5,2,COMPLETE
215,0.8018867924528302,2026-07-08 15:58:14.958550,2026-07-08 15:58:14.958550,0 days 00:00:00,1000,log2,5,2,COMPLETE
216,0.8018867924528302,2026-07-08 15:58:14.974443,2026-07-08 15:58:14.974443,0 days 00:00:00,10,sqrt,5,2,COMPLETE
217,0.8018867924528302,2026-07-08 15:58:14.974443,2026-07-08 15:58:14.990453,0 days 00:00:00.016010,100,log2,5,2,COMPLETE
218,0.8018867924528302,2026-07-08 15:58:14.990453,2026-07-08 15:58:14.990453,0 days 00:00:00,10,log2,5,2,COMPLETE
219,0.8018867924528302,2026-07-08 15:58:14.990453,2026-07-08 15:58:15.006286,0 days 00:00:00.015833,1000,sqrt,5,2,COMPLETE
220,0.8018867924528302,2026-07-08 15:58:15.006286,2026-07-08 15:58:15.006286,0 days 00:00:00,100,log2,5,2,COMPLETE
221,0.8018867924528302,2026-07-08 15:58:15.006286,2026-07-08 15:58:15.022310,0 days 00:00:00.016024,1000,sqrt,5,2,COMPLETE
222,0.8018867924528302,2026-07-08 15:58:15.022310,2026-07-08 15:58:15.038245,0 days 00:00:00.015935,1000,sqrt,5,2,COMPLETE
223,0.8018867924528302,2026-07-08 15:58:15.038245,2026-07-08 15:58:15.038245,0 days 00:00:00,1000,sqrt,5,2,COMPLETE
224,0.8018867924528302,2026-07-08 15:58:15.038245,2026-07-08 15:58:15.038245,0 days 00:00:00,1000,sqrt,5,2,COMPLETE
225,0.8018867924528302,2026-07-08 15:58:15.038245,2026-07-08 15:58:15.054076,0 days 00:00:00.015831,1000,sqrt,5,2,COMPLETE
226,0.8018867924528302,2026-07-08 15:58:15.054076,2026-07-08 15:58:15.054076,0 days 00:00:00,10,log2,5,10,COMPLETE
227,0.8018867924528302,2026-07-08 15:58:15.054076,2026-07-08 15:58:15.069885,0 days 00:00:00.015809,10,log2,5,2,COMPLETE
228,0.8018867924528302,2026-07-08 15:58:15.069885,2026-07-08 15:58:15.069885,0 days 00:00:00,100,sqrt,5,2,COMPLETE
229,0.8018867924528302,2026-07-08 15:58:15.069885,2026-07-08 15:58:15.069885,0 days 00:00:00,1000,log2,5,2,COMPLETE
230,0.8018867924528302,2026-07-08 15:58:15.069885,2026-07-08 15:58:15.085663,0 days 00:00:00.015778,10,sqrt,5,2,COMPLETE
231,0.8018867924528302,2026-07-08 15:58:15.085663,2026-07-08 15:58:15.085663,0 days 00:00:00,100,log2,5,2,COMPLETE
232,0.8018867924528302,2026-07-08 15:58:15.085663,2026-07-08 15:58:15.085663,0 days 00:00:00,100,log2,5,2,COMPLETE
233,0.8018867924528302,2026-07-08 15:58:15.085663,2026-07-08 15:58:15.101534,0 days 00:00:00.015871,100,log2,5,2,COMPLETE
234,0.8018867924528302,2026-07-08 15:58:15.101534,2026-07-08 15:58:15.101534,0 days 00:00:00,100,log2,5,2,COMPLETE
235,0.8018867924528302,2026-07-08 15:58:15.101534,2026-07-08 15:58:15.101534,0 days 00:00:00,100,log2,5,2,COMPLETE
236,0.7264150943396226,2026-07-08 15:58:15.101534,2026-07-08 15:58:15.117255,0 days 00:00:00.015721,1000,log2,1,2,COMPLETE
237,0.8018867924528302,2026-07-08 15:58:15.117255,2026-07-08 15:58:15.117255,0 days 00:00:00,10,log2,5,2,COMPLETE
238,0.8018867924528302,2026-07-08 15:58:15.117255,2026-07-08 15:58:15.133089,0 days 00:00:00.015834,100,sqrt,5,2,COMPLETE
239,0.8018867924528302,2026-07-08 15:58:15.133089,2026-07-08 15:58:15.133089,0 days 00:00:00,1000,log2,5,2,COMPLETE
240,0.8018867924528302,2026-07-08 15:58:15.133089,2026-07-08 15:58:15.133089,0 days 00:00:00,10,log2,5,2,COMPLETE
241,0.8018867924528302,2026-07-08 15:58:15.148877,2026-07-08 15:58:15.148877,0 days 00:00:00,100,log2,5,2,COMPLETE
242,0.8018867924528302,2026-07-08 15:58:15.148877,2026-07-08 15:58:15.148877,0 days 00:00:00,100,log2,5,2,COMPLETE
243,0.8018867924528302,2026-07-08 15:58:15.148877,2026-07-08 15:58:15.164663,0 days 00:00:00.015786,100,log2,5,2,COMPLETE
244,0.8018867924528302,2026-07-08 15:58:15.164663,2026-07-08 15:58:15.164663,0 days 00:00:00,100,log2,5,10,COMPLETE
245,0.8018867924528302,2026-07-08 15:58:15.164663,2026-07-08 15:58:15.164663,0 days 00:00:00,100,sqrt,5,2,COMPLETE
246,0.8018867924528302,2026-07-08 15:58:15.164663,2026-07-08 15:58:15.180327,0 days 00:00:00.015664,100,log2,5,2,COMPLETE
247,0.8018867924528302,2026-07-08 15:58:15.180327,2026-07-08 15:58:15.180327,0 days 00:00:00,10,log2,5,2,COMPLETE
248,0.8018867924528302,2026-07-08 15:58:15.180327,2026-07-08 15:58:15.180327,0 days 00:00:00,1000,sqrt,5,2,COMPLETE
249,0.8018867924528302,2026-07-08 15:58:15.196108,2026-07-08 15:58:15.196108,0 days 00:00:00,10,log2,5,2,COMPLETE
250,0.8018867924528302,2026-07-08 15:58:15.196108,2026-07-08 15:58:15.196108,0 days 00:00:00,100,log2,5,2,COMPLETE
251,0.8018867924528302,2026-07-08 15:58:15.196108,2026-07-08 15:58:15.211802,0 days 00:00:00.015694,1000,sqrt,5,2,COMPLETE
252,0.8018867924528302,2026-07-08 15:58:15.211802,2026-07-08 15:58:15.211802,0 days 00:00:00,10,log2,5,2,COMPLETE
253,0.8018867924528302,2026-07-08 15:58:15.211802,2026-07-08 15:58:15.211802,0 days 00:00:00,100,log2,5,2,COMPLETE
254,0.8018867924528302,2026-07-08 15:58:15.211802,2026-07-08 15:58:15.227583,0 days 00:00:00.015781,1000,sqrt,5,2,COMPLETE
255,0.8018867924528302,2026-07-08 15:58:15.227583,2026-07-08 15:58:15.227583,0 days 00:00:00,10,log2,5,10,COMPLETE
256,0.8018867924528302,2026-07-08 15:58:15.227583,2026-07-08 15:58:15.227583,0 days 00:00:00,100,log2,5,2,COMPLETE
257,0.8018867924528302,2026-07-08 15:58:15.243709,2026-07-08 15:58:15.243709,0 days 00:00:00,1000,sqrt,5,2,COMPLETE
258,0.8018867924528302,2026-07-08 15:58:15.243709,2026-07-08 15:58:15.243709,0 days 00:00:00,10,log2,5,2,COMPLETE
259,0.7264150943396226,2026-07-08 15:58:15.243709,2026-07-08 15:58:15.259774,0 days 00:00:00.016065,100,log2,1,2,COMPLETE
260,0.8018867924528302,2026-07-08 15:58:15.259774,2026-07-08 15:58:15.259774,0 days 00:00:00,10,sqrt,5,2,COMPLETE
261,0.8018867924528302,2026-07-08 15:58:15.259774,2026-07-08 15:58:15.259774,0 days 00:00:00,1000,log2,5,2,COMPLETE
262,0.8018867924528302,2026-07-08 15:58:15.275882,2026-07-08 15:58:15.275882,0 days 00:00:00,100,sqrt,5,2,COMPLETE
263,0.8018867924528302,2026-07-08 15:58:15.275882,2026-07-08 15:58:15.275882,0 days 00:00:00,10,log2,5,2,COMPLETE
264,0.8018867924528302,2026-07-08 15:58:15.275882,2026-07-08 15:58:15.291580,0 days 00:00:00.015698,1000,log2,5,2,COMPLETE
265,0.8018867924528302,2026-07-08 15:58:15.291580,2026-07-08 15:58:15.291580,0 days 00:00:00,100,sqrt,5,2,COMPLETE
266,0.8018867924528302,2026-07-08 15:58:15.291580,2026-07-08 15:58:15.291580,0 days 00:00:00,10,log2,5,2,COMPLETE
267,0.8018867924528302,2026-07-08 15:58:15.307334,2026-07-08 15:58:15.307334,0 days 00:00:00,100,log2,5,10,COMPLETE
268,0.8018867924528302,2026-07-08 15:58:15.307334,2026-07-08 15:58:15.307334,0 days 00:00:00,1000,sqrt,5,2,COMPLETE
269,0.8018867924528302,2026-07-08 15:58:15.307334,2026-07-08 15:58:15.323121,0 days 00:00:00.015787,10,log2,5,2,COMPLETE
270,0.8018867924528302,2026-07-08 15:58:15.323121,2026-07-08 15:58:15.323121,0 days 00:00:00,100,log2,5,2,COMPLETE
271,0.8018867924528302,2026-07-08 15:58:15.323121,2026-07-08 15:58:15.323121,0 days 00:00:00,1000,sqrt,5,2,COMPLETE
272,0.8018867924528302,2026-07-08 15:58:15.323121,2026-07-08 15:58:15.338925,0 days 00:00:00.015804,10,log2,5,2,COMPLETE
273,0.8018867924528302,2026-07-08 15:58:15.338925,2026-07-08 15:58:15.338925,0 days 00:00:00,100,log2,5,2,COMPLETE
274,0.8018867924528302,2026-07-08 15:58:15.338925,2026-07-08 15:58:15.354948,0 days 00:00:00.016023,10,sqrt,5,2,COMPLETE
275,0.8018867924528302,2026-07-08 15:58:15.354948,2026-07-08 15:58:15.354948,0 days 00:00:00,1000,log2,5,2,COMPLETE
276,0.8018867924528302,2026-07-08 15:58:15.354948,2026-07-08 15:58:15.354948,0 days 00:00:00,100,log2,5,2,COMPLETE
277,0.8018867924528302,2026-07-08 15:58:15.354948,2026-07-08 15:58:15.370793,0 days 00:00:00.015845,10,sqrt,5,2,COMPLETE
278,0.7358490566037735,2026-07-08 15:58:15.370793,2026-07-08 15:58:15.370793,0 days 00:00:00,1000,log2,1,10,COMPLETE
279,0.8018867924528302,2026-07-08 15:58:15.370793,2026-07-08 15:58:15.386564,0 days 00:00:00.015771,100,log2,5,2,COMPLETE
280,0.8018867924528302,2026-07-08 15:58:15.386564,2026-07-08 15:58:15.386564,0 days 00:00:00,10,sqrt,5,2,COMPLETE
281,0.8018867924528302,2026-07-08 15:58:15.386564,2026-07-08 15:58:15.386564,0 days 00:00:00,100,log2,5,2,COMPLETE
282,0.8018867924528302,2026-07-08 15:58:15.386564,2026-07-08 15:58:15.402318,0 days 00:00:00.015754,1000,log2,5,2,COMPLETE
283,0.8018867924528302,2026-07-08 15:58:15.402318,2026-07-08 15:58:15.402318,0 days 00:00:00,10,sqrt,5,2,COMPLETE
284,0.8018867924528302,2026-07-08 15:58:15.402318,2026-07-08 15:58:15.418252,0 days 00:00:00.015934,100,log2,5,2,COMPLETE
285,0.8018867924528302,2026-07-08 15:58:15.418252,2026-07-08 15:58:15.418252,0 days 00:00:00,1000,log2,5,2,COMPLETE
286,0.8018867924528302,2026-07-08 15:58:15.418252,2026-07-08 15:58:15.418252,0 days 00:00:00,10,sqrt,5,2,COMPLETE
287,0.8018867924528302,2026-07-08 15:58:15.418252,2026-07-08 15:58:15.434089,0 days 00:00:00.015837,100,log2,5,2,COMPLETE
288,0.8018867924528302,2026-07-08 15:58:15.434089,2026-07-08 15:58:15.434089,0 days 00:00:00,10,log2,5,2,COMPLETE
289,0.8018867924528302,2026-07-08 15:58:15.434089,2026-07-08 15:58:15.449904,0 days 00:00:00.015815,1000,sqrt,5,10,COMPLETE
290,0.8018867924528302,2026-07-08 15:58:15.449904,2026-07-08 15:58:15.449904,0 days 00:00:00,100,log2,5,2,COMPLETE
291,0.8018867924528302,2026-07-08 15:58:15.449904,2026-07-08 15:58:15.449904,0 days 00:00:00,10,log2,5,2,COMPLETE
292,0.8018867924528302,2026-07-08 15:58:15.449904,2026-07-08 15:58:15.465702,0 days 00:00:00.015798,1000,sqrt,5,2,COMPLETE
293,0.8018867924528302,2026-07-08 15:58:15.465702,2026-07-08 15:58:15.465702,0 days 00:00:00,100,log2,5,2,COMPLETE
294,0.8018867924528302,2026-07-08 15:58:15.465702,2026-07-08 15:58:15.481478,0 days 00:00:00.015776,10,log2,5,2,COMPLETE
295,0.8018867924528302,2026-07-08 15:58:15.481478,2026-07-08 15:58:15.481478,0 days 00:00:00,1000,sqrt,5,2,COMPLETE
296,0.8018867924528302,2026-07-08 15:58:15.481478,2026-07-08 15:58:15.481478,0 days 00:00:00,100,log2,5,2,COMPLETE
297,0.8018867924528302,2026-07-08 15:58:15.481478,2026-07-08 15:58:15.497483,0 days 00:00:00.016005,10,log2,5,2,COMPLETE
298,0.8018867924528302,2026-07-08 15:58:15.497483,2026-07-08 15:58:15.497483,0 days 00:00:00,100,sqrt,5,2,COMPLETE
299,0.7264150943396226,2026-07-08 15:58:15.497483,2026-07-08 15:58:15.513352,0 days 00:00:00.015869,1000,log2,1,2,COMPLETE
300,0.8018867924528302,2026-07-08 15:58:15.513352,2026-07-08 15:58:15.513352,0 days 00:00:00,10,log2,5,2,COMPLETE
301,0.8018867924528302,2026-07-08 15:58:15.513352,2026-07-08 15:58:15.513352,0 days 00:00:00,100,sqrt,5,10,COMPLETE
302,0.8018867924528302,2026-07-08 15:58:15.513352,2026-07-08 15:58:15.529165,0 days 00:00:00.015813,10,log2,5,2,COMPLETE
303,0.8018867924528302,2026-07-08 15:58:15.529165,2026-07-08 15:58:15.529165,0 days 00:00:00,1000,log2,5,2,COMPLETE
304,0.8018867924528302,2026-07-08 15:58:15.529165,2026-07-08 15:58:15.545029,0 days 00:00:00.015864,100,sqrt,5,2,COMPLETE
305,0.8018867924528302,2026-07-08 15:58:15.545029,2026-07-08 15:58:15.545029,0 days 00:00:00,10,log2,5,2,COMPLETE
306,0.8018867924528302,2026-07-08 15:58:15.545029,2026-07-08 15:58:15.545029,0 days 00:00:00,1000,log2,5,2,COMPLETE
307,0.8018867924528302,2026-07-08 15:58:15.545029,2026-07-08 15:58:15.560709,0 days 00:00:00.015680,100,sqrt,5,2,COMPLETE
308,0.8018867924528302,2026-07-08 15:58:15.560709,2026-07-08 15:58:15.560709,0 days 00:00:00,10,log2,5,2,COMPLETE
309,0.8018867924528302,2026-07-08 15:58:15.560709,2026-07-08 15:58:15.576528,0 days 00:00:00.015819,1000,log2,5,2,COMPLETE
310,0.8018867924528302,2026-07-08 15:58:15.576528,2026-07-08 15:58:15.576528,0 days 00:00:00,100,sqrt,5,2,COMPLETE
311,0.8018867924528302,2026-07-08 15:58:15.576528,2026-07-08 15:58:15.576528,0 days 00:00:00,10,log2,5,2,COMPLETE
312,0.8018867924528302,2026-07-08 15:58:15.576528,2026-07-08 15:58:15.592297,0 days 00:00:00.015769,100,log2,5,10,COMPLETE
313,0.8018867924528302,2026-07-08 15:58:15.592297,2026-07-08 15:58:15.592297,0 days 00:00:00,1000,sqrt,5,2,COMPLETE
314,0.8018867924528302,2026-07-08 15:58:15.592297,2026-07-08 15:58:15.608003,0 days 00:00:00.015706,10,log2,5,2,COMPLETE
315,0.8018867924528302,2026-07-08 15:58:15.608003,2026-07-08 15:58:15.608003,0 days 00:00:00,100,log2,5,2,COMPLETE
316,0.8018867924528302,2026-07-08 15:58:15.608003,2026-07-08 15:58:15.623764,0 days 00:00:00.015761,10,sqrt,5,2,COMPLETE
317,0.7264150943396226,2026-07-08 15:58:15.623764,2026-07-08 15:58:15.623764,0 days 00:00:00,1000,log2,1,2,COMPLETE
318,0.8018867924528302,2026-07-08 15:58:15.623764,2026-07-08 15:58:15.623764,0 days 00:00:00,100,sqrt,5,2,COMPLETE
319,0.8018867924528302,2026-07-08 15:58:15.623764,2026-07-08 15:58:15.639533,0 days 00:00:00.015769,10,log2,5,2,COMPLETE
320,0.8018867924528302,2026-07-08 15:58:15.639533,2026-07-08 15:58:15.639533,0 days 00:00:00,1000,log2,5,2,COMPLETE
321,0.8018867924528302,2026-07-08 15:58:15.639533,2026-07-08 15:58:15.655293,0 days 00:00:00.015760,100,sqrt,5,2,COMPLETE
322,0.8018867924528302,2026-07-08 15:58:15.655293,2026-07-08 15:58:15.655293,0 days 00:00:00,10,log2,5,2,COMPLETE
323,0.8018867924528302,2026-07-08 15:58:15.655293,2026-07-08 15:58:15.670977,0 days 00:00:00.015684,1000,log2,5,10,COMPLETE
324,0.8018867924528302,2026-07-08 15:58:15.670977,2026-07-08 15:58:15.670977,0 days 00:00:00,100,sqrt,5,2,COMPLETE
325,0.8018867924528302,2026-07-08 15:58:15.670977,2026-07-08 15:58:15.670977,0 days 00:00:00,10,log2,5,2,COMPLETE
326,0.8018867924528302,2026-07-08 15:58:15.670977,2026-07-08 15:58:15.686715,0 days 00:00:00.015738,100,log2,5,2,COMPLETE
327,0.8018867924528302,2026-07-08 15:58:15.686715,2026-07-08 15:58:15.686715,0 days 00:00:00,1000,sqrt,5,2,COMPLETE
328,0.8018867924528302,2026-07-08 15:58:15.686715,2026-07-08 15:58:15.702786,0 days 00:00:00.016071,10,log2,5,2,COMPLETE
329,0.8018867924528302,2026-07-08 15:58:15.702786,2026-07-08 15:58:15.702786,0 days 00:00:00,100,log2,5,2,COMPLETE
330,0.8018867924528302,2026-07-08 15:58:15.702786,2026-07-08 15:58:15.702786,0 days 00:00:00,10,sqrt,5,2,COMPLETE
331,0.8018867924528302,2026-07-08 15:58:15.702786,2026-07-08 15:58:15.718527,0 days 00:00:00.015741,1000,log2,5,2,COMPLETE
332,0.8018867924528302,2026-07-08 15:58:15.718527,2026-07-08 15:58:15.718527,0 days 00:00:00,100,log2,5,2,COMPLETE
333,0.8018867924528302,2026-07-08 15:58:15.718527,2026-07-08 15:58:15.734726,0 days 00:00:00.016199,10,sqrt,5,2,COMPLETE
334,0.8018867924528302,2026-07-08 15:58:15.734726,2026-07-08 15:58:15.734726,0 days 00:00:00,1000,log2,5,2,COMPLETE
335,0.8018867924528302,2026-07-08 15:58:15.734726,2026-07-08 15:58:15.750506,0 days 00:00:00.015780,100,log2,5,10,COMPLETE
336,0.8018867924528302,2026-07-08 15:58:15.750506,2026-07-08 15:58:15.750506,0 days 00:00:00,10,sqrt,5,2,COMPLETE
337,0.7264150943396226,2026-07-08 15:58:15.750506,2026-07-08 15:58:15.750506,0 days 00:00:00,1000,log2,1,2,COMPLETE
338,0.8018867924528302,2026-07-08 15:58:15.750506,2026-07-08 15:58:15.766212,0 days 00:00:00.015706,100,log2,5,2,COMPLETE
339,0.8018867924528302,2026-07-08 15:58:15.766212,2026-07-08 15:58:15.766212,0 days 00:00:00,10,sqrt,5,2,COMPLETE
340,0.8018867924528302,2026-07-08 15:58:15.766212,2026-07-08 15:58:15.782086,0 days 00:00:00.015874,100,log2,5,2,COMPLETE
341,0.8018867924528302,2026-07-08 15:58:15.782086,2026-07-08 15:58:15.782086,0 days 00:00:00,1000,log2,5,2,COMPLETE
342,0.8018867924528302,2026-07-08 15:58:15.782086,2026-07-08 15:58:15.798280,0 days 00:00:00.016194,10,sqrt,5,2,COMPLETE
343,0.8018867924528302,2026-07-08 15:58:15.798280,2026-07-08 15:58:15.798280,0 days 00:00:00,100,log2,5,2,COMPLETE
344,0.8018867924528302,2026-07-08 15:58:15.798280,2026-07-08 15:58:15.798280,0 days 00:00:00,1000,log2,5,2,COMPLETE
345,0.8018867924528302,2026-07-08 15:58:15.798280,2026-07-08 15:58:15.814068,0 days 00:00:00.015788,10,sqrt,5,2,COMPLETE
346,0.8018867924528302,2026-07-08 15:58:15.814068,2026-07-08 15:58:15.814068,0 days 00:00:00,100,log2,5,10,COMPLETE
347,0.8018867924528302,2026-07-08 15:58:15.814068,2026-07-08 15:58:15.829808,0 days 00:00:00.015740,10,log2,5,2,COMPLETE
348,0.8018867924528302,2026-07-08 15:58:15.829808,2026-07-08 15:58:15.829808,0 days 00:00:00,1000,sqrt,5,2,COMPLETE
349,0.8018867924528302,2026-07-08 15:58:15.829808,2026-07-08 15:58:15.845637,0 days 00:00:00.015829,100,log2,5,2,COMPLETE
350,0.8018867924528302,2026-07-08 15:58:15.845637,2026-07-08 15:58:15.845637,0 days 00:00:00,10,log2,5,2,COMPLETE
351,0.8018867924528302,2026-07-08 15:58:15.845637,2026-07-08 15:58:15.845637,0 days 00:00:00,1000,sqrt,5,2,COMPLETE
352,0.8018867924528302,2026-07-08 15:58:15.845637,2026-07-08 15:58:15.861405,0 days 00:00:00.015768,100,log2,5,2,COMPLETE
353,0.8018867924528302,2026-07-08 15:58:15.861405,2026-07-08 15:58:15.861405,0 days 00:00:00,10,log2,5,2,COMPLETE
354,0.8018867924528302,2026-07-08 15:58:15.861405,2026-07-08 15:58:15.877195,0 days 00:00:00.015790,100,sqrt,5,2,COMPLETE
355,0.7264150943396226,2026-07-08 15:58:15.877195,2026-07-08 15:58:15.877195,0 days 00:00:00,1000,log2,1,2,COMPLETE
356,0.8018867924528302,2026-07-08 15:58:15.877195,2026-07-08 15:58:15.893055,0 days 00:00:00.015860,10,log2,5,2,COMPLETE
357,0.8018867924528302,2026-07-08 15:58:15.893055,2026-07-08 15:58:15.893055,0 days 00:00:00,100,sqrt,5,10,COMPLETE
358,0.8018867924528302,2026-07-08 15:58:15.893055,2026-07-08 15:58:15.893055,0 days 00:00:00,1000,log2,5,2,COMPLETE
359,0.8018867924528302,2026-07-08 15:58:15.893055,2026-07-08 15:58:15.909017,0 days 00:00:00.015962,10,log2,5,2,COMPLETE
360,0.8018867924528302,2026-07-08 15:58:15.909017,2026-07-08 15:58:15.909017,0 days 00:00:00,100,sqrt,5,2,COMPLETE
361,0.8018867924528302,2026-07-08 15:58:15.909017,2026-07-08 15:58:15.925005,0 days 00:00:00.015988,10,log2,5,2,COMPLETE
362,0.8018867924528302,2026-07-08 15:58:15.925005,2026-07-08 15:58:15.925005,0 days 00:00:00,1000,log2,5,2,COMPLETE
363,0.8018867924528302,2026-07-08 15:58:15.925005,2026-07-08 15:58:15.941129,0 days 00:00:00.016124,100,sqrt,5,2,COMPLETE
364,0.8018867924528302,2026-07-08 15:58:15.941129,2026-07-08 15:58:15.941129,0 days 00:00:00,10,log2,5,2,COMPLETE
365,0.8018867924528302,2026-07-08 15:58:15.941129,2026-07-08 15:58:15.941129,0 days 00:00:00,1000,log2,5,2,COMPLETE
366,0.8018867924528302,2026-07-08 15:58:15.956816,2026-07-08 15:58:15.956816,0 days 00:00:00,100,sqrt,5,2,COMPLETE
367,0.8018867924528302,2026-07-08 15:58:15.956816,2026-07-08 15:58:15.956816,0 days 00:00:00,10,log2,5,2,COMPLETE
368,0.8018867924528302,2026-07-08 15:58:15.956816,2026-07-08 15:58:15.972531,0 days 00:00:00.015715,100,log2,5,2,COMPLETE
369,0.8018867924528302,2026-07-08 15:58:15.972531,2026-07-08 15:58:15.972531,0 days 00:00:00,1000,sqrt,5,10,COMPLETE
370,0.8018867924528302,2026-07-08 15:58:15.972531,2026-07-08 15:58:15.988426,0 days 00:00:00.015895,10,log2,5,2,COMPLETE
371,0.8018867924528302,2026-07-08 15:58:15.988426,2026-07-08 15:58:15.988426,0 days 00:00:00,100,log2,5,2,COMPLETE
372,0.8018867924528302,2026-07-08 15:58:15.988426,2026-07-08 15:58:16.004221,0 days 00:00:00.015795,1000,sqrt,5,2,COMPLETE
373,0.8018867924528302,2026-07-08 15:58:16.004221,2026-07-08 15:58:16.004221,0 days 00:00:00,10,log2,5,2,COMPLETE
374,0.7264150943396226,2026-07-08 15:58:16.004221,2026-07-08 15:58:16.004221,0 days 00:00:00,100,log2,1,2,COMPLETE
375,0.8018867924528302,2026-07-08 15:58:16.004221,2026-07-08 15:58:16.020077,0 days 00:00:00.015856,10,sqrt,5,2,COMPLETE
376,0.8018867924528302,2026-07-08 15:58:16.020077,2026-07-08 15:58:16.020077,0 days 00:00:00,1000,log2,5,2,COMPLETE
377,0.8018867924528302,2026-07-08 15:58:16.020077,2026-07-08 15:58:16.035946,0 days 00:00:00.015869,100,log2,5,2,COMPLETE
378,0.8018867924528302,2026-07-08 15:58:16.035946,2026-07-08 15:58:16.035946,0 days 00:00:00,10,sqrt,5,2,COMPLETE
379,0.8018867924528302,2026-07-08 15:58:16.035946,2026-07-08 15:58:16.051852,0 days 00:00:00.015906,1000,log2,5,2,COMPLETE
380,0.8018867924528302,2026-07-08 15:58:16.051852,2026-07-08 15:58:16.051852,0 days 00:00:00,100,sqrt,5,10,COMPLETE
381,0.8018867924528302,2026-07-08 15:58:16.051852,2026-07-08 15:58:16.067595,0 days 00:00:00.015743,10,log2,5,2,COMPLETE
382,0.8018867924528302,2026-07-08 15:58:16.067595,2026-07-08 15:58:16.067595,0 days 00:00:00,100,log2,5,2,COMPLETE
383,0.8018867924528302,2026-07-08 15:58:16.067595,2026-07-08 15:58:16.083453,0 days 00:00:00.015858,1000,sqrt,5,2,COMPLETE
384,0.8018867924528302,2026-07-08 15:58:16.083453,2026-07-08 15:58:16.083453,0 days 00:00:00,10,log2,5,2,COMPLETE
385,0.8018867924528302,2026-07-08 15:58:16.083453,2026-07-08 15:58:16.083453,0 days 00:00:00,100,log2,5,2,COMPLETE
386,0.8018867924528302,2026-07-08 15:58:16.099163,2026-07-08 15:58:16.099163,0 days 00:00:00,1000,sqrt,5,2,COMPLETE
387,0.8018867924528302,2026-07-08 15:58:16.099163,2026-07-08 15:58:16.099163,0 days 00:00:00,10,log2,5,2,COMPLETE
388,0.8018867924528302,2026-07-08 15:58:16.099163,2026-07-08 15:58:16.114851,0 days 00:00:00.015688,100,log2,5,2,COMPLETE
389,0.8018867924528302,2026-07-08 15:58:16.114851,2026-07-08 15:58:16.114851,0 days 00:00:00,10,sqrt,5,2,COMPLETE
390,0.8018867924528302,2026-07-08 15:58:16.114851,2026-07-08 15:58:16.130902,0 days 00:00:00.016051,1000,log2,5,2,COMPLETE
391,0.8018867924528302,2026-07-08 15:58:16.130902,2026-07-08 15:58:16.130902,0 days 00:00:00,100,log2,5,10,COMPLETE
392,0.8018867924528302,2026-07-08 15:58:16.130902,2026-07-08 15:58:16.146688,0 days 00:00:00.015786,10,sqrt,5,2,COMPLETE
393,0.8018867924528302,2026-07-08 15:58:16.146688,2026-07-08 15:58:16.146688,0 days 00:00:00,1000,log2,5,2,COMPLETE
394,0.7264150943396226,2026-07-08 15:58:16.146688,2026-07-08 15:58:16.162448,0 days 00:00:00.015760,100,log2,1,2,COMPLETE
395,0.8018867924528302,2026-07-08 15:58:16.162448,2026-07-08 15:58:16.162448,0 days 00:00:00,10,sqrt,5,2,COMPLETE
396,0.8018867924528302,2026-07-08 15:58:16.162448,2026-07-08 15:58:16.178286,0 days 00:00:00.015838,1000,log2,5,2,COMPLETE
397,0.8018867924528302,2026-07-08 15:58:16.178286,2026-07-08 15:58:16.178286,0 days 00:00:00,100,log2,5,2,COMPLETE
398,0.8018867924528302,2026-07-08 15:58:16.178286,2026-07-08 15:58:16.194113,0 days 00:00:00.015827,10,sqrt,5,2,COMPLETE
399,0.8018867924528302,2026-07-08 15:58:16.194113,2026-07-08 15:58:16.194113,0 days 00:00:00,100,log2,5,2,COMPLETE
400,0.8018867924528302,2026-07-08 15:58:16.194113,2026-07-08 15:58:16.210115,0 days 00:00:00.016002,1000,log2,5,2,COMPLETE
401,0.8018867924528302,2026-07-08 15:58:16.210115,2026-07-08 15:58:16.210115,0 days 00:00:00,10,sqrt,5,2,COMPLETE
402,0.8018867924528302,2026-07-08 15:58:16.210115,2026-07-08 15:58:16.225950,0 days 00:00:00.015835,100,log2,5,2,COMPLETE
403,0.8018867924528302,2026-07-08 15:58:16.225950,2026-07-08 15:58:16.225950,0 days 00:00:00,10,log2,5,2,COMPLETE
404,0.8018867924528302,2026-07-08 15:58:16.225950,2026-07-08 15:58:16.241959,0 days 00:00:00.016009,1000,sqrt,5,10,COMPLETE
405,0.8018867924528302,2026-07-08 15:58:16.241959,2026-07-08 15:58:16.252029,0 days 00:00:00.010070,100,log2,5,2,COMPLETE
406,0.8018867924528302,2026-07-08 15:58:16.252029,2026-07-08 15:58:16.258078,0 days 00:00:00.006049,10,log2,5,2,COMPLETE
407,0.8018867924528302,2026-07-08 15:58:16.258078,2026-07-08 15:58:16.258078,0 days 00:00:00,1000,sqrt,5,2,COMPLETE
408,0.8018867924528302,2026-07-08 15:58:16.258078,2026-07-08 15:58:16.273841,0 days 00:00:00.015763,100,log2,5,2,COMPLETE
409,0.8018867924528302,2026-07-08 15:58:16.273841,2026-07-08 15:58:16.273841,0 days 00:00:00,10,log2,5,2,COMPLETE
410,0.8018867924528302,2026-07-08 15:58:16.273841,2026-07-08 15:58:16.289904,0 days 00:00:00.016063,1000,sqrt,5,2,COMPLETE
411,0.8018867924528302,2026-07-08 15:58:16.289904,2026-07-08 15:58:16.289904,0 days 00:00:00,100,log2,5,2,COMPLETE
412,0.8018867924528302,2026-07-08 15:58:16.289904,2026-07-08 15:58:16.305991,0 days 00:00:00.016087,10,log2,5,2,COMPLETE
413,0.8018867924528302,2026-07-08 15:58:16.305991,2026-07-08 15:58:16.305991,0 days 00:00:00,100,sqrt,5,2,COMPLETE
414,0.8018867924528302,2026-07-08 15:58:16.305991,2026-07-08 15:58:16.321789,0 days 00:00:00.015798,1000,log2,5,10,COMPLETE
415,0.8018867924528302,2026-07-08 15:58:16.321789,2026-07-08 15:58:16.321789,0 days 00:00:00,10,log2,5,2,COMPLETE
416,0.7264150943396226,2026-07-08 15:58:16.321789,2026-07-08 15:58:16.337613,0 days 00:00:00.015824,100,sqrt,1,2,COMPLETE
417,0.8018867924528302,2026-07-08 15:58:16.337613,2026-07-08 15:58:16.337613,0 days 00:00:00,10,log2,5,2,COMPLETE
418,0.8018867924528302,2026-07-08 15:58:16.337613,2026-07-08 15:58:16.337613,0 days 00:00:00,1000,log2,5,2,COMPLETE
419,0.8018867924528302,2026-07-08 15:58:16.337613,2026-07-08 15:58:16.353709,0 days 00:00:00.016096,100,sqrt,5,2,COMPLETE
420,0.8018867924528302,2026-07-08 15:58:16.353709,2026-07-08 15:58:16.353709,0 days 00:00:00,10,log2,5,2,COMPLETE
421,0.8018867924528302,2026-07-08 15:58:16.353709,2026-07-08 15:58:16.369644,0 days 00:00:00.015935,1000,log2,5,2,COMPLETE
422,0.8018867924528302,2026-07-08 15:58:16.369644,2026-07-08 15:58:16.369644,0 days 00:00:00,100,sqrt,5,2,COMPLETE
423,0.8018867924528302,2026-07-08 15:58:16.369644,2026-07-08 15:58:16.385375,0 days 00:00:00.015731,10,log2,5,2,COMPLETE
424,0.8018867924528302,2026-07-08 15:58:16.385375,2026-07-08 15:58:16.401341,0 days 00:00:00.015966,1000,log2,5,2,COMPLETE
425,0.8018867924528302,2026-07-08 15:58:16.401341,2026-07-08 15:58:16.401341,0 days 00:00:00,100,sqrt,5,10,COMPLETE
426,0.8018867924528302,2026-07-08 15:58:16.401341,2026-07-08 15:58:16.417048,0 days 00:00:00.015707,10,log2,5,2,COMPLETE
427,0.8018867924528302,2026-07-08 15:58:16.417048,2026-07-08 15:58:16.417048,0 days 00:00:00,100,log2,5,2,COMPLETE
428,0.8018867924528302,2026-07-08 15:58:16.417048,2026-07-08 15:58:16.432708,0 days 00:00:00.015660,1000,sqrt,5,2,COMPLETE
429,0.8018867924528302,2026-07-08 15:58:16.432708,2026-07-08 15:58:16.432708,0 days 00:00:00,10,log2,5,2,COMPLETE
430,0.8018867924528302,2026-07-08 15:58:16.432708,2026-07-08 15:58:16.448532,0 days 00:00:00.015824,100,log2,5,2,COMPLETE
431,0.8018867924528302,2026-07-08 15:58:16.448532,2026-07-08 15:58:16.448532,0 days 00:00:00,1000,sqrt,5,2,COMPLETE
432,0.7830188679245284,2026-07-08 15:58:16.448532,2026-07-08 15:58:16.464483,0 days 00:00:00.015951,10,log2,1,2,COMPLETE
433,0.8018867924528302,2026-07-08 15:58:16.464483,2026-07-08 15:58:16.464483,0 days 00:00:00,100,log2,5,2,COMPLETE
434,0.8018867924528302,2026-07-08 15:58:16.464483,2026-07-08 15:58:16.480212,0 days 00:00:00.015729,10,sqrt,5,2,COMPLETE
435,0.8018867924528302,2026-07-08 15:58:16.480212,2026-07-08 15:58:16.480212,0 days 00:00:00,1000,log2,5,2,COMPLETE
436,0.8018867924528302,2026-07-08 15:58:16.480212,2026-07-08 15:58:16.496058,0 days 00:00:00.015846,100,log2,5,2,COMPLETE
437,0.8018867924528302,2026-07-08 15:58:16.496058,2026-07-08 15:58:16.496058,0 days 00:00:00,10,sqrt,5,10,COMPLETE
438,0.8018867924528302,2026-07-08 15:58:16.496058,2026-07-08 15:58:16.511725,0 days 00:00:00.015667,1000,log2,5,2,COMPLETE
439,0.8018867924528302,2026-07-08 15:58:16.511725,2026-07-08 15:58:16.511725,0 days 00:00:00,100,sqrt,5,2,COMPLETE
440,0.8018867924528302,2026-07-08 15:58:16.511725,2026-07-08 15:58:16.527743,0 days 00:00:00.016018,10,log2,5,2,COMPLETE
441,0.8018867924528302,2026-07-08 15:58:16.527743,2026-07-08 15:58:16.527743,0 days 00:00:00,100,log2,5,2,COMPLETE
442,0.8018867924528302,2026-07-08 15:58:16.527743,2026-07-08 15:58:16.543743,0 days 00:00:00.016000,1000,sqrt,5,2,COMPLETE
443,0.8018867924528302,2026-07-08 15:58:16.543743,2026-07-08 15:58:16.543743,0 days 00:00:00,10,log2,5,2,COMPLETE
444,0.8018867924528302,2026-07-08 15:58:16.543743,2026-07-08 15:58:16.559437,0 days 00:00:00.015694,100,log2,5,2,COMPLETE
445,0.8018867924528302,2026-07-08 15:58:16.559437,2026-07-08 15:58:16.559437,0 days 00:00:00,1000,sqrt,5,2,COMPLETE
446,0.8018867924528302,2026-07-08 15:58:16.559437,2026-07-08 15:58:16.575258,0 days 00:00:00.015821,10,log2,5,2,COMPLETE
447,0.8018867924528302,2026-07-08 15:58:16.575258,2026-07-08 15:58:16.575258,0 days 00:00:00,100,log2,5,2,COMPLETE
448,0.8018867924528302,2026-07-08 15:58:16.575258,2026-07-08 15:58:16.591001,0 days 00:00:00.015743,10,sqrt,5,10,COMPLETE
449,0.8018867924528302,2026-07-08 15:58:16.591001,2026-07-08 15:58:16.591001,0 days 00:00:00,1000,log2,5,2,COMPLETE
450,0.8018867924528302,2026-07-08 15:58:16.591001,2026-07-08 15:58:16.606643,0 days 00:00:00.015642,100,log2,5,2,COMPLETE
451,0.7830188679245284,2026-07-08 15:58:16.606643,2026-07-08 15:58:16.606643,0 days 00:00:00,10,sqrt,1,2,COMPLETE
452,0.8018867924528302,2026-07-08 15:58:16.606643,2026-07-08 15:58:16.622443,0 days 00:00:00.015800,1000,log2,5,2,COMPLETE
453,0.8018867924528302,2026-07-08 15:58:16.622443,2026-07-08 15:58:16.622443,0 days 00:00:00,100,log2,5,2,COMPLETE
454,0.8018867924528302,2026-07-08 15:58:16.622443,2026-07-08 15:58:16.638453,0 days 00:00:00.016010,10,sqrt,5,2,COMPLETE
455,0.8018867924528302,2026-07-08 15:58:16.638453,2026-07-08 15:58:16.638453,0 days 00:00:00,100,log2,5,2,COMPLETE
456,0.8018867924528302,2026-07-08 15:58:16.638453,2026-07-08 15:58:16.638453,0 days 00:00:00,1000,log2,5,2,COMPLETE
457,0.8018867924528302,2026-07-08 15:58:16.638453,2026-07-08 15:58:16.654381,0 days 00:00:00.015928,10,sqrt,5,2,COMPLETE
458,0.8018867924528302,2026-07-08 15:58:16.654381,2026-07-08 15:58:16.654381,0 days 00:00:00,100,log2,5,2,COMPLETE
459,0.8018867924528302,2026-07-08 15:58:16.654381,2026-07-08 15:58:16.670156,0 days 00:00:00.015775,1000,log2,5,10,COMPLETE
460,0.8018867924528302,2026-07-08 15:58:16.670156,2026-07-08 15:58:16.670156,0 days 00:00:00,10,sqrt,5,2,COMPLETE
461,0.8018867924528302,2026-07-08 15:58:16.670156,2026-07-08 15:58:16.686019,0 days 00:00:00.015863,100,log2,5,2,COMPLETE
462,0.8018867924528302,2026-07-08 15:58:16.686019,2026-07-08 15:58:16.686019,0 days 00:00:00,10,log2,5,2,COMPLETE
463,0.8018867924528302,2026-07-08 15:58:16.686019,2026-07-08 15:58:16.701747,0 days 00:00:00.015728,1000,sqrt,5,2,COMPLETE
464,0.8018867924528302,2026-07-08 15:58:16.701747,2026-07-08 15:58:16.701747,0 days 00:00:00,100,log2,5,2,COMPLETE
465,0.8018867924528302,2026-07-08 15:58:16.701747,2026-07-08 15:58:16.717544,0 days 00:00:00.015797,10,log2,5,2,COMPLETE
466,0.8018867924528302,2026-07-08 15:58:16.717544,2026-07-08 15:58:16.717544,0 days 00:00:00,1000,sqrt,5,2,COMPLETE
467,0.8018867924528302,2026-07-08 15:58:16.717544,2026-07-08 15:58:16.733497,0 days 00:00:00.015953,100,log2,5,2,COMPLETE
468,0.8018867924528302,2026-07-08 15:58:16.733497,2026-07-08 15:58:16.733497,0 days 00:00:00,10,log2,5,2,COMPLETE
469,0.8018867924528302,2026-07-08 15:58:16.733497,2026-07-08 15:58:16.733497,0 days 00:00:00,100,sqrt,5,2,COMPLETE
470,0.7264150943396226,2026-07-08 15:58:16.749392,2026-07-08 15:58:16.749392,0 days 00:00:00,1000,log2,1,2,COMPLETE
471,0.8018867924528302,2026-07-08 15:58:16.749392,2026-07-08 15:58:16.749392,0 days 00:00:00,10,log2,5,10,COMPLETE
472,0.8018867924528302,2026-07-08 15:58:16.749392,2026-07-08 15:58:16.765164,0 days 00:00:00.015772,100,sqrt,5,2,COMPLETE
473,0.8018867924528302,2026-07-08 15:58:16.765164,2026-07-08 15:58:16.765164,0 days 00:00:00,1000,log2,5,2,COMPLETE
474,0.8018867924528302,2026-07-08 15:58:16.765164,2026-07-08 15:58:16.781104,0 days 00:00:00.015940,10,log2,5,2,COMPLETE
475,0.8018867924528302,2026-07-08 15:58:16.781104,2026-07-08 15:58:16.781104,0 days 00:00:00,100,sqrt,5,2,COMPLETE
476,0.8018867924528302,2026-07-08 15:58:16.781104,2026-07-08 15:58:16.797215,0 days 00:00:00.016111,10,log2,5,2,COMPLETE
477,0.8018867924528302,2026-07-08 15:58:16.797215,2026-07-08 15:58:16.797215,0 days 00:00:00,1000,log2,5,2,COMPLETE
478,0.8018867924528302,2026-07-08 15:58:16.797215,2026-07-08 15:58:16.812889,0 days 00:00:00.015674,100,sqrt,5,2,COMPLETE
479,0.8018867924528302,2026-07-08 15:58:16.812889,2026-07-08 15:58:16.812889,0 days 00:00:00,10,log2,5,2,COMPLETE
480,0.8018867924528302,2026-07-08 15:58:16.812889,2026-07-08 15:58:16.828692,0 days 00:00:00.015803,1000,log2,5,2,COMPLETE
481,0.8018867924528302,2026-07-08 15:58:16.828692,2026-07-08 15:58:16.828692,0 days 00:00:00,100,sqrt,5,2,COMPLETE
482,0.8018867924528302,2026-07-08 15:58:16.828692,2026-07-08 15:58:16.844496,0 days 00:00:00.015804,10,log2,5,10,COMPLETE
483,0.8018867924528302,2026-07-08 15:58:16.844496,2026-07-08 15:58:16.844496,0 days 00:00:00,100,log2,5,2,COMPLETE
484,0.8018867924528302,2026-07-08 15:58:16.844496,2026-07-08 15:58:16.860569,0 days 00:00:00.016073,1000,sqrt,5,2,COMPLETE
485,0.8018867924528302,2026-07-08 15:58:16.860569,2026-07-08 15:58:16.860569,0 days 00:00:00,10,log2,5,2,COMPLETE
486,0.8018867924528302,2026-07-08 15:58:16.860569,2026-07-08 15:58:16.876317,0 days 00:00:00.015748,100,log2,5,2,COMPLETE
487,0.8018867924528302,2026-07-08 15:58:16.876317,2026-07-08 15:58:16.876317,0 days 00:00:00,1000,sqrt,5,2,COMPLETE
488,0.8018867924528302,2026-07-08 15:58:16.876317,2026-07-08 15:58:16.892241,0 days 00:00:00.015924,10,log2,5,2,COMPLETE
489,0.8018867924528302,2026-07-08 15:58:16.892241,2026-07-08 15:58:16.892241,0 days 00:00:00,100,log2,5,2,COMPLETE
490,0.7830188679245284,2026-07-08 15:58:16.892241,2026-07-08 15:58:16.908027,0 days 00:00:00.015786,10,sqrt,1,2,COMPLETE
491,0.8018867924528302,2026-07-08 15:58:16.908027,2026-07-08 15:58:16.908027,0 days 00:00:00,1000,log2,5,2,COMPLETE
492,0.8018867924528302,2026-07-08 15:58:16.908027,2026-07-08 15:58:16.923825,0 days 00:00:00.015798,100,log2,5,2,COMPLETE
493,0.8018867924528302,2026-07-08 15:58:16.923825,2026-07-08 15:58:16.923825,0 days 00:00:00,10,sqrt,5,10,COMPLETE
494,0.8018867924528302,2026-07-08 15:58:16.923825,2026-07-08 15:58:16.939587,0 days 00:00:00.015762,1000,log2,5,2,COMPLETE
495,0.8018867924528302,2026-07-08 15:58:16.939587,2026-07-08 15:58:16.939587,0 days 00:00:00,100,log2,5,2,COMPLETE
496,0.8018867924528302,2026-07-08 15:58:16.939587,2026-07-08 15:58:16.955640,0 days 00:00:00.016053,10,sqrt,5,2,COMPLETE
497,0.8018867924528302,2026-07-08 15:58:16.955640,2026-07-08 15:58:16.971438,0 days 00:00:00.015798,1000,log2,5,2,COMPLETE
498,0.8018867924528302,2026-07-08 15:58:16.971438,2026-07-08 15:58:16.971438,0 days 00:00:00,100,sqrt,5,2,COMPLETE
499,0.8018867924528302,2026-07-08 15:58:16.971438,2026-07-08 15:58:16.971438,0 days 00:00:00,10,log2,5,2,COMPLETE
