number,value,datetime_start,datetime_complete,duration,params_booster,params_learning_rate,params_max_delta_step,params_min_child_weight,params_random_state,state
0,0.7993959224767179,2026-07-13 19:13:49.747406,2026-07-13 19:13:49.863729,0 days 00:00:00.116323,gbtree,0.05,0,1,42,COMPLETE
1,0.7100427888245658,2026-07-13 19:13:49.863729,2026-07-13 19:13:49.889245,0 days 00:00:00.025516,gblinear,0.05,0,1,42,COMPLETE
2,0.8089604832620186,2026-07-13 19:13:49.889245,2026-07-13 19:13:51.074784,0 days 00:00:01.185539,dart,0.1,0,1,42,COMPLETE
3,0.7993959224767179,2026-07-13 19:13:51.074784,2026-07-13 19:13:52.314279,0 days 00:00:01.239495,dart,0.05,0,1,42,COMPLETE
4,0.8089604832620186,2026-07-13 19:13:52.314279,2026-07-13 19:13:52.383415,0 days 00:00:00.069136,gbtree,0.1,0,1,42,COMPLETE
5,0.8089604832620186,2026-07-13 19:13:52.383415,2026-07-13 19:13:52.448754,0 days 00:00:00.065339,gbtree,0.1,0,1,42,COMPLETE
6,0.7100427888245658,2026-07-13 19:13:52.448754,2026-07-13 19:13:52.476286,0 days 00:00:00.027532,gblinear,0.05,0,1,42,COMPLETE
7,0.7993959224767179,2026-07-13 19:13:52.476286,2026-07-13 19:13:52.545362,0 days 00:00:00.069076,gbtree,0.05,0,1,42,COMPLETE
8,0.7165869619934558,2026-07-13 19:13:52.545362,2026-07-13 19:13:52.572883,0 days 00:00:00.027521,gblinear,0.1,0,1,42,COMPLETE
9,0.7165869619934558,2026-07-13 19:13:52.572883,2026-07-13 19:13:52.600408,0 days 00:00:00.027525,gblinear,0.1,0,1,42,COMPLETE
10,0.8089604832620186,2026-07-13 19:13:52.600408,2026-07-13 19:13:53.855176,0 days 00:00:01.254768,dart,0.1,0,1,42,COMPLETE
11,0.8089604832620186,2026-07-13 19:13:53.856918,2026-07-13 19:13:55.157560,0 days 00:00:01.300642,dart,0.1,0,1,42,COMPLETE
12,0.8089604832620186,2026-07-13 19:13:55.157560,2026-07-13 19:13:56.384052,0 days 00:00:01.226492,dart,0.1,0,1,42,COMPLETE
13,0.8089604832620186,2026-07-13 19:13:56.384052,2026-07-13 19:13:56.452621,0 days 00:00:00.068569,gbtree,0.1,0,1,42,COMPLETE
14,0.8089604832620186,2026-07-13 19:13:56.452621,2026-07-13 19:13:57.700263,0 days 00:00:01.247642,dart,0.1,0,1,42,COMPLETE
15,0.8089604832620186,2026-07-13 19:13:57.700263,2026-07-13 19:13:57.765411,0 days 00:00:00.065148,gbtree,0.1,0,1,42,COMPLETE
16,0.8089604832620186,2026-07-13 19:13:57.765411,2026-07-13 19:13:59.001474,0 days 00:00:01.236063,dart,0.1,0,1,42,COMPLETE
17,0.8089604832620186,2026-07-13 19:13:59.001474,2026-07-13 19:13:59.066647,0 days 00:00:00.065173,gbtree,0.1,0,1,42,COMPLETE
18,0.8089604832620186,2026-07-13 19:13:59.066647,2026-07-13 19:14:00.356331,0 days 00:00:01.289684,dart,0.1,0,1,42,COMPLETE
19,0.8089604832620186,2026-07-13 19:14:00.356331,2026-07-13 19:14:00.421464,0 days 00:00:00.065133,gbtree,0.1,0,1,42,COMPLETE
20,0.8089604832620186,2026-07-13 19:14:00.421464,2026-07-13 19:14:01.666016,0 days 00:00:01.244552,dart,0.1,0,1,42,COMPLETE
21,0.8089604832620186,2026-07-13 19:14:01.666016,2026-07-13 19:14:01.731405,0 days 00:00:00.065389,gbtree,0.1,0,1,42,COMPLETE
22,0.8089604832620186,2026-07-13 19:14:01.731405,2026-07-13 19:14:01.795931,0 days 00:00:00.064526,gbtree,0.1,0,1,42,COMPLETE
23,0.8089604832620186,2026-07-13 19:14:01.795931,2026-07-13 19:14:01.861221,0 days 00:00:00.065290,gbtree,0.1,0,1,42,COMPLETE
24,0.8089604832620186,2026-07-13 19:14:01.863229,2026-07-13 19:14:01.926260,0 days 00:00:00.063031,gbtree,0.1,0,1,42,COMPLETE
25,0.8089604832620186,2026-07-13 19:14:01.928003,2026-07-13 19:14:01.991241,0 days 00:00:00.063238,gbtree,0.1,0,1,42,COMPLETE
26,0.7993959224767179,2026-07-13 19:14:01.991241,2026-07-13 19:14:02.060316,0 days 00:00:00.069075,gbtree,0.05,0,1,42,COMPLETE
27,0.8089604832620186,2026-07-13 19:14:02.060316,2026-07-13 19:14:02.123816,0 days 00:00:00.063500,gbtree,0.1,0,1,42,COMPLETE
28,0.7165869619934558,2026-07-13 19:14:02.123816,2026-07-13 19:14:02.150823,0 days 00:00:00.027007,gblinear,0.1,0,1,42,COMPLETE
29,0.7993959224767179,2026-07-13 19:14:02.150823,2026-07-13 19:14:03.368744,0 days 00:00:01.217921,dart,0.05,0,1,42,COMPLETE
30,0.8089604832620186,2026-07-13 19:14:03.368744,2026-07-13 19:14:03.437733,0 days 00:00:00.068989,gbtree,0.1,0,1,42,COMPLETE
31,0.8089604832620186,2026-07-13 19:14:03.437733,2026-07-13 19:14:04.676763,0 days 00:00:01.239030,dart,0.1,0,1,42,COMPLETE
32,0.8089604832620186,2026-07-13 19:14:04.676763,2026-07-13 19:14:05.961712,0 days 00:00:01.284949,dart,0.1,0,1,42,COMPLETE
33,0.8089604832620186,2026-07-13 19:14:05.961712,2026-07-13 19:14:07.209941,0 days 00:00:01.248229,dart,0.1,0,1,42,COMPLETE
34,0.7993959224767179,2026-07-13 19:14:07.209941,2026-07-13 19:14:08.490110,0 days 00:00:01.280169,dart,0.05,0,1,42,COMPLETE
35,0.7993959224767179,2026-07-13 19:14:08.490110,2026-07-13 19:14:09.748826,0 days 00:00:01.258716,dart,0.05,0,1,42,COMPLETE
36,0.7165869619934558,2026-07-13 19:14:09.748826,2026-07-13 19:14:09.776353,0 days 00:00:00.027527,gblinear,0.1,0,1,42,COMPLETE
37,0.8089604832620186,2026-07-13 19:14:09.776353,2026-07-13 19:14:11.014760,0 days 00:00:01.238407,dart,0.1,0,1,42,COMPLETE
38,0.7100427888245658,2026-07-13 19:14:11.014760,2026-07-13 19:14:11.042022,0 days 00:00:00.027262,gblinear,0.05,0,1,42,COMPLETE
39,0.8089604832620186,2026-07-13 19:14:11.042022,2026-07-13 19:14:11.107488,0 days 00:00:00.065466,gbtree,0.1,0,1,42,COMPLETE
40,0.8089604832620186,2026-07-13 19:14:11.107488,2026-07-13 19:14:12.387148,0 days 00:00:01.279660,dart,0.1,0,1,42,COMPLETE
41,0.8089604832620186,2026-07-13 19:14:12.388891,2026-07-13 19:14:13.575880,0 days 00:00:01.186989,dart,0.1,0,1,42,COMPLETE
42,0.8089604832620186,2026-07-13 19:14:13.577882,2026-07-13 19:14:14.826848,0 days 00:00:01.248966,dart,0.1,0,1,42,COMPLETE
43,0.8089604832620186,2026-07-13 19:14:14.826848,2026-07-13 19:14:16.077974,0 days 00:00:01.251126,dart,0.1,0,1,42,COMPLETE
44,0.8089604832620186,2026-07-13 19:14:16.077974,2026-07-13 19:14:17.341462,0 days 00:00:01.263488,dart,0.1,0,1,42,COMPLETE
45,0.8089604832620186,2026-07-13 19:14:17.343464,2026-07-13 19:14:18.578362,0 days 00:00:01.234898,dart,0.1,0,1,42,COMPLETE
46,0.7165869619934558,2026-07-13 19:14:18.578362,2026-07-13 19:14:18.606136,0 days 00:00:00.027774,gblinear,0.1,0,1,42,COMPLETE
47,0.8089604832620186,2026-07-13 19:14:18.606136,2026-07-13 19:14:18.671154,0 days 00:00:00.065018,gbtree,0.1,0,1,42,COMPLETE
48,0.8089604832620186,2026-07-13 19:14:18.671154,2026-07-13 19:14:19.914940,0 days 00:00:01.243786,dart,0.1,0,1,42,COMPLETE
49,0.7993959224767179,2026-07-13 19:14:19.914940,2026-07-13 19:14:19.983993,0 days 00:00:00.069053,gbtree,0.05,0,1,42,COMPLETE
50,0.8089604832620186,2026-07-13 19:14:19.985995,2026-07-13 19:14:21.234515,0 days 00:00:01.248520,dart,0.1,0,1,42,COMPLETE
51,0.8089604832620186,2026-07-13 19:14:21.234515,2026-07-13 19:14:22.492383,0 days 00:00:01.257868,dart,0.1,0,1,42,COMPLETE
52,0.8089604832620186,2026-07-13 19:14:22.492383,2026-07-13 19:14:23.734995,0 days 00:00:01.242612,dart,0.1,0,1,42,COMPLETE
53,0.8089604832620186,2026-07-13 19:14:23.734995,2026-07-13 19:14:24.977346,0 days 00:00:01.242351,dart,0.1,0,1,42,COMPLETE
54,0.8089604832620186,2026-07-13 19:14:24.979349,2026-07-13 19:14:25.044134,0 days 00:00:00.064785,gbtree,0.1,0,1,42,COMPLETE
55,0.8089604832620186,2026-07-13 19:14:25.044134,2026-07-13 19:14:26.310959,0 days 00:00:01.266825,dart,0.1,0,1,42,COMPLETE
56,0.8089604832620186,2026-07-13 19:14:26.310959,2026-07-13 19:14:26.376362,0 days 00:00:00.065403,gbtree,0.1,0,1,42,COMPLETE
57,0.8089604832620186,2026-07-13 19:14:26.376362,2026-07-13 19:14:27.605704,0 days 00:00:01.229342,dart,0.1,0,1,42,COMPLETE
58,0.8089604832620186,2026-07-13 19:14:27.605704,2026-07-13 19:14:27.672899,0 days 00:00:00.067195,gbtree,0.1,0,1,42,COMPLETE
59,0.7165869619934558,2026-07-13 19:14:27.672899,2026-07-13 19:14:27.702163,0 days 00:00:00.029264,gblinear,0.1,0,1,42,COMPLETE
60,0.8089604832620186,2026-07-13 19:14:27.702163,2026-07-13 19:14:28.890283,0 days 00:00:01.188120,dart,0.1,0,1,42,COMPLETE
61,0.8089604832620186,2026-07-13 19:14:28.890283,2026-07-13 19:14:28.957199,0 days 00:00:00.066916,gbtree,0.1,0,1,42,COMPLETE
62,0.8089604832620186,2026-07-13 19:14:28.957199,2026-07-13 19:14:29.020229,0 days 00:00:00.063030,gbtree,0.1,0,1,42,COMPLETE
63,0.8089604832620186,2026-07-13 19:14:29.020229,2026-07-13 19:14:29.086752,0 days 00:00:00.066523,gbtree,0.1,0,1,42,COMPLETE
64,0.8089604832620186,2026-07-13 19:14:29.086752,2026-07-13 19:14:29.151578,0 days 00:00:00.064826,gbtree,0.1,0,1,42,COMPLETE
65,0.7993959224767179,2026-07-13 19:14:29.151578,2026-07-13 19:14:29.218616,0 days 00:00:00.067038,gbtree,0.05,0,1,42,COMPLETE
66,0.8089604832620186,2026-07-13 19:14:29.218616,2026-07-13 19:14:29.283700,0 days 00:00:00.065084,gbtree,0.1,0,1,42,COMPLETE
67,0.8089604832620186,2026-07-13 19:14:29.283700,2026-07-13 19:14:30.564061,0 days 00:00:01.280361,dart,0.1,0,1,42,COMPLETE
68,0.8089604832620186,2026-07-13 19:14:30.564061,2026-07-13 19:14:30.627094,0 days 00:00:00.063033,gbtree,0.1,0,1,42,COMPLETE
69,0.8089604832620186,2026-07-13 19:14:30.627094,2026-07-13 19:14:31.887815,0 days 00:00:01.260721,dart,0.1,0,1,42,COMPLETE
70,0.7165869619934558,2026-07-13 19:14:31.887815,2026-07-13 19:14:31.915618,0 days 00:00:00.027803,gblinear,0.1,0,1,42,COMPLETE
71,0.8089604832620186,2026-07-13 19:14:31.915618,2026-07-13 19:14:33.173229,0 days 00:00:01.257611,dart,0.1,0,1,42,COMPLETE
72,0.8089604832620186,2026-07-13 19:14:33.173229,2026-07-13 19:14:34.442384,0 days 00:00:01.269155,dart,0.1,0,1,42,COMPLETE
73,0.8089604832620186,2026-07-13 19:14:34.442384,2026-07-13 19:14:35.708243,0 days 00:00:01.265859,dart,0.1,0,1,42,COMPLETE
74,0.8089604832620186,2026-07-13 19:14:35.708243,2026-07-13 19:14:37.032984,0 days 00:00:01.324741,dart,0.1,0,1,42,COMPLETE
75,0.7993959224767179,2026-07-13 19:14:37.034726,2026-07-13 19:14:38.313466,0 days 00:00:01.278740,dart,0.05,0,1,42,COMPLETE
76,0.8089604832620186,2026-07-13 19:14:38.315468,2026-07-13 19:14:38.380416,0 days 00:00:00.064948,gbtree,0.1,0,1,42,COMPLETE
77,0.8089604832620186,2026-07-13 19:14:38.380416,2026-07-13 19:14:39.628457,0 days 00:00:01.248041,dart,0.1,0,1,42,COMPLETE
78,0.8089604832620186,2026-07-13 19:14:39.628457,2026-07-13 19:14:40.889912,0 days 00:00:01.261455,dart,0.1,0,1,42,COMPLETE
79,0.8089604832620186,2026-07-13 19:14:40.889912,2026-07-13 19:14:40.955533,0 days 00:00:00.065621,gbtree,0.1,0,1,42,COMPLETE
80,0.8089604832620186,2026-07-13 19:14:40.956046,2026-07-13 19:14:42.147272,0 days 00:00:01.191226,dart,0.1,0,1,42,COMPLETE
81,0.8089604832620186,2026-07-13 19:14:42.147272,2026-07-13 19:14:42.214657,0 days 00:00:00.067385,gbtree,0.1,0,1,42,COMPLETE
82,0.8089604832620186,2026-07-13 19:14:42.214657,2026-07-13 19:14:42.281445,0 days 00:00:00.066788,gbtree,0.1,0,1,42,COMPLETE
83,0.8089604832620186,2026-07-13 19:14:42.281445,2026-07-13 19:14:42.348709,0 days 00:00:00.067264,gbtree,0.1,0,1,42,COMPLETE
84,0.8089604832620186,2026-07-13 19:14:42.348709,2026-07-13 19:14:42.417195,0 days 00:00:00.068486,gbtree,0.1,0,1,42,COMPLETE
85,0.7993959224767179,2026-07-13 19:14:42.417195,2026-07-13 19:14:43.662811,0 days 00:00:01.245616,dart,0.05,0,1,42,COMPLETE
86,0.8089604832620186,2026-07-13 19:14:43.664813,2026-07-13 19:14:43.729599,0 days 00:00:00.064786,gbtree,0.1,0,1,42,COMPLETE
87,0.7165869619934558,2026-07-13 19:14:43.729599,2026-07-13 19:14:43.755426,0 days 00:00:00.025827,gblinear,0.1,0,1,42,COMPLETE
88,0.8089604832620186,2026-07-13 19:14:43.757166,2026-07-13 19:14:45.002941,0 days 00:00:01.245775,dart,0.1,0,1,42,COMPLETE
89,0.8089604832620186,2026-07-13 19:14:45.002941,2026-07-13 19:14:45.068169,0 days 00:00:00.065228,gbtree,0.1,0,1,42,COMPLETE
90,0.8089604832620186,2026-07-13 19:14:45.068169,2026-07-13 19:14:46.316387,0 days 00:00:01.248218,dart,0.1,0,1,42,COMPLETE
91,0.8089604832620186,2026-07-13 19:14:46.316387,2026-07-13 19:14:47.570270,0 days 00:00:01.253883,dart,0.1,0,1,42,COMPLETE
92,0.8089604832620186,2026-07-13 19:14:47.570270,2026-07-13 19:14:48.866300,0 days 00:00:01.296030,dart,0.1,0,1,42,COMPLETE
93,0.8089604832620186,2026-07-13 19:14:48.866300,2026-07-13 19:14:50.105477,0 days 00:00:01.239177,dart,0.1,0,1,42,COMPLETE
94,0.8089604832620186,2026-07-13 19:14:50.105477,2026-07-13 19:14:51.353963,0 days 00:00:01.248486,dart,0.1,0,1,42,COMPLETE
95,0.8089604832620186,2026-07-13 19:14:51.353963,2026-07-13 19:14:51.420788,0 days 00:00:00.066825,gbtree,0.1,0,1,42,COMPLETE
96,0.8089604832620186,2026-07-13 19:14:51.420788,2026-07-13 19:14:52.643832,0 days 00:00:01.223044,dart,0.1,0,1,42,COMPLETE
97,0.8089604832620186,2026-07-13 19:14:52.645834,2026-07-13 19:14:53.916414,0 days 00:00:01.270580,dart,0.1,0,1,42,COMPLETE
98,0.7993959224767179,2026-07-13 19:14:53.916414,2026-07-13 19:14:53.987715,0 days 00:00:00.071301,gbtree,0.05,0,1,42,COMPLETE
99,0.8089604832620186,2026-07-13 19:14:53.989459,2026-07-13 19:14:55.239249,0 days 00:00:01.249790,dart,0.1,0,1,42,COMPLETE
100,0.7165869619934558,2026-07-13 19:14:55.241251,2026-07-13 19:14:55.268770,0 days 00:00:00.027519,gblinear,0.1,0,1,42,COMPLETE
101,0.8089604832620186,2026-07-13 19:14:55.268770,2026-07-13 19:14:55.331993,0 days 00:00:00.063223,gbtree,0.1,0,1,42,COMPLETE
102,0.8089604832620186,2026-07-13 19:14:55.331993,2026-07-13 19:14:55.398773,0 days 00:00:00.066780,gbtree,0.1,0,1,42,COMPLETE
103,0.8089604832620186,2026-07-13 19:14:55.398773,2026-07-13 19:14:55.463931,0 days 00:00:00.065158,gbtree,0.1,0,1,42,COMPLETE
104,0.8089604832620186,2026-07-13 19:14:55.463931,2026-07-13 19:14:55.528710,0 days 00:00:00.064779,gbtree,0.1,0,1,42,COMPLETE
105,0.8089604832620186,2026-07-13 19:14:55.528710,2026-07-13 19:14:55.595749,0 days 00:00:00.067039,gbtree,0.1,0,1,42,COMPLETE
106,0.8089604832620186,2026-07-13 19:14:55.595749,2026-07-13 19:14:56.893617,0 days 00:00:01.297868,dart,0.1,0,1,42,COMPLETE
107,0.8089604832620186,2026-07-13 19:14:56.893617,2026-07-13 19:14:56.956656,0 days 00:00:00.063039,gbtree,0.1,0,1,42,COMPLETE
108,0.8089604832620186,2026-07-13 19:14:56.958398,2026-07-13 19:14:58.210936,0 days 00:00:01.252538,dart,0.1,0,1,42,COMPLETE
109,0.8089604832620186,2026-07-13 19:14:58.212938,2026-07-13 19:14:58.278244,0 days 00:00:00.065306,gbtree,0.1,0,1,42,COMPLETE
110,0.8089604832620186,2026-07-13 19:14:58.278244,2026-07-13 19:14:59.547847,0 days 00:00:01.269603,dart,0.1,0,1,42,COMPLETE
111,0.8089604832620186,2026-07-13 19:14:59.547847,2026-07-13 19:15:00.826544,0 days 00:00:01.278697,dart,0.1,0,1,42,COMPLETE
112,0.8089604832620186,2026-07-13 19:15:00.826544,2026-07-13 19:15:02.036981,0 days 00:00:01.210437,dart,0.1,0,1,42,COMPLETE
113,0.8089604832620186,2026-07-13 19:15:02.036981,2026-07-13 19:15:03.312339,0 days 00:00:01.275358,dart,0.1,0,1,42,COMPLETE
114,0.8089604832620186,2026-07-13 19:15:03.312339,2026-07-13 19:15:04.500676,0 days 00:00:01.188337,dart,0.1,0,1,42,COMPLETE
115,0.7993959224767179,2026-07-13 19:15:04.500676,2026-07-13 19:15:05.757056,0 days 00:00:01.256380,dart,0.05,0,1,42,COMPLETE
116,0.8089604832620186,2026-07-13 19:15:05.757056,2026-07-13 19:15:05.821873,0 days 00:00:00.064817,gbtree,0.1,0,1,42,COMPLETE
117,0.8089604832620186,2026-07-13 19:15:05.823879,2026-07-13 19:15:07.083627,0 days 00:00:01.259748,dart,0.1,0,1,42,COMPLETE
118,0.8089604832620186,2026-07-13 19:15:07.083627,2026-07-13 19:15:07.148732,0 days 00:00:00.065105,gbtree,0.1,0,1,42,COMPLETE
119,0.8089604832620186,2026-07-13 19:15:07.148732,2026-07-13 19:15:08.397975,0 days 00:00:01.249243,dart,0.1,0,1,42,COMPLETE
120,0.7165869619934558,2026-07-13 19:15:08.397975,2026-07-13 19:15:08.425270,0 days 00:00:00.027295,gblinear,0.1,0,1,42,COMPLETE
121,0.8089604832620186,2026-07-13 19:15:08.425270,2026-07-13 19:15:08.488588,0 days 00:00:00.063318,gbtree,0.1,0,1,42,COMPLETE
122,0.8089604832620186,2026-07-13 19:15:08.488588,2026-07-13 19:15:08.557724,0 days 00:00:00.069136,gbtree,0.1,0,1,42,COMPLETE
123,0.8089604832620186,2026-07-13 19:15:08.557724,2026-07-13 19:15:08.624327,0 days 00:00:00.066603,gbtree,0.1,0,1,42,COMPLETE
124,0.8089604832620186,2026-07-13 19:15:08.624327,2026-07-13 19:15:08.688515,0 days 00:00:00.064188,gbtree,0.1,0,1,42,COMPLETE
125,0.8089604832620186,2026-07-13 19:15:08.688515,2026-07-13 19:15:08.753921,0 days 00:00:00.065406,gbtree,0.1,0,1,42,COMPLETE
126,0.8089604832620186,2026-07-13 19:15:08.755923,2026-07-13 19:15:10.103677,0 days 00:00:01.347754,dart,0.1,0,1,42,COMPLETE
127,0.8089604832620186,2026-07-13 19:15:10.103677,2026-07-13 19:15:10.175518,0 days 00:00:00.071841,gbtree,0.1,0,1,42,COMPLETE
128,0.8089604832620186,2026-07-13 19:15:10.175518,2026-07-13 19:15:11.480580,0 days 00:00:01.305062,dart,0.1,0,1,42,COMPLETE
129,0.7993959224767179,2026-07-13 19:15:11.480580,2026-07-13 19:15:12.845595,0 days 00:00:01.365015,dart,0.05,0,1,42,COMPLETE
130,0.8089604832620186,2026-07-13 19:15:12.845595,2026-07-13 19:15:12.925602,0 days 00:00:00.080007,gbtree,0.1,0,1,42,COMPLETE
131,0.8089604832620186,2026-07-13 19:15:12.925602,2026-07-13 19:15:14.280097,0 days 00:00:01.354495,dart,0.1,0,1,42,COMPLETE
132,0.8089604832620186,2026-07-13 19:15:14.280097,2026-07-13 19:15:15.574768,0 days 00:00:01.294671,dart,0.1,0,1,42,COMPLETE
133,0.8089604832620186,2026-07-13 19:15:15.574768,2026-07-13 19:15:16.857618,0 days 00:00:01.282850,dart,0.1,0,1,42,COMPLETE
134,0.8089604832620186,2026-07-13 19:15:16.859620,2026-07-13 19:15:18.158599,0 days 00:00:01.298979,dart,0.1,0,1,42,COMPLETE
135,0.8089604832620186,2026-07-13 19:15:18.160601,2026-07-13 19:15:19.472118,0 days 00:00:01.311517,dart,0.1,0,1,42,COMPLETE
136,0.8089604832620186,2026-07-13 19:15:19.472118,2026-07-13 19:15:19.537278,0 days 00:00:00.065160,gbtree,0.1,0,1,42,COMPLETE
137,0.8089604832620186,2026-07-13 19:15:19.537278,2026-07-13 19:15:20.791801,0 days 00:00:01.254523,dart,0.1,0,1,42,COMPLETE
138,0.8089604832620186,2026-07-13 19:15:20.791801,2026-07-13 19:15:20.856814,0 days 00:00:00.065013,gbtree,0.1,0,1,42,COMPLETE
139,0.7165869619934558,2026-07-13 19:15:20.858816,2026-07-13 19:15:20.884342,0 days 00:00:00.025526,gblinear,0.1,0,1,42,COMPLETE
140,0.8089604832620186,2026-07-13 19:15:20.886344,2026-07-13 19:15:22.141507,0 days 00:00:01.255163,dart,0.1,0,1,42,COMPLETE
141,0.8089604832620186,2026-07-13 19:15:22.141507,2026-07-13 19:15:22.210379,0 days 00:00:00.068872,gbtree,0.1,0,1,42,COMPLETE
142,0.8089604832620186,2026-07-13 19:15:22.210379,2026-07-13 19:15:22.279622,0 days 00:00:00.069243,gbtree,0.1,0,1,42,COMPLETE
143,0.8089604832620186,2026-07-13 19:15:22.279622,2026-07-13 19:15:22.344237,0 days 00:00:00.064615,gbtree,0.1,0,1,42,COMPLETE
144,0.8089604832620186,2026-07-13 19:15:22.344237,2026-07-13 19:15:22.409035,0 days 00:00:00.064798,gbtree,0.1,0,1,42,COMPLETE
145,0.8089604832620186,2026-07-13 19:15:22.409035,2026-07-13 19:15:22.475798,0 days 00:00:00.066763,gbtree,0.1,0,1,42,COMPLETE
146,0.8089604832620186,2026-07-13 19:15:22.475798,2026-07-13 19:15:23.744409,0 days 00:00:01.268611,dart,0.1,0,1,42,COMPLETE
147,0.8089604832620186,2026-07-13 19:15:23.744409,2026-07-13 19:15:23.807771,0 days 00:00:00.063362,gbtree,0.1,0,1,42,COMPLETE
148,0.8089604832620186,2026-07-13 19:15:23.809773,2026-07-13 19:15:25.088526,0 days 00:00:01.278753,dart,0.1,0,1,42,COMPLETE
149,0.8089604832620186,2026-07-13 19:15:25.088526,2026-07-13 19:15:26.318200,0 days 00:00:01.229674,dart,0.1,0,1,42,COMPLETE
150,0.7993959224767179,2026-07-13 19:15:26.318200,2026-07-13 19:15:26.389463,0 days 00:00:00.071263,gbtree,0.05,0,1,42,COMPLETE
151,0.8089604832620186,2026-07-13 19:15:26.389463,2026-07-13 19:15:26.455835,0 days 00:00:00.066372,gbtree,0.1,0,1,42,COMPLETE
152,0.8089604832620186,2026-07-13 19:15:26.455835,2026-07-13 19:15:26.521137,0 days 00:00:00.065302,gbtree,0.1,0,1,42,COMPLETE
153,0.8089604832620186,2026-07-13 19:15:26.521137,2026-07-13 19:15:26.584812,0 days 00:00:00.063675,gbtree,0.1,0,1,42,COMPLETE
154,0.8089604832620186,2026-07-13 19:15:26.584812,2026-07-13 19:15:26.649617,0 days 00:00:00.064805,gbtree,0.1,0,1,42,COMPLETE
155,0.8089604832620186,2026-07-13 19:15:26.650913,2026-07-13 19:15:26.716212,0 days 00:00:00.065299,gbtree,0.1,0,1,42,COMPLETE
156,0.8089604832620186,2026-07-13 19:15:26.716212,2026-07-13 19:15:28.007203,0 days 00:00:01.290991,dart,0.1,0,1,42,COMPLETE
157,0.8089604832620186,2026-07-13 19:15:28.007203,2026-07-13 19:15:29.253406,0 days 00:00:01.246203,dart,0.1,0,1,42,COMPLETE
158,0.8089604832620186,2026-07-13 19:15:29.253406,2026-07-13 19:15:29.320629,0 days 00:00:00.067223,gbtree,0.1,0,1,42,COMPLETE
159,0.8089604832620186,2026-07-13 19:15:29.320629,2026-07-13 19:15:30.573676,0 days 00:00:01.253047,dart,0.1,0,1,42,COMPLETE
160,0.8089604832620186,2026-07-13 19:15:30.575678,2026-07-13 19:15:30.639949,0 days 00:00:00.064271,gbtree,0.1,0,1,42,COMPLETE
161,0.8089604832620186,2026-07-13 19:15:30.639949,2026-07-13 19:15:30.706250,0 days 00:00:00.066301,gbtree,0.1,0,1,42,COMPLETE
162,0.8089604832620186,2026-07-13 19:15:30.706250,2026-07-13 19:15:30.777035,0 days 00:00:00.070785,gbtree,0.1,0,1,42,COMPLETE
163,0.8089604832620186,2026-07-13 19:15:30.777035,2026-07-13 19:15:30.845848,0 days 00:00:00.068813,gbtree,0.1,0,1,42,COMPLETE
164,0.8089604832620186,2026-07-13 19:15:30.845848,2026-07-13 19:15:30.912403,0 days 00:00:00.066555,gbtree,0.1,0,1,42,COMPLETE
165,0.8089604832620186,2026-07-13 19:15:30.912403,2026-07-13 19:15:32.101181,0 days 00:00:01.188778,dart,0.1,0,1,42,COMPLETE
166,0.7165869619934558,2026-07-13 19:15:32.102923,2026-07-13 19:15:32.128815,0 days 00:00:00.025892,gblinear,0.1,0,1,42,COMPLETE
167,0.8089604832620186,2026-07-13 19:15:32.128815,2026-07-13 19:15:32.193910,0 days 00:00:00.065095,gbtree,0.1,0,1,42,COMPLETE
168,0.8089604832620186,2026-07-13 19:15:32.193910,2026-07-13 19:15:33.496831,0 days 00:00:01.302921,dart,0.1,0,1,42,COMPLETE
169,0.7993959224767179,2026-07-13 19:15:33.496831,2026-07-13 19:15:33.565872,0 days 00:00:00.069041,gbtree,0.05,0,1,42,COMPLETE
170,0.8089604832620186,2026-07-13 19:15:33.565872,2026-07-13 19:15:34.818722,0 days 00:00:01.252850,dart,0.1,0,1,42,COMPLETE
171,0.8089604832620186,2026-07-13 19:15:34.818722,2026-07-13 19:15:34.885130,0 days 00:00:00.066408,gbtree,0.1,0,1,42,COMPLETE
172,0.8089604832620186,2026-07-13 19:15:34.885130,2026-07-13 19:15:34.950254,0 days 00:00:00.065124,gbtree,0.1,0,1,42,COMPLETE
173,0.8089604832620186,2026-07-13 19:15:34.950254,2026-07-13 19:15:35.017293,0 days 00:00:00.067039,gbtree,0.1,0,1,42,COMPLETE
174,0.8089604832620186,2026-07-13 19:15:35.017293,2026-07-13 19:15:35.085381,0 days 00:00:00.068088,gbtree,0.1,0,1,42,COMPLETE
175,0.8089604832620186,2026-07-13 19:15:35.085381,2026-07-13 19:15:35.151254,0 days 00:00:00.065873,gbtree,0.1,0,1,42,COMPLETE
176,0.8089604832620186,2026-07-13 19:15:35.151254,2026-07-13 19:15:36.398484,0 days 00:00:01.247230,dart,0.1,0,1,42,COMPLETE
177,0.8089604832620186,2026-07-13 19:15:36.400486,2026-07-13 19:15:36.465279,0 days 00:00:00.064793,gbtree,0.1,0,1,42,COMPLETE
178,0.8089604832620186,2026-07-13 19:15:36.465279,2026-07-13 19:15:37.762060,0 days 00:00:01.296781,dart,0.1,0,1,42,COMPLETE
179,0.8089604832620186,2026-07-13 19:15:37.762060,2026-07-13 19:15:37.831745,0 days 00:00:00.069685,gbtree,0.1,0,1,42,COMPLETE
180,0.8089604832620186,2026-07-13 19:15:37.831745,2026-07-13 19:15:39.177700,0 days 00:00:01.345955,dart,0.1,0,1,42,COMPLETE
181,0.8089604832620186,2026-07-13 19:15:39.177700,2026-07-13 19:15:39.244571,0 days 00:00:00.066871,gbtree,0.1,0,1,42,COMPLETE
182,0.8089604832620186,2026-07-13 19:15:39.244571,2026-07-13 19:15:39.309561,0 days 00:00:00.064990,gbtree,0.1,0,1,42,COMPLETE
183,0.8089604832620186,2026-07-13 19:15:39.309561,2026-07-13 19:15:39.376599,0 days 00:00:00.067038,gbtree,0.1,0,1,42,COMPLETE
184,0.8089604832620186,2026-07-13 19:15:39.376599,2026-07-13 19:15:39.445530,0 days 00:00:00.068931,gbtree,0.1,0,1,42,COMPLETE
185,0.8089604832620186,2026-07-13 19:15:39.445530,2026-07-13 19:15:39.510578,0 days 00:00:00.065048,gbtree,0.1,0,1,42,COMPLETE
186,0.8089604832620186,2026-07-13 19:15:39.510578,2026-07-13 19:15:39.577361,0 days 00:00:00.066783,gbtree,0.1,0,1,42,COMPLETE
187,0.8089604832620186,2026-07-13 19:15:39.579363,2026-07-13 19:15:40.831418,0 days 00:00:01.252055,dart,0.1,0,1,42,COMPLETE
188,0.8089604832620186,2026-07-13 19:15:40.831418,2026-07-13 19:15:40.896827,0 days 00:00:00.065409,gbtree,0.1,0,1,42,COMPLETE
189,0.7165869619934558,2026-07-13 19:15:40.896827,2026-07-13 19:15:40.926111,0 days 00:00:00.029284,gblinear,0.1,0,1,42,COMPLETE
190,0.8089604832620186,2026-07-13 19:15:40.926111,2026-07-13 19:15:42.188808,0 days 00:00:01.262697,dart,0.1,0,1,42,COMPLETE
191,0.8089604832620186,2026-07-13 19:15:42.188808,2026-07-13 19:15:42.253776,0 days 00:00:00.064968,gbtree,0.1,0,1,42,COMPLETE
192,0.8089604832620186,2026-07-13 19:15:42.253776,2026-07-13 19:15:42.321029,0 days 00:00:00.067253,gbtree,0.1,0,1,42,COMPLETE
193,0.8089604832620186,2026-07-13 19:15:42.321029,2026-07-13 19:15:42.385980,0 days 00:00:00.064951,gbtree,0.1,0,1,42,COMPLETE
194,0.8089604832620186,2026-07-13 19:15:42.385980,2026-07-13 19:15:42.453027,0 days 00:00:00.067047,gbtree,0.1,0,1,42,COMPLETE
195,0.8089604832620186,2026-07-13 19:15:42.453027,2026-07-13 19:15:42.518197,0 days 00:00:00.065170,gbtree,0.1,0,1,42,COMPLETE
196,0.7993959224767179,2026-07-13 19:15:42.518197,2026-07-13 19:15:43.811060,0 days 00:00:01.292863,dart,0.05,0,1,42,COMPLETE
197,0.8089604832620186,2026-07-13 19:15:43.811060,2026-07-13 19:15:43.877513,0 days 00:00:00.066453,gbtree,0.1,0,1,42,COMPLETE
198,0.8089604832620186,2026-07-13 19:15:43.877513,2026-07-13 19:15:45.160796,0 days 00:00:01.283283,dart,0.1,0,1,42,COMPLETE
199,0.8089604832620186,2026-07-13 19:15:45.160796,2026-07-13 19:15:45.227362,0 days 00:00:00.066566,gbtree,0.1,0,1,42,COMPLETE
200,0.8089604832620186,2026-07-13 19:15:45.227362,2026-07-13 19:15:45.293953,0 days 00:00:00.066591,gbtree,0.1,0,1,42,COMPLETE
201,0.8089604832620186,2026-07-13 19:15:45.293953,2026-07-13 19:15:45.358469,0 days 00:00:00.064516,gbtree,0.1,0,1,42,COMPLETE
202,0.8089604832620186,2026-07-13 19:15:45.358469,2026-07-13 19:15:45.425163,0 days 00:00:00.066694,gbtree,0.1,0,1,42,COMPLETE
203,0.8089604832620186,2026-07-13 19:15:45.425163,2026-07-13 19:15:45.495685,0 days 00:00:00.070522,gbtree,0.1,0,1,42,COMPLETE
204,0.8089604832620186,2026-07-13 19:15:45.495685,2026-07-13 19:15:45.587789,0 days 00:00:00.092104,gbtree,0.1,0,1,42,COMPLETE
205,0.8089604832620186,2026-07-13 19:15:45.587789,2026-07-13 19:15:46.804994,0 days 00:00:01.217205,dart,0.1,0,1,42,COMPLETE
206,0.8089604832620186,2026-07-13 19:15:46.804994,2026-07-13 19:15:46.870040,0 days 00:00:00.065046,gbtree,0.1,0,1,42,COMPLETE
207,0.8089604832620186,2026-07-13 19:15:46.871783,2026-07-13 19:15:48.145154,0 days 00:00:01.273371,dart,0.1,0,1,42,COMPLETE
208,0.8089604832620186,2026-07-13 19:15:48.145154,2026-07-13 19:15:48.211409,0 days 00:00:00.066255,gbtree,0.1,0,1,42,COMPLETE
209,0.8089604832620186,2026-07-13 19:15:48.211409,2026-07-13 19:15:49.466577,0 days 00:00:01.255168,dart,0.1,0,1,42,COMPLETE
210,0.8089604832620186,2026-07-13 19:15:49.466577,2026-07-13 19:15:49.535260,0 days 00:00:00.068683,gbtree,0.1,0,1,42,COMPLETE
211,0.8089604832620186,2026-07-13 19:15:49.537263,2026-07-13 19:15:50.797518,0 days 00:00:01.260255,dart,0.1,0,1,42,COMPLETE
212,0.8089604832620186,2026-07-13 19:15:50.797518,2026-07-13 19:15:52.052344,0 days 00:00:01.254826,dart,0.1,0,1,42,COMPLETE
213,0.8089604832620186,2026-07-13 19:15:52.054346,2026-07-13 19:15:53.328090,0 days 00:00:01.273744,dart,0.1,0,1,42,COMPLETE
214,0.8089604832620186,2026-07-13 19:15:53.328090,2026-07-13 19:15:54.560082,0 days 00:00:01.231992,dart,0.1,0,1,42,COMPLETE
215,0.8089604832620186,2026-07-13 19:15:54.560082,2026-07-13 19:15:55.781763,0 days 00:00:01.221681,dart,0.1,0,1,42,COMPLETE
216,0.8089604832620186,2026-07-13 19:15:55.781763,2026-07-13 19:15:55.846848,0 days 00:00:00.065085,gbtree,0.1,0,1,42,COMPLETE
217,0.8089604832620186,2026-07-13 19:15:55.846848,2026-07-13 19:15:57.096757,0 days 00:00:01.249909,dart,0.1,0,1,42,COMPLETE
218,0.8089604832620186,2026-07-13 19:15:57.098761,2026-07-13 19:15:57.165199,0 days 00:00:00.066438,gbtree,0.1,0,1,42,COMPLETE
219,0.8089604832620186,2026-07-13 19:15:57.167201,2026-07-13 19:15:57.231449,0 days 00:00:00.064248,gbtree,0.1,0,1,42,COMPLETE
220,0.7100427888245658,2026-07-13 19:15:57.231449,2026-07-13 19:15:57.258450,0 days 00:00:00.027001,gblinear,0.05,0,1,42,COMPLETE
221,0.8089604832620186,2026-07-13 19:15:57.258450,2026-07-13 19:15:58.513444,0 days 00:00:01.254994,dart,0.1,0,1,42,COMPLETE
222,0.8089604832620186,2026-07-13 19:15:58.513444,2026-07-13 19:15:59.807028,0 days 00:00:01.293584,dart,0.1,0,1,42,COMPLETE
223,0.8089604832620186,2026-07-13 19:15:59.807028,2026-07-13 19:16:01.076753,0 days 00:00:01.269725,dart,0.1,0,1,42,COMPLETE
224,0.8089604832620186,2026-07-13 19:16:01.078755,2026-07-13 19:16:02.331512,0 days 00:00:01.252757,dart,0.1,0,1,42,COMPLETE
225,0.8089604832620186,2026-07-13 19:16:02.331512,2026-07-13 19:16:03.562353,0 days 00:00:01.230841,dart,0.1,0,1,42,COMPLETE
226,0.8089604832620186,2026-07-13 19:16:03.562353,2026-07-13 19:16:04.801971,0 days 00:00:01.239618,dart,0.1,0,1,42,COMPLETE
227,0.8089604832620186,2026-07-13 19:16:04.801971,2026-07-13 19:16:04.869171,0 days 00:00:00.067200,gbtree,0.1,0,1,42,COMPLETE
228,0.8089604832620186,2026-07-13 19:16:04.869171,2026-07-13 19:16:04.934208,0 days 00:00:00.065037,gbtree,0.1,0,1,42,COMPLETE
229,0.8089604832620186,2026-07-13 19:16:04.934208,2026-07-13 19:16:06.180098,0 days 00:00:01.245890,dart,0.1,0,1,42,COMPLETE
230,0.8089604832620186,2026-07-13 19:16:06.180098,2026-07-13 19:16:06.245132,0 days 00:00:00.065034,gbtree,0.1,0,1,42,COMPLETE
231,0.8089604832620186,2026-07-13 19:16:06.247134,2026-07-13 19:16:07.535464,0 days 00:00:01.288330,dart,0.1,0,1,42,COMPLETE
232,0.8089604832620186,2026-07-13 19:16:07.535464,2026-07-13 19:16:08.826328,0 days 00:00:01.290864,dart,0.1,0,1,42,COMPLETE
233,0.8089604832620186,2026-07-13 19:16:08.826328,2026-07-13 19:16:10.050891,0 days 00:00:01.224563,dart,0.1,0,1,42,COMPLETE
234,0.8089604832620186,2026-07-13 19:16:10.050891,2026-07-13 19:16:11.282127,0 days 00:00:01.231236,dart,0.1,0,1,42,COMPLETE
235,0.8089604832620186,2026-07-13 19:16:11.284133,2026-07-13 19:16:12.480405,0 days 00:00:01.196272,dart,0.1,0,1,42,COMPLETE
236,0.8089604832620186,2026-07-13 19:16:12.480405,2026-07-13 19:16:12.549268,0 days 00:00:00.068863,gbtree,0.1,0,1,42,COMPLETE
237,0.8089604832620186,2026-07-13 19:16:12.549268,2026-07-13 19:16:13.857499,0 days 00:00:01.308231,dart,0.1,0,1,42,COMPLETE
238,0.8089604832620186,2026-07-13 19:16:13.857499,2026-07-13 19:16:13.924544,0 days 00:00:00.067045,gbtree,0.1,0,1,42,COMPLETE
239,0.8089604832620186,2026-07-13 19:16:13.924544,2026-07-13 19:16:13.989199,0 days 00:00:00.064655,gbtree,0.1,0,1,42,COMPLETE
240,0.8089604832620186,2026-07-13 19:16:13.991201,2026-07-13 19:16:15.250711,0 days 00:00:01.259510,dart,0.1,0,1,42,COMPLETE
241,0.8089604832620186,2026-07-13 19:16:15.250711,2026-07-13 19:16:16.504021,0 days 00:00:01.253310,dart,0.1,0,1,42,COMPLETE
242,0.8089604832620186,2026-07-13 19:16:16.504021,2026-07-13 19:16:17.700809,0 days 00:00:01.196788,dart,0.1,0,1,42,COMPLETE
243,0.8089604832620186,2026-07-13 19:16:17.700809,2026-07-13 19:16:18.983374,0 days 00:00:01.282565,dart,0.1,0,1,42,COMPLETE
244,0.8089604832620186,2026-07-13 19:16:18.983374,2026-07-13 19:16:20.164928,0 days 00:00:01.181554,dart,0.1,0,1,42,COMPLETE
245,0.8089604832620186,2026-07-13 19:16:20.164928,2026-07-13 19:16:20.231706,0 days 00:00:00.066778,gbtree,0.1,0,1,42,COMPLETE
246,0.8089604832620186,2026-07-13 19:16:20.231706,2026-07-13 19:16:21.503689,0 days 00:00:01.271983,dart,0.1,0,1,42,COMPLETE
247,0.8089604832620186,2026-07-13 19:16:21.503689,2026-07-13 19:16:21.570470,0 days 00:00:00.066781,gbtree,0.1,0,1,42,COMPLETE
248,0.8089604832620186,2026-07-13 19:16:21.570470,2026-07-13 19:16:22.771038,0 days 00:00:01.200568,dart,0.1,0,1,42,COMPLETE
249,0.8089604832620186,2026-07-13 19:16:22.771038,2026-07-13 19:16:22.841828,0 days 00:00:00.070790,gbtree,0.1,0,1,42,COMPLETE
250,0.8089604832620186,2026-07-13 19:16:22.843830,2026-07-13 19:16:24.097757,0 days 00:00:01.253927,dart,0.1,0,1,42,COMPLETE
251,0.7993959224767179,2026-07-13 19:16:24.099759,2026-07-13 19:16:24.168608,0 days 00:00:00.068849,gbtree,0.05,0,1,42,COMPLETE
252,0.7165869619934558,2026-07-13 19:16:24.168608,2026-07-13 19:16:24.195867,0 days 00:00:00.027259,gblinear,0.1,0,1,42,COMPLETE
253,0.8089604832620186,2026-07-13 19:16:24.195867,2026-07-13 19:16:25.446462,0 days 00:00:01.250595,dart,0.1,0,1,42,COMPLETE
254,0.8089604832620186,2026-07-13 19:16:25.446462,2026-07-13 19:16:25.515469,0 days 00:00:00.069007,gbtree,0.1,0,1,42,COMPLETE
255,0.8089604832620186,2026-07-13 19:16:25.515469,2026-07-13 19:16:26.733384,0 days 00:00:01.217915,dart,0.1,0,1,42,COMPLETE
256,0.8089604832620186,2026-07-13 19:16:26.735390,2026-07-13 19:16:26.814269,0 days 00:00:00.078879,gbtree,0.1,0,1,42,COMPLETE
257,0.8089604832620186,2026-07-13 19:16:26.816273,2026-07-13 19:16:28.129245,0 days 00:00:01.312972,dart,0.1,0,1,42,COMPLETE
258,0.8089604832620186,2026-07-13 19:16:28.130092,2026-07-13 19:16:28.208378,0 days 00:00:00.078286,gbtree,0.1,0,1,42,COMPLETE
259,0.8089604832620186,2026-07-13 19:16:28.208378,2026-07-13 19:16:28.289219,0 days 00:00:00.080841,gbtree,0.1,0,1,42,COMPLETE
260,0.8089604832620186,2026-07-13 19:16:28.289219,2026-07-13 19:16:29.543123,0 days 00:00:01.253904,dart,0.1,0,1,42,COMPLETE
261,0.8089604832620186,2026-07-13 19:16:29.543123,2026-07-13 19:16:29.614225,0 days 00:00:00.071102,gbtree,0.1,0,1,42,COMPLETE
262,0.8089604832620186,2026-07-13 19:16:29.614225,2026-07-13 19:16:30.924642,0 days 00:00:01.310417,dart,0.1,0,1,42,COMPLETE
263,0.8089604832620186,2026-07-13 19:16:30.924642,2026-07-13 19:16:30.991689,0 days 00:00:00.067047,gbtree,0.1,0,1,42,COMPLETE
264,0.8089604832620186,2026-07-13 19:16:30.991689,2026-07-13 19:16:32.190327,0 days 00:00:01.198638,dart,0.1,0,1,42,COMPLETE
265,0.8089604832620186,2026-07-13 19:16:32.190327,2026-07-13 19:16:32.256667,0 days 00:00:00.066340,gbtree,0.1,0,1,42,COMPLETE
266,0.8089604832620186,2026-07-13 19:16:32.256667,2026-07-13 19:16:33.498971,0 days 00:00:01.242304,dart,0.1,0,1,42,COMPLETE
267,0.8089604832620186,2026-07-13 19:16:33.500974,2026-07-13 19:16:33.566190,0 days 00:00:00.065216,gbtree,0.1,0,1,42,COMPLETE
268,0.8089604832620186,2026-07-13 19:16:33.566190,2026-07-13 19:16:34.847323,0 days 00:00:01.281133,dart,0.1,0,1,42,COMPLETE
269,0.7993959224767179,2026-07-13 19:16:34.847323,2026-07-13 19:16:34.919711,0 days 00:00:00.072388,gbtree,0.05,0,1,42,COMPLETE
270,0.8089604832620186,2026-07-13 19:16:34.919711,2026-07-13 19:16:36.211185,0 days 00:00:01.291474,dart,0.1,0,1,42,COMPLETE
271,0.8089604832620186,2026-07-13 19:16:36.211185,2026-07-13 19:16:36.276785,0 days 00:00:00.065600,gbtree,0.1,0,1,42,COMPLETE
272,0.8089604832620186,2026-07-13 19:16:36.278787,2026-07-13 19:16:37.550843,0 days 00:00:01.272056,dart,0.1,0,1,42,COMPLETE
273,0.8089604832620186,2026-07-13 19:16:37.550843,2026-07-13 19:16:37.617732,0 days 00:00:00.066889,gbtree,0.1,0,1,42,COMPLETE
274,0.7165869619934558,2026-07-13 19:16:37.617732,2026-07-13 19:16:37.645253,0 days 00:00:00.027521,gblinear,0.1,0,1,42,COMPLETE
275,0.8089604832620186,2026-07-13 19:16:37.645253,2026-07-13 19:16:38.870309,0 days 00:00:01.225056,dart,0.1,0,1,42,COMPLETE
276,0.8089604832620186,2026-07-13 19:16:38.870309,2026-07-13 19:16:38.937358,0 days 00:00:00.067049,gbtree,0.1,0,1,42,COMPLETE
277,0.8089604832620186,2026-07-13 19:16:38.937358,2026-07-13 19:16:40.184819,0 days 00:00:01.247461,dart,0.1,0,1,42,COMPLETE
278,0.8089604832620186,2026-07-13 19:16:40.184819,2026-07-13 19:16:40.253883,0 days 00:00:00.069064,gbtree,0.1,0,1,42,COMPLETE
279,0.8089604832620186,2026-07-13 19:16:40.255887,2026-07-13 19:16:41.520136,0 days 00:00:01.264249,dart,0.1,0,1,42,COMPLETE
280,0.8089604832620186,2026-07-13 19:16:41.520136,2026-07-13 19:16:41.585485,0 days 00:00:00.065349,gbtree,0.1,0,1,42,COMPLETE
281,0.8089604832620186,2026-07-13 19:16:41.585485,2026-07-13 19:16:42.835659,0 days 00:00:01.250174,dart,0.1,0,1,42,COMPLETE
282,0.8089604832620186,2026-07-13 19:16:42.837661,2026-07-13 19:16:42.908439,0 days 00:00:00.070778,gbtree,0.1,0,1,42,COMPLETE
283,0.8089604832620186,2026-07-13 19:16:42.908439,2026-07-13 19:16:42.975549,0 days 00:00:00.067110,gbtree,0.1,0,1,42,COMPLETE
284,0.8089604832620186,2026-07-13 19:16:42.975549,2026-07-13 19:16:44.258108,0 days 00:00:01.282559,dart,0.1,0,1,42,COMPLETE
285,0.8089604832620186,2026-07-13 19:16:44.258108,2026-07-13 19:16:44.323197,0 days 00:00:00.065089,gbtree,0.1,0,1,42,COMPLETE
286,0.8089604832620186,2026-07-13 19:16:44.323197,2026-07-13 19:16:45.575895,0 days 00:00:01.252698,dart,0.1,0,1,42,COMPLETE
287,0.8089604832620186,2026-07-13 19:16:45.577635,2026-07-13 19:16:45.641732,0 days 00:00:00.064097,gbtree,0.1,0,1,42,COMPLETE
288,0.8089604832620186,2026-07-13 19:16:45.641732,2026-07-13 19:16:46.937919,0 days 00:00:01.296187,dart,0.1,0,1,42,COMPLETE
289,0.8089604832620186,2026-07-13 19:16:46.937919,2026-07-13 19:16:47.003023,0 days 00:00:00.065104,gbtree,0.1,0,1,42,COMPLETE
290,0.8089604832620186,2026-07-13 19:16:47.003023,2026-07-13 19:16:48.202642,0 days 00:00:01.199619,dart,0.1,0,1,42,COMPLETE
291,0.7993959224767179,2026-07-13 19:16:48.202642,2026-07-13 19:16:48.271976,0 days 00:00:00.069334,gbtree,0.05,0,1,42,COMPLETE
292,0.8089604832620186,2026-07-13 19:16:48.271976,2026-07-13 19:16:49.520703,0 days 00:00:01.248727,dart,0.1,0,1,42,COMPLETE
293,0.8089604832620186,2026-07-13 19:16:49.522705,2026-07-13 19:16:49.588043,0 days 00:00:00.065338,gbtree,0.1,0,1,42,COMPLETE
294,0.8089604832620186,2026-07-13 19:16:49.588043,2026-07-13 19:16:50.892337,0 days 00:00:01.304294,dart,0.1,0,1,42,COMPLETE
295,0.8089604832620186,2026-07-13 19:16:50.892337,2026-07-13 19:16:50.957391,0 days 00:00:00.065054,gbtree,0.1,0,1,42,COMPLETE
296,0.8089604832620186,2026-07-13 19:16:50.957391,2026-07-13 19:16:52.219769,0 days 00:00:01.262378,dart,0.1,0,1,42,COMPLETE
297,0.8089604832620186,2026-07-13 19:16:52.219769,2026-07-13 19:16:52.285137,0 days 00:00:00.065368,gbtree,0.1,0,1,42,COMPLETE
298,0.8089604832620186,2026-07-13 19:16:52.285137,2026-07-13 19:16:53.573138,0 days 00:00:01.288001,dart,0.1,0,1,42,COMPLETE
299,0.8089604832620186,2026-07-13 19:16:53.573138,2026-07-13 19:16:53.639823,0 days 00:00:00.066685,gbtree,0.1,0,1,42,COMPLETE
300,0.8089604832620186,2026-07-13 19:16:53.639823,2026-07-13 19:16:54.902508,0 days 00:00:01.262685,dart,0.1,0,1,42,COMPLETE
301,0.7165869619934558,2026-07-13 19:16:54.902508,2026-07-13 19:16:54.930020,0 days 00:00:00.027512,gblinear,0.1,0,1,42,COMPLETE
302,0.8089604832620186,2026-07-13 19:16:54.930020,2026-07-13 19:16:54.995054,0 days 00:00:00.065034,gbtree,0.1,0,1,42,COMPLETE
303,0.8089604832620186,2026-07-13 19:16:54.995054,2026-07-13 19:16:56.247184,0 days 00:00:01.252130,dart,0.1,0,1,42,COMPLETE
304,0.8089604832620186,2026-07-13 19:16:56.247184,2026-07-13 19:16:56.312207,0 days 00:00:00.065023,gbtree,0.1,0,1,42,COMPLETE
305,0.8089604832620186,2026-07-13 19:16:56.312207,2026-07-13 19:16:57.565263,0 days 00:00:01.253056,dart,0.1,0,1,42,COMPLETE
306,0.8089604832620186,2026-07-13 19:16:57.565263,2026-07-13 19:16:57.630901,0 days 00:00:00.065638,gbtree,0.1,0,1,42,COMPLETE
307,0.8089604832620186,2026-07-13 19:16:57.630901,2026-07-13 19:16:58.914448,0 days 00:00:01.283547,dart,0.1,0,1,42,COMPLETE
308,0.8089604832620186,2026-07-13 19:16:58.914448,2026-07-13 19:16:58.982700,0 days 00:00:00.068252,gbtree,0.1,0,1,42,COMPLETE
309,0.8089604832620186,2026-07-13 19:16:58.982700,2026-07-13 19:17:00.233169,0 days 00:00:01.250469,dart,0.1,0,1,42,COMPLETE
310,0.7993959224767179,2026-07-13 19:17:00.233169,2026-07-13 19:17:00.305382,0 days 00:00:00.072213,gbtree,0.05,0,1,42,COMPLETE
311,0.8089604832620186,2026-07-13 19:17:00.305382,2026-07-13 19:17:00.372423,0 days 00:00:00.067041,gbtree,0.1,0,1,42,COMPLETE
312,0.8089604832620186,2026-07-13 19:17:00.372423,2026-07-13 19:17:01.626724,0 days 00:00:01.254301,dart,0.1,0,1,42,COMPLETE
313,0.8089604832620186,2026-07-13 19:17:01.626724,2026-07-13 19:17:01.693610,0 days 00:00:00.066886,gbtree,0.1,0,1,42,COMPLETE
314,0.8089604832620186,2026-07-13 19:17:01.693610,2026-07-13 19:17:02.944730,0 days 00:00:01.251120,dart,0.1,0,1,42,COMPLETE
315,0.8089604832620186,2026-07-13 19:17:02.944730,2026-07-13 19:17:03.018594,0 days 00:00:00.073864,gbtree,0.1,0,1,42,COMPLETE
316,0.8089604832620186,2026-07-13 19:17:03.018594,2026-07-13 19:17:04.313690,0 days 00:00:01.295096,dart,0.1,0,1,42,COMPLETE
317,0.8089604832620186,2026-07-13 19:17:04.313690,2026-07-13 19:17:04.379071,0 days 00:00:00.065381,gbtree,0.1,0,1,42,COMPLETE
318,0.8089604832620186,2026-07-13 19:17:04.379071,2026-07-13 19:17:05.664483,0 days 00:00:01.285412,dart,0.1,0,1,42,COMPLETE
319,0.7165869619934558,2026-07-13 19:17:05.664483,2026-07-13 19:17:05.694223,0 days 00:00:00.029740,gblinear,0.1,0,1,42,COMPLETE
320,0.8089604832620186,2026-07-13 19:17:05.696230,2026-07-13 19:17:05.771293,0 days 00:00:00.075063,gbtree,0.1,0,1,42,COMPLETE
321,0.8089604832620186,2026-07-13 19:17:05.771293,2026-07-13 19:17:07.075060,0 days 00:00:01.303767,dart,0.1,0,1,42,COMPLETE
322,0.8089604832620186,2026-07-13 19:17:07.075060,2026-07-13 19:17:07.152031,0 days 00:00:00.076971,gbtree,0.1,0,1,42,COMPLETE
323,0.8089604832620186,2026-07-13 19:17:07.152031,2026-07-13 19:17:08.468490,0 days 00:00:01.316459,dart,0.1,0,1,42,COMPLETE
324,0.8089604832620186,2026-07-13 19:17:08.468490,2026-07-13 19:17:08.533267,0 days 00:00:00.064777,gbtree,0.1,0,1,42,COMPLETE
325,0.8089604832620186,2026-07-13 19:17:08.533267,2026-07-13 19:17:09.810025,0 days 00:00:01.276758,dart,0.1,0,1,42,COMPLETE
326,0.8089604832620186,2026-07-13 19:17:09.810025,2026-07-13 19:17:09.879166,0 days 00:00:00.069141,gbtree,0.1,0,1,42,COMPLETE
327,0.7993959224767179,2026-07-13 19:17:09.879166,2026-07-13 19:17:11.177962,0 days 00:00:01.298796,dart,0.05,0,1,42,COMPLETE
328,0.8089604832620186,2026-07-13 19:17:11.177962,2026-07-13 19:17:11.244741,0 days 00:00:00.066779,gbtree,0.1,0,1,42,COMPLETE
329,0.8089604832620186,2026-07-13 19:17:11.244741,2026-07-13 19:17:12.520955,0 days 00:00:01.276214,dart,0.1,0,1,42,COMPLETE
330,0.8089604832620186,2026-07-13 19:17:12.522957,2026-07-13 19:17:12.587731,0 days 00:00:00.064774,gbtree,0.1,0,1,42,COMPLETE
331,0.8089604832620186,2026-07-13 19:17:12.587731,2026-07-13 19:17:13.826615,0 days 00:00:01.238884,dart,0.1,0,1,42,COMPLETE
332,0.8089604832620186,2026-07-13 19:17:13.826615,2026-07-13 19:17:13.891408,0 days 00:00:00.064793,gbtree,0.1,0,1,42,COMPLETE
333,0.8089604832620186,2026-07-13 19:17:13.891408,2026-07-13 19:17:15.137932,0 days 00:00:01.246524,dart,0.1,0,1,42,COMPLETE
334,0.8089604832620186,2026-07-13 19:17:15.139934,2026-07-13 19:17:15.206214,0 days 00:00:00.066280,gbtree,0.1,0,1,42,COMPLETE
335,0.8089604832620186,2026-07-13 19:17:15.206214,2026-07-13 19:17:16.475736,0 days 00:00:01.269522,dart,0.1,0,1,42,COMPLETE
336,0.8089604832620186,2026-07-13 19:17:16.475736,2026-07-13 19:17:16.542517,0 days 00:00:00.066781,gbtree,0.1,0,1,42,COMPLETE
337,0.8089604832620186,2026-07-13 19:17:16.542517,2026-07-13 19:17:17.794081,0 days 00:00:01.251564,dart,0.1,0,1,42,COMPLETE
338,0.8089604832620186,2026-07-13 19:17:17.794081,2026-07-13 19:17:17.858618,0 days 00:00:00.064537,gbtree,0.1,0,1,42,COMPLETE
339,0.8089604832620186,2026-07-13 19:17:17.858618,2026-07-13 19:17:17.923984,0 days 00:00:00.065366,gbtree,0.1,0,1,42,COMPLETE
340,0.8089604832620186,2026-07-13 19:17:17.923984,2026-07-13 19:17:19.162476,0 days 00:00:01.238492,dart,0.1,0,1,42,COMPLETE
341,0.7165869619934558,2026-07-13 19:17:19.162476,2026-07-13 19:17:19.190000,0 days 00:00:00.027524,gblinear,0.1,0,1,42,COMPLETE
342,0.8089604832620186,2026-07-13 19:17:19.190000,2026-07-13 19:17:19.258676,0 days 00:00:00.068676,gbtree,0.1,0,1,42,COMPLETE
343,0.8089604832620186,2026-07-13 19:17:19.258676,2026-07-13 19:17:20.520920,0 days 00:00:01.262244,dart,0.1,0,1,42,COMPLETE
344,0.8089604832620186,2026-07-13 19:17:20.520920,2026-07-13 19:17:20.586281,0 days 00:00:00.065361,gbtree,0.1,0,1,42,COMPLETE
345,0.8089604832620186,2026-07-13 19:17:20.586281,2026-07-13 19:17:21.914893,0 days 00:00:01.328612,dart,0.1,0,1,42,COMPLETE
346,0.8089604832620186,2026-07-13 19:17:21.914893,2026-07-13 19:17:21.985415,0 days 00:00:00.070522,gbtree,0.1,0,1,42,COMPLETE
347,0.8089604832620186,2026-07-13 19:17:21.985415,2026-07-13 19:17:23.204309,0 days 00:00:01.218894,dart,0.1,0,1,42,COMPLETE
348,0.7993959224767179,2026-07-13 19:17:23.204309,2026-07-13 19:17:23.274376,0 days 00:00:00.070067,gbtree,0.05,0,1,42,COMPLETE
349,0.8089604832620186,2026-07-13 19:17:23.274376,2026-07-13 19:17:24.523110,0 days 00:00:01.248734,dart,0.1,0,1,42,COMPLETE
350,0.8089604832620186,2026-07-13 19:17:24.523110,2026-07-13 19:17:24.591379,0 days 00:00:00.068269,gbtree,0.1,0,1,42,COMPLETE
351,0.8089604832620186,2026-07-13 19:17:24.591379,2026-07-13 19:17:25.847566,0 days 00:00:01.256187,dart,0.1,0,1,42,COMPLETE
352,0.8089604832620186,2026-07-13 19:17:25.847566,2026-07-13 19:17:25.914618,0 days 00:00:00.067052,gbtree,0.1,0,1,42,COMPLETE
353,0.8089604832620186,2026-07-13 19:17:25.914618,2026-07-13 19:17:27.095679,0 days 00:00:01.181061,dart,0.1,0,1,42,COMPLETE
354,0.8089604832620186,2026-07-13 19:17:27.095679,2026-07-13 19:17:27.160277,0 days 00:00:00.064598,gbtree,0.1,0,1,42,COMPLETE
355,0.8089604832620186,2026-07-13 19:17:27.162279,2026-07-13 19:17:28.388413,0 days 00:00:01.226134,dart,0.1,0,1,42,COMPLETE
356,0.8089604832620186,2026-07-13 19:17:28.388413,2026-07-13 19:17:28.455543,0 days 00:00:00.067130,gbtree,0.1,0,1,42,COMPLETE
357,0.8089604832620186,2026-07-13 19:17:28.455543,2026-07-13 19:17:29.685142,0 days 00:00:01.229599,dart,0.1,0,1,42,COMPLETE
358,0.8089604832620186,2026-07-13 19:17:29.685142,2026-07-13 19:17:29.754191,0 days 00:00:00.069049,gbtree,0.1,0,1,42,COMPLETE
359,0.8089604832620186,2026-07-13 19:17:29.754191,2026-07-13 19:17:30.949149,0 days 00:00:01.194958,dart,0.1,0,1,42,COMPLETE
360,0.8089604832620186,2026-07-13 19:17:30.949149,2026-07-13 19:17:31.017976,0 days 00:00:00.068827,gbtree,0.1,0,1,42,COMPLETE
361,0.8089604832620186,2026-07-13 19:17:31.017976,2026-07-13 19:17:32.263338,0 days 00:00:01.245362,dart,0.1,0,1,42,COMPLETE
362,0.8089604832620186,2026-07-13 19:17:32.263338,2026-07-13 19:17:32.329594,0 days 00:00:00.066256,gbtree,0.1,0,1,42,COMPLETE
363,0.7165869619934558,2026-07-13 19:17:32.329594,2026-07-13 19:17:32.359111,0 days 00:00:00.029517,gblinear,0.1,0,1,42,COMPLETE
364,0.8089604832620186,2026-07-13 19:17:32.359111,2026-07-13 19:17:33.597369,0 days 00:00:01.238258,dart,0.1,0,1,42,COMPLETE
365,0.8089604832620186,2026-07-13 19:17:33.599371,2026-07-13 19:17:33.664420,0 days 00:00:00.065049,gbtree,0.1,0,1,42,COMPLETE
366,0.8089604832620186,2026-07-13 19:17:33.664420,2026-07-13 19:17:34.881441,0 days 00:00:01.217021,dart,0.1,0,1,42,COMPLETE
367,0.8089604832620186,2026-07-13 19:17:34.883443,2026-07-13 19:17:34.948502,0 days 00:00:00.065059,gbtree,0.1,0,1,42,COMPLETE
368,0.7993959224767179,2026-07-13 19:17:34.948502,2026-07-13 19:17:36.218564,0 days 00:00:01.270062,dart,0.05,0,1,42,COMPLETE
369,0.8089604832620186,2026-07-13 19:17:36.220567,2026-07-13 19:17:36.287366,0 days 00:00:00.066799,gbtree,0.1,0,1,42,COMPLETE
370,0.8089604832620186,2026-07-13 19:17:36.287366,2026-07-13 19:17:36.353708,0 days 00:00:00.066342,gbtree,0.1,0,1,42,COMPLETE
371,0.8089604832620186,2026-07-13 19:17:36.353708,2026-07-13 19:17:37.593468,0 days 00:00:01.239760,dart,0.1,0,1,42,COMPLETE
372,0.8089604832620186,2026-07-13 19:17:37.593468,2026-07-13 19:17:37.659724,0 days 00:00:00.066256,gbtree,0.1,0,1,42,COMPLETE
373,0.8089604832620186,2026-07-13 19:17:37.659724,2026-07-13 19:17:38.896350,0 days 00:00:01.236626,dart,0.1,0,1,42,COMPLETE
374,0.8089604832620186,2026-07-13 19:17:38.896350,2026-07-13 19:17:38.962544,0 days 00:00:00.066194,gbtree,0.1,0,1,42,COMPLETE
375,0.8089604832620186,2026-07-13 19:17:38.962544,2026-07-13 19:17:40.241489,0 days 00:00:01.278945,dart,0.1,0,1,42,COMPLETE
376,0.8089604832620186,2026-07-13 19:17:40.241489,2026-07-13 19:17:40.306558,0 days 00:00:00.065069,gbtree,0.1,0,1,42,COMPLETE
377,0.8089604832620186,2026-07-13 19:17:40.306558,2026-07-13 19:17:41.558051,0 days 00:00:01.251493,dart,0.1,0,1,42,COMPLETE
378,0.8089604832620186,2026-07-13 19:17:41.558051,2026-07-13 19:17:41.625039,0 days 00:00:00.066988,gbtree,0.1,0,1,42,COMPLETE
379,0.8089604832620186,2026-07-13 19:17:41.625039,2026-07-13 19:17:42.825200,0 days 00:00:01.200161,dart,0.1,0,1,42,COMPLETE
380,0.8089604832620186,2026-07-13 19:17:42.825200,2026-07-13 19:17:42.892242,0 days 00:00:00.067042,gbtree,0.1,0,1,42,COMPLETE
381,0.8089604832620186,2026-07-13 19:17:42.893986,2026-07-13 19:17:44.199989,0 days 00:00:01.306003,dart,0.1,0,1,42,COMPLETE
382,0.8089604832620186,2026-07-13 19:17:44.199989,2026-07-13 19:17:44.266524,0 days 00:00:00.066535,gbtree,0.1,0,1,42,COMPLETE
383,0.8089604832620186,2026-07-13 19:17:44.266524,2026-07-13 19:17:45.585483,0 days 00:00:01.318959,dart,0.1,0,1,42,COMPLETE
384,0.8089604832620186,2026-07-13 19:17:45.585483,2026-07-13 19:17:45.652876,0 days 00:00:00.067393,gbtree,0.1,0,1,42,COMPLETE
385,0.7100427888245658,2026-07-13 19:17:45.654618,2026-07-13 19:17:45.680396,0 days 00:00:00.025778,gblinear,0.05,0,1,42,COMPLETE
386,0.8089604832620186,2026-07-13 19:17:45.680396,2026-07-13 19:17:46.983055,0 days 00:00:01.302659,dart,0.1,0,1,42,COMPLETE
387,0.8089604832620186,2026-07-13 19:17:46.983055,2026-07-13 19:17:47.048107,0 days 00:00:00.065052,gbtree,0.1,0,1,42,COMPLETE
388,0.8089604832620186,2026-07-13 19:17:47.048107,2026-07-13 19:17:48.343609,0 days 00:00:01.295502,dart,0.1,0,1,42,COMPLETE
389,0.8089604832620186,2026-07-13 19:17:48.345611,2026-07-13 19:17:48.414653,0 days 00:00:00.069042,gbtree,0.1,0,1,42,COMPLETE
390,0.8089604832620186,2026-07-13 19:17:48.414653,2026-07-13 19:17:49.754766,0 days 00:00:01.340113,dart,0.1,0,1,42,COMPLETE
391,0.8089604832620186,2026-07-13 19:17:49.756508,2026-07-13 19:17:49.821560,0 days 00:00:00.065052,gbtree,0.1,0,1,42,COMPLETE
392,0.8089604832620186,2026-07-13 19:17:49.821560,2026-07-13 19:17:51.135910,0 days 00:00:01.314350,dart,0.1,0,1,42,COMPLETE
393,0.8089604832620186,2026-07-13 19:17:51.135910,2026-07-13 19:17:51.200618,0 days 00:00:00.064708,gbtree,0.1,0,1,42,COMPLETE
394,0.8089604832620186,2026-07-13 19:17:51.200618,2026-07-13 19:17:52.540687,0 days 00:00:01.340069,dart,0.1,0,1,42,COMPLETE
395,0.8089604832620186,2026-07-13 19:17:52.542430,2026-07-13 19:17:52.609641,0 days 00:00:00.067211,gbtree,0.1,0,1,42,COMPLETE
396,0.8089604832620186,2026-07-13 19:17:52.609641,2026-07-13 19:17:53.914064,0 days 00:00:01.304423,dart,0.1,0,1,42,COMPLETE
397,0.8089604832620186,2026-07-13 19:17:53.914064,2026-07-13 19:17:53.979121,0 days 00:00:00.065057,gbtree,0.1,0,1,42,COMPLETE
398,0.8089604832620186,2026-07-13 19:17:53.979121,2026-07-13 19:17:54.044190,0 days 00:00:00.065069,gbtree,0.1,0,1,42,COMPLETE
399,0.8089604832620186,2026-07-13 19:17:54.044190,2026-07-13 19:17:55.350945,0 days 00:00:01.306755,dart,0.1,0,1,42,COMPLETE
400,0.8089604832620186,2026-07-13 19:17:55.352947,2026-07-13 19:17:55.417652,0 days 00:00:00.064705,gbtree,0.1,0,1,42,COMPLETE
401,0.8089604832620186,2026-07-13 19:17:55.417652,2026-07-13 19:17:56.715919,0 days 00:00:01.298267,dart,0.1,0,1,42,COMPLETE
402,0.8089604832620186,2026-07-13 19:17:56.715919,2026-07-13 19:17:56.780975,0 days 00:00:00.065056,gbtree,0.1,0,1,42,COMPLETE
403,0.8089604832620186,2026-07-13 19:17:56.782978,2026-07-13 19:17:58.167024,0 days 00:00:01.384046,dart,0.1,0,1,42,COMPLETE
404,0.7993959224767179,2026-07-13 19:17:58.169026,2026-07-13 19:17:58.237427,0 days 00:00:00.068401,gbtree,0.05,0,1,42,COMPLETE
405,0.8089604832620186,2026-07-13 19:17:58.237427,2026-07-13 19:17:59.548622,0 days 00:00:01.311195,dart,0.1,0,1,42,COMPLETE
406,0.8089604832620186,2026-07-13 19:17:59.548622,2026-07-13 19:17:59.616915,0 days 00:00:00.068293,gbtree,0.1,0,1,42,COMPLETE
407,0.8089604832620186,2026-07-13 19:17:59.616915,2026-07-13 19:18:00.921692,0 days 00:00:01.304777,dart,0.1,0,1,42,COMPLETE
408,0.8089604832620186,2026-07-13 19:18:00.921692,2026-07-13 19:18:00.986480,0 days 00:00:00.064788,gbtree,0.1,0,1,42,COMPLETE
409,0.8089604832620186,2026-07-13 19:18:00.986480,2026-07-13 19:18:02.353260,0 days 00:00:01.366780,dart,0.1,0,1,42,COMPLETE
410,0.7165869619934558,2026-07-13 19:18:02.353260,2026-07-13 19:18:02.380789,0 days 00:00:00.027529,gblinear,0.1,0,1,42,COMPLETE
411,0.8089604832620186,2026-07-13 19:18:02.380789,2026-07-13 19:18:02.446156,0 days 00:00:00.065367,gbtree,0.1,0,1,42,COMPLETE
412,0.8089604832620186,2026-07-13 19:18:02.446156,2026-07-13 19:18:03.754916,0 days 00:00:01.308760,dart,0.1,0,1,42,COMPLETE
413,0.8089604832620186,2026-07-13 19:18:03.754916,2026-07-13 19:18:03.823704,0 days 00:00:00.068788,gbtree,0.1,0,1,42,COMPLETE
414,0.8089604832620186,2026-07-13 19:18:03.823704,2026-07-13 19:18:05.132233,0 days 00:00:01.308529,dart,0.1,0,1,42,COMPLETE
415,0.8089604832620186,2026-07-13 19:18:05.132233,2026-07-13 19:18:05.198753,0 days 00:00:00.066520,gbtree,0.1,0,1,42,COMPLETE
416,0.8089604832620186,2026-07-13 19:18:05.199316,2026-07-13 19:18:06.494285,0 days 00:00:01.294969,dart,0.1,0,1,42,COMPLETE
417,0.8089604832620186,2026-07-13 19:18:06.494285,2026-07-13 19:18:06.564299,0 days 00:00:00.070014,gbtree,0.1,0,1,42,COMPLETE
418,0.8089604832620186,2026-07-13 19:18:06.564299,2026-07-13 19:18:07.893405,0 days 00:00:01.329106,dart,0.1,0,1,42,COMPLETE
419,0.8089604832620186,2026-07-13 19:18:07.893405,2026-07-13 19:18:07.960524,0 days 00:00:00.067119,gbtree,0.1,0,1,42,COMPLETE
420,0.8089604832620186,2026-07-13 19:18:07.960524,2026-07-13 19:18:09.266048,0 days 00:00:01.305524,dart,0.1,0,1,42,COMPLETE
421,0.8089604832620186,2026-07-13 19:18:09.266048,2026-07-13 19:18:09.331213,0 days 00:00:00.065165,gbtree,0.1,0,1,42,COMPLETE
422,0.8089604832620186,2026-07-13 19:18:09.331213,2026-07-13 19:18:10.597980,0 days 00:00:01.266767,dart,0.1,0,1,42,COMPLETE
423,0.7993959224767179,2026-07-13 19:18:10.599985,2026-07-13 19:18:10.669177,0 days 00:00:00.069192,gbtree,0.05,0,1,42,COMPLETE
424,0.8089604832620186,2026-07-13 19:18:10.669177,2026-07-13 19:18:12.013088,0 days 00:00:01.343911,dart,0.1,0,1,42,COMPLETE
425,0.8089604832620186,2026-07-13 19:18:12.013088,2026-07-13 19:18:12.080145,0 days 00:00:00.067057,gbtree,0.1,0,1,42,COMPLETE
426,0.8089604832620186,2026-07-13 19:18:12.080145,2026-07-13 19:18:12.150629,0 days 00:00:00.070484,gbtree,0.1,0,1,42,COMPLETE
427,0.8089604832620186,2026-07-13 19:18:12.152371,2026-07-13 19:18:13.480961,0 days 00:00:01.328590,dart,0.1,0,1,42,COMPLETE
428,0.8089604832620186,2026-07-13 19:18:13.480961,2026-07-13 19:18:13.546578,0 days 00:00:00.065617,gbtree,0.1,0,1,42,COMPLETE
429,0.8089604832620186,2026-07-13 19:18:13.548581,2026-07-13 19:18:14.870677,0 days 00:00:01.322096,dart,0.1,0,1,42,COMPLETE
430,0.7165869619934558,2026-07-13 19:18:14.870677,2026-07-13 19:18:14.899868,0 days 00:00:00.029191,gblinear,0.1,0,1,42,COMPLETE
431,0.8089604832620186,2026-07-13 19:18:14.899868,2026-07-13 19:18:14.965387,0 days 00:00:00.065519,gbtree,0.1,0,1,42,COMPLETE
432,0.8089604832620186,2026-07-13 19:18:14.967389,2026-07-13 19:18:16.302727,0 days 00:00:01.335338,dart,0.1,0,1,42,COMPLETE
433,0.8089604832620186,2026-07-13 19:18:16.302727,2026-07-13 19:18:16.367134,0 days 00:00:00.064407,gbtree,0.1,0,1,42,COMPLETE
434,0.8089604832620186,2026-07-13 19:18:16.367134,2026-07-13 19:18:17.666676,0 days 00:00:01.299542,dart,0.1,0,1,42,COMPLETE
435,0.8089604832620186,2026-07-13 19:18:17.666676,2026-07-13 19:18:17.735719,0 days 00:00:00.069043,gbtree,0.1,0,1,42,COMPLETE
436,0.8089604832620186,2026-07-13 19:18:17.735719,2026-07-13 19:18:19.049243,0 days 00:00:01.313524,dart,0.1,0,1,42,COMPLETE
437,0.8089604832620186,2026-07-13 19:18:19.049243,2026-07-13 19:18:19.114558,0 days 00:00:00.065315,gbtree,0.1,0,1,42,COMPLETE
438,0.8089604832620186,2026-07-13 19:18:19.114558,2026-07-13 19:18:20.301543,0 days 00:00:01.186985,dart,0.1,0,1,42,COMPLETE
439,0.8089604832620186,2026-07-13 19:18:20.303545,2026-07-13 19:18:20.369846,0 days 00:00:00.066301,gbtree,0.1,0,1,42,COMPLETE
440,0.8089604832620186,2026-07-13 19:18:20.369846,2026-07-13 19:18:21.640189,0 days 00:00:01.270343,dart,0.1,0,1,42,COMPLETE
441,0.8089604832620186,2026-07-13 19:18:21.640189,2026-07-13 19:18:21.709580,0 days 00:00:00.069391,gbtree,0.1,0,1,42,COMPLETE
442,0.7993959224767179,2026-07-13 19:18:21.709580,2026-07-13 19:18:23.036632,0 days 00:00:01.327052,dart,0.05,0,1,42,COMPLETE
443,0.8089604832620186,2026-07-13 19:18:23.038374,2026-07-13 19:18:23.103439,0 days 00:00:00.065065,gbtree,0.1,0,1,42,COMPLETE
444,0.8089604832620186,2026-07-13 19:18:23.103439,2026-07-13 19:18:24.397292,0 days 00:00:01.293853,dart,0.1,0,1,42,COMPLETE
445,0.8089604832620186,2026-07-13 19:18:24.397292,2026-07-13 19:18:24.466120,0 days 00:00:00.068828,gbtree,0.1,0,1,42,COMPLETE
446,0.8089604832620186,2026-07-13 19:18:24.466120,2026-07-13 19:18:25.791498,0 days 00:00:01.325378,dart,0.1,0,1,42,COMPLETE
447,0.8089604832620186,2026-07-13 19:18:25.791498,2026-07-13 19:18:25.859796,0 days 00:00:00.068298,gbtree,0.1,0,1,42,COMPLETE
448,0.8089604832620186,2026-07-13 19:18:25.859796,2026-07-13 19:18:27.193177,0 days 00:00:01.333381,dart,0.1,0,1,42,COMPLETE
449,0.8089604832620186,2026-07-13 19:18:27.193177,2026-07-13 19:18:27.262487,0 days 00:00:00.069310,gbtree,0.1,0,1,42,COMPLETE
450,0.8089604832620186,2026-07-13 19:18:27.264494,2026-07-13 19:18:28.576989,0 days 00:00:01.312495,dart,0.1,0,1,42,COMPLETE
451,0.8089604832620186,2026-07-13 19:18:28.576989,2026-07-13 19:18:28.643305,0 days 00:00:00.066316,gbtree,0.1,0,1,42,COMPLETE
452,0.7165869619934558,2026-07-13 19:18:28.643305,2026-07-13 19:18:28.671097,0 days 00:00:00.027792,gblinear,0.1,0,1,42,COMPLETE
453,0.8089604832620186,2026-07-13 19:18:28.671097,2026-07-13 19:18:29.956814,0 days 00:00:01.285717,dart,0.1,0,1,42,COMPLETE
454,0.8089604832620186,2026-07-13 19:18:29.958816,2026-07-13 19:18:30.027896,0 days 00:00:00.069080,gbtree,0.1,0,1,42,COMPLETE
455,0.8089604832620186,2026-07-13 19:18:30.027896,2026-07-13 19:18:31.352091,0 days 00:00:01.324195,dart,0.1,0,1,42,COMPLETE
456,0.8089604832620186,2026-07-13 19:18:31.352091,2026-07-13 19:18:31.417881,0 days 00:00:00.065790,gbtree,0.1,0,1,42,COMPLETE
457,0.8089604832620186,2026-07-13 19:18:31.417881,2026-07-13 19:18:31.486925,0 days 00:00:00.069044,gbtree,0.1,0,1,42,COMPLETE
458,0.8089604832620186,2026-07-13 19:18:31.486925,2026-07-13 19:18:32.807706,0 days 00:00:01.320781,dart,0.1,0,1,42,COMPLETE
459,0.8089604832620186,2026-07-13 19:18:32.807706,2026-07-13 19:18:32.875904,0 days 00:00:00.068198,gbtree,0.1,0,1,42,COMPLETE
460,0.8089604832620186,2026-07-13 19:18:32.875904,2026-07-13 19:18:34.228525,0 days 00:00:01.352621,dart,0.1,0,1,42,COMPLETE
461,0.7993959224767179,2026-07-13 19:18:34.228525,2026-07-13 19:18:34.310175,0 days 00:00:00.081650,gbtree,0.05,0,1,42,COMPLETE
462,0.8089604832620186,2026-07-13 19:18:34.310175,2026-07-13 19:18:35.587723,0 days 00:00:01.277548,dart,0.1,0,1,42,COMPLETE
463,0.8089604832620186,2026-07-13 19:18:35.587723,2026-07-13 19:18:35.654863,0 days 00:00:00.067140,gbtree,0.1,0,1,42,COMPLETE
464,0.8089604832620186,2026-07-13 19:18:35.654863,2026-07-13 19:18:36.955812,0 days 00:00:01.300949,dart,0.1,0,1,42,COMPLETE
465,0.8089604832620186,2026-07-13 19:18:36.955812,2026-07-13 19:18:37.022882,0 days 00:00:00.067070,gbtree,0.1,0,1,42,COMPLETE
466,0.8089604832620186,2026-07-13 19:18:37.022882,2026-07-13 19:18:38.349515,0 days 00:00:01.326633,dart,0.1,0,1,42,COMPLETE
467,0.8089604832620186,2026-07-13 19:18:38.349515,2026-07-13 19:18:38.414490,0 days 00:00:00.064975,gbtree,0.1,0,1,42,COMPLETE
468,0.8089604832620186,2026-07-13 19:18:38.414490,2026-07-13 19:18:39.729073,0 days 00:00:01.314583,dart,0.1,0,1,42,COMPLETE
469,0.8089604832620186,2026-07-13 19:18:39.729073,2026-07-13 19:18:39.794123,0 days 00:00:00.065050,gbtree,0.1,0,1,42,COMPLETE
470,0.8089604832620186,2026-07-13 19:18:39.794123,2026-07-13 19:18:41.102649,0 days 00:00:01.308526,dart,0.1,0,1,42,COMPLETE
471,0.8089604832620186,2026-07-13 19:18:41.102649,2026-07-13 19:18:41.168883,0 days 00:00:00.066234,gbtree,0.1,0,1,42,COMPLETE
472,0.8089604832620186,2026-07-13 19:18:41.168883,2026-07-13 19:18:42.485266,0 days 00:00:01.316383,dart,0.1,0,1,42,COMPLETE
473,0.8089604832620186,2026-07-13 19:18:42.485266,2026-07-13 19:18:42.553838,0 days 00:00:00.068572,gbtree,0.1,0,1,42,COMPLETE
474,0.7165869619934558,2026-07-13 19:18:42.553838,2026-07-13 19:18:42.581360,0 days 00:00:00.027522,gblinear,0.1,0,1,42,COMPLETE
475,0.8089604832620186,2026-07-13 19:18:42.581360,2026-07-13 19:18:43.864287,0 days 00:00:01.282927,dart,0.1,0,1,42,COMPLETE
476,0.8089604832620186,2026-07-13 19:18:43.864287,2026-07-13 19:18:43.931302,0 days 00:00:00.067015,gbtree,0.1,0,1,42,COMPLETE
477,0.8089604832620186,2026-07-13 19:18:43.931302,2026-07-13 19:18:45.223526,0 days 00:00:01.292224,dart,0.1,0,1,42,COMPLETE
478,0.8089604832620186,2026-07-13 19:18:45.225529,2026-07-13 19:18:45.290594,0 days 00:00:00.065065,gbtree,0.1,0,1,42,COMPLETE
479,0.8089604832620186,2026-07-13 19:18:45.290594,2026-07-13 19:18:46.633857,0 days 00:00:01.343263,dart,0.1,0,1,42,COMPLETE
480,0.7993959224767179,2026-07-13 19:18:46.633857,2026-07-13 19:18:46.703272,0 days 00:00:00.069415,gbtree,0.05,0,1,42,COMPLETE
481,0.8089604832620186,2026-07-13 19:18:46.703272,2026-07-13 19:18:47.932192,0 days 00:00:01.228920,dart,0.1,0,1,42,COMPLETE
482,0.8089604832620186,2026-07-13 19:18:47.932192,2026-07-13 19:18:48.000065,0 days 00:00:00.067873,gbtree,0.1,0,1,42,COMPLETE
483,0.8089604832620186,2026-07-13 19:18:48.000065,2026-07-13 19:18:49.211555,0 days 00:00:01.211490,dart,0.1,0,1,42,COMPLETE
484,0.8089604832620186,2026-07-13 19:18:49.213298,2026-07-13 19:18:49.282342,0 days 00:00:00.069044,gbtree,0.1,0,1,42,COMPLETE
485,0.8089604832620186,2026-07-13 19:18:49.282342,2026-07-13 19:18:49.349616,0 days 00:00:00.067274,gbtree,0.1,0,1,42,COMPLETE
486,0.8089604832620186,2026-07-13 19:18:49.349616,2026-07-13 19:18:50.623944,0 days 00:00:01.274328,dart,0.1,0,1,42,COMPLETE
487,0.8089604832620186,2026-07-13 19:18:50.625947,2026-07-13 19:18:50.691230,0 days 00:00:00.065283,gbtree,0.1,0,1,42,COMPLETE
488,0.8089604832620186,2026-07-13 19:18:50.691230,2026-07-13 19:18:52.020783,0 days 00:00:01.329553,dart,0.1,0,1,42,COMPLETE
489,0.8089604832620186,2026-07-13 19:18:52.020783,2026-07-13 19:18:52.089566,0 days 00:00:00.068783,gbtree,0.1,0,1,42,COMPLETE
490,0.8089604832620186,2026-07-13 19:18:52.089566,2026-07-13 19:18:53.410286,0 days 00:00:01.320720,dart,0.1,0,1,42,COMPLETE
491,0.8089604832620186,2026-07-13 19:18:53.410286,2026-07-13 19:18:53.474749,0 days 00:00:00.064463,gbtree,0.1,0,1,42,COMPLETE
492,0.8089604832620186,2026-07-13 19:18:53.474749,2026-07-13 19:18:54.799032,0 days 00:00:01.324283,dart,0.1,0,1,42,COMPLETE
493,0.8089604832620186,2026-07-13 19:18:54.799032,2026-07-13 19:18:54.881442,0 days 00:00:00.082410,gbtree,0.1,0,1,42,COMPLETE
494,0.8089604832620186,2026-07-13 19:18:54.881442,2026-07-13 19:18:56.295172,0 days 00:00:01.413730,dart,0.1,0,1,42,COMPLETE
495,0.8089604832620186,2026-07-13 19:18:56.297179,2026-07-13 19:18:56.373729,0 days 00:00:00.076550,gbtree,0.1,0,1,42,COMPLETE
496,0.8089604832620186,2026-07-13 19:18:56.373729,2026-07-13 19:18:57.668612,0 days 00:00:01.294883,dart,0.1,0,1,42,COMPLETE
497,0.7165869619934558,2026-07-13 19:18:57.668612,2026-07-13 19:18:57.696132,0 days 00:00:00.027520,gblinear,0.1,0,1,42,COMPLETE
498,0.8089604832620186,2026-07-13 19:18:57.698135,2026-07-13 19:18:57.765232,0 days 00:00:00.067097,gbtree,0.1,0,1,42,COMPLETE
499,0.8089604832620186,2026-07-13 19:18:57.765232,2026-07-13 19:18:58.991963,0 days 00:00:01.226731,dart,0.1,0,1,42,COMPLETE
