number,value,datetime_start,datetime_complete,duration,params_algorithm,params_learning_rate,params_n_estimators,params_random_state,state
0,0.8057142857142857,2026-07-08 11:51:36.020301,2026-07-08 11:51:36.127408,0 days 00:00:00.107107,SAMME,1.0,100,42,COMPLETE
1,0.7828571428571428,2026-07-08 11:51:36.127408,2026-07-08 11:51:36.191566,0 days 00:00:00.064158,SAMME,1.0,50,42,COMPLETE
2,0.7828571428571428,2026-07-08 11:51:36.191566,2026-07-08 11:51:36.239955,0 days 00:00:00.048389,SAMME,1.0,50,42,COMPLETE
3,0.8057142857142857,2026-07-08 11:51:36.239955,2026-07-08 11:51:36.347984,0 days 00:00:00.108029,SAMME,1.0,100,42,COMPLETE
4,0.7942857142857143,2026-07-08 11:51:36.347984,2026-07-08 11:51:36.446223,0 days 00:00:00.098239,SAMME,0.8,100,42,COMPLETE
5,0.8057142857142857,2026-07-08 11:51:36.446223,2026-07-08 11:51:36.559389,0 days 00:00:00.113166,SAMME,1.0,100,42,COMPLETE
6,0.7942857142857143,2026-07-08 11:51:36.559389,2026-07-08 11:51:36.659634,0 days 00:00:00.100245,SAMME,0.8,100,42,COMPLETE
7,0.7828571428571428,2026-07-08 11:51:36.659634,2026-07-08 11:51:36.719835,0 days 00:00:00.060201,SAMME,1.0,50,42,COMPLETE
8,0.8057142857142857,2026-07-08 11:51:36.720793,2026-07-08 11:51:36.810521,0 days 00:00:00.089728,SAMME,1.0,100,42,COMPLETE
9,0.7885714285714286,2026-07-08 11:51:36.810521,2026-07-08 11:51:36.874367,0 days 00:00:00.063846,SAMME,0.8,50,42,COMPLETE
10,0.7942857142857143,2026-07-08 11:51:36.874367,2026-07-08 11:51:36.974919,0 days 00:00:00.100552,SAMME,0.8,100,42,COMPLETE
11,0.8057142857142857,2026-07-08 11:51:36.974919,2026-07-08 11:51:37.080644,0 days 00:00:00.105725,SAMME,1.0,100,42,COMPLETE
12,0.8057142857142857,2026-07-08 11:51:37.080644,2026-07-08 11:51:37.191156,0 days 00:00:00.110512,SAMME,1.0,100,42,COMPLETE
13,0.8057142857142857,2026-07-08 11:51:37.191156,2026-07-08 11:51:37.301069,0 days 00:00:00.109913,SAMME,1.0,100,42,COMPLETE
14,0.8057142857142857,2026-07-08 11:51:37.301069,2026-07-08 11:51:37.396351,0 days 00:00:00.095282,SAMME,1.0,100,42,COMPLETE
15,0.8057142857142857,2026-07-08 11:51:37.396351,2026-07-08 11:51:37.514806,0 days 00:00:00.118455,SAMME,1.0,100,42,COMPLETE
16,0.8057142857142857,2026-07-08 11:51:37.514806,2026-07-08 11:51:37.621594,0 days 00:00:00.106788,SAMME,1.0,100,42,COMPLETE
17,0.8057142857142857,2026-07-08 11:51:37.622596,2026-07-08 11:51:37.723353,0 days 00:00:00.100757,SAMME,1.0,100,42,COMPLETE
18,0.7885714285714286,2026-07-08 11:51:37.725363,2026-07-08 11:51:37.778474,0 days 00:00:00.053111,SAMME,0.8,50,42,COMPLETE
19,0.8057142857142857,2026-07-08 11:51:37.778474,2026-07-08 11:51:37.881387,0 days 00:00:00.102913,SAMME,1.0,100,42,COMPLETE
20,0.8057142857142857,2026-07-08 11:51:37.881387,2026-07-08 11:51:37.979969,0 days 00:00:00.098582,SAMME,1.0,100,42,COMPLETE
21,0.8057142857142857,2026-07-08 11:51:37.979969,2026-07-08 11:51:38.075749,0 days 00:00:00.095780,SAMME,1.0,100,42,COMPLETE
22,0.8057142857142857,2026-07-08 11:51:38.075749,2026-07-08 11:51:38.192947,0 days 00:00:00.117198,SAMME,1.0,100,42,COMPLETE
23,0.8057142857142857,2026-07-08 11:51:38.192947,2026-07-08 11:51:38.296945,0 days 00:00:00.103998,SAMME,1.0,100,42,COMPLETE
24,0.8057142857142857,2026-07-08 11:51:38.296945,2026-07-08 11:51:38.397873,0 days 00:00:00.100928,SAMME,1.0,100,42,COMPLETE
25,0.8057142857142857,2026-07-08 11:51:38.397873,2026-07-08 11:51:38.513773,0 days 00:00:00.115900,SAMME,1.0,100,42,COMPLETE
26,0.7885714285714286,2026-07-08 11:51:38.515514,2026-07-08 11:51:38.572478,0 days 00:00:00.056964,SAMME,0.8,50,42,COMPLETE
27,0.8057142857142857,2026-07-08 11:51:38.573482,2026-07-08 11:51:38.676002,0 days 00:00:00.102520,SAMME,1.0,100,42,COMPLETE
28,0.8057142857142857,2026-07-08 11:51:38.676002,2026-07-08 11:51:38.768451,0 days 00:00:00.092449,SAMME,1.0,100,42,COMPLETE
29,0.7828571428571428,2026-07-08 11:51:38.768451,2026-07-08 11:51:38.832259,0 days 00:00:00.063808,SAMME,1.0,50,42,COMPLETE
30,0.8057142857142857,2026-07-08 11:51:38.832259,2026-07-08 11:51:38.936149,0 days 00:00:00.103890,SAMME,1.0,100,42,COMPLETE
31,0.8057142857142857,2026-07-08 11:51:38.936149,2026-07-08 11:51:39.042721,0 days 00:00:00.106572,SAMME,1.0,100,42,COMPLETE
32,0.8057142857142857,2026-07-08 11:51:39.042721,2026-07-08 11:51:39.146451,0 days 00:00:00.103730,SAMME,1.0,100,42,COMPLETE
33,0.8057142857142857,2026-07-08 11:51:39.146451,2026-07-08 11:51:39.246829,0 days 00:00:00.100378,SAMME,1.0,100,42,COMPLETE
34,0.8057142857142857,2026-07-08 11:51:39.246829,2026-07-08 11:51:39.345309,0 days 00:00:00.098480,SAMME,1.0,100,42,COMPLETE
35,0.7885714285714286,2026-07-08 11:51:39.345309,2026-07-08 11:51:39.409371,0 days 00:00:00.064062,SAMME,0.8,50,42,COMPLETE
36,0.8057142857142857,2026-07-08 11:51:39.409371,2026-07-08 11:51:39.512656,0 days 00:00:00.103285,SAMME,1.0,100,42,COMPLETE
37,0.7942857142857143,2026-07-08 11:51:39.512656,2026-07-08 11:51:39.620603,0 days 00:00:00.107947,SAMME,0.8,100,42,COMPLETE
38,0.8057142857142857,2026-07-08 11:51:39.620603,2026-07-08 11:51:39.724785,0 days 00:00:00.104182,SAMME,1.0,100,42,COMPLETE
39,0.7828571428571428,2026-07-08 11:51:39.725705,2026-07-08 11:51:39.769038,0 days 00:00:00.043333,SAMME,1.0,50,42,COMPLETE
40,0.7942857142857143,2026-07-08 11:51:39.769038,2026-07-08 11:51:39.883027,0 days 00:00:00.113989,SAMME,0.8,100,42,COMPLETE
41,0.8057142857142857,2026-07-08 11:51:39.883027,2026-07-08 11:51:39.986970,0 days 00:00:00.103943,SAMME,1.0,100,42,COMPLETE
42,0.8057142857142857,2026-07-08 11:51:39.986970,2026-07-08 11:51:40.096713,0 days 00:00:00.109743,SAMME,1.0,100,42,COMPLETE
43,0.8057142857142857,2026-07-08 11:51:40.096713,2026-07-08 11:51:40.204806,0 days 00:00:00.108093,SAMME,1.0,100,42,COMPLETE
44,0.8057142857142857,2026-07-08 11:51:40.204806,2026-07-08 11:51:40.301743,0 days 00:00:00.096937,SAMME,1.0,100,42,COMPLETE
45,0.8057142857142857,2026-07-08 11:51:40.301743,2026-07-08 11:51:40.408748,0 days 00:00:00.107005,SAMME,1.0,100,42,COMPLETE
46,0.8057142857142857,2026-07-08 11:51:40.408748,2026-07-08 11:51:40.527863,0 days 00:00:00.119115,SAMME,1.0,100,42,COMPLETE
47,0.8057142857142857,2026-07-08 11:51:40.527863,2026-07-08 11:51:40.641747,0 days 00:00:00.113884,SAMME,1.0,100,42,COMPLETE
48,0.7828571428571428,2026-07-08 11:51:40.642747,2026-07-08 11:51:40.695278,0 days 00:00:00.052531,SAMME,1.0,50,42,COMPLETE
49,0.7942857142857143,2026-07-08 11:51:40.695278,2026-07-08 11:51:40.802556,0 days 00:00:00.107278,SAMME,0.8,100,42,COMPLETE
50,0.8057142857142857,2026-07-08 11:51:40.802556,2026-07-08 11:51:40.895723,0 days 00:00:00.093167,SAMME,1.0,100,42,COMPLETE
51,0.8057142857142857,2026-07-08 11:51:40.895723,2026-07-08 11:51:41.007772,0 days 00:00:00.112049,SAMME,1.0,100,42,COMPLETE
52,0.8057142857142857,2026-07-08 11:51:41.007772,2026-07-08 11:51:41.115733,0 days 00:00:00.107961,SAMME,1.0,100,42,COMPLETE
53,0.8057142857142857,2026-07-08 11:51:41.115733,2026-07-08 11:51:41.222459,0 days 00:00:00.106726,SAMME,1.0,100,42,COMPLETE
54,0.8057142857142857,2026-07-08 11:51:41.224782,2026-07-08 11:51:41.315967,0 days 00:00:00.091185,SAMME,1.0,100,42,COMPLETE
55,0.8057142857142857,2026-07-08 11:51:41.315967,2026-07-08 11:51:41.438159,0 days 00:00:00.122192,SAMME,1.0,100,42,COMPLETE
56,0.8057142857142857,2026-07-08 11:51:41.438159,2026-07-08 11:51:41.528659,0 days 00:00:00.090500,SAMME,1.0,100,42,COMPLETE
57,0.8057142857142857,2026-07-08 11:51:41.528659,2026-07-08 11:51:41.635776,0 days 00:00:00.107117,SAMME,1.0,100,42,COMPLETE
58,0.7828571428571428,2026-07-08 11:51:41.635776,2026-07-08 11:51:41.696704,0 days 00:00:00.060928,SAMME,1.0,50,42,COMPLETE
59,0.8057142857142857,2026-07-08 11:51:41.697626,2026-07-08 11:51:41.797674,0 days 00:00:00.100048,SAMME,1.0,100,42,COMPLETE
60,0.7942857142857143,2026-07-08 11:51:41.797674,2026-07-08 11:51:41.901037,0 days 00:00:00.103363,SAMME,0.8,100,42,COMPLETE
61,0.8057142857142857,2026-07-08 11:51:41.901037,2026-07-08 11:51:41.988726,0 days 00:00:00.087689,SAMME,1.0,100,42,COMPLETE
62,0.8057142857142857,2026-07-08 11:51:41.988726,2026-07-08 11:51:42.097356,0 days 00:00:00.108630,SAMME,1.0,100,42,COMPLETE
63,0.8057142857142857,2026-07-08 11:51:42.097356,2026-07-08 11:51:42.215537,0 days 00:00:00.118181,SAMME,1.0,100,42,COMPLETE
64,0.8057142857142857,2026-07-08 11:51:42.215537,2026-07-08 11:51:42.317334,0 days 00:00:00.101797,SAMME,1.0,100,42,COMPLETE
65,0.8057142857142857,2026-07-08 11:51:42.317334,2026-07-08 11:51:42.430037,0 days 00:00:00.112703,SAMME,1.0,100,42,COMPLETE
66,0.8057142857142857,2026-07-08 11:51:42.430037,2026-07-08 11:51:42.552923,0 days 00:00:00.122886,SAMME,1.0,100,42,COMPLETE
67,0.8057142857142857,2026-07-08 11:51:42.552923,2026-07-08 11:51:42.644800,0 days 00:00:00.091877,SAMME,1.0,100,42,COMPLETE
68,0.7828571428571428,2026-07-08 11:51:42.644800,2026-07-08 11:51:42.706823,0 days 00:00:00.062023,SAMME,1.0,50,42,COMPLETE
69,0.8057142857142857,2026-07-08 11:51:42.706823,2026-07-08 11:51:42.799367,0 days 00:00:00.092544,SAMME,1.0,100,42,COMPLETE
70,0.7942857142857143,2026-07-08 11:51:42.799367,2026-07-08 11:51:42.930548,0 days 00:00:00.131181,SAMME,0.8,100,42,COMPLETE
71,0.8057142857142857,2026-07-08 11:51:42.931544,2026-07-08 11:51:43.062450,0 days 00:00:00.130906,SAMME,1.0,100,42,COMPLETE
72,0.8057142857142857,2026-07-08 11:51:43.062450,2026-07-08 11:51:43.205111,0 days 00:00:00.142661,SAMME,1.0,100,42,COMPLETE
73,0.8057142857142857,2026-07-08 11:51:43.205111,2026-07-08 11:51:43.298849,0 days 00:00:00.093738,SAMME,1.0,100,42,COMPLETE
74,0.8057142857142857,2026-07-08 11:51:43.298849,2026-07-08 11:51:43.410881,0 days 00:00:00.112032,SAMME,1.0,100,42,COMPLETE
75,0.8057142857142857,2026-07-08 11:51:43.410881,2026-07-08 11:51:43.519988,0 days 00:00:00.109107,SAMME,1.0,100,42,COMPLETE
76,0.8057142857142857,2026-07-08 11:51:43.519988,2026-07-08 11:51:43.615734,0 days 00:00:00.095746,SAMME,1.0,100,42,COMPLETE
77,0.8057142857142857,2026-07-08 11:51:43.615734,2026-07-08 11:51:43.724288,0 days 00:00:00.108554,SAMME,1.0,100,42,COMPLETE
78,0.8057142857142857,2026-07-08 11:51:43.724288,2026-07-08 11:51:43.816457,0 days 00:00:00.092169,SAMME,1.0,100,42,COMPLETE
79,0.7828571428571428,2026-07-08 11:51:43.816457,2026-07-08 11:51:43.886352,0 days 00:00:00.069895,SAMME,1.0,50,42,COMPLETE
80,0.8057142857142857,2026-07-08 11:51:43.886352,2026-07-08 11:51:43.981468,0 days 00:00:00.095116,SAMME,1.0,100,42,COMPLETE
81,0.8057142857142857,2026-07-08 11:51:43.981468,2026-07-08 11:51:44.077196,0 days 00:00:00.095728,SAMME,1.0,100,42,COMPLETE
82,0.8057142857142857,2026-07-08 11:51:44.077196,2026-07-08 11:51:44.194506,0 days 00:00:00.117310,SAMME,1.0,100,42,COMPLETE
83,0.8057142857142857,2026-07-08 11:51:44.195528,2026-07-08 11:51:44.297328,0 days 00:00:00.101800,SAMME,1.0,100,42,COMPLETE
84,0.8057142857142857,2026-07-08 11:51:44.297328,2026-07-08 11:51:44.394048,0 days 00:00:00.096720,SAMME,1.0,100,42,COMPLETE
85,0.7942857142857143,2026-07-08 11:51:44.394048,2026-07-08 11:51:44.504433,0 days 00:00:00.110385,SAMME,0.8,100,42,COMPLETE
86,0.8057142857142857,2026-07-08 11:51:44.504433,2026-07-08 11:51:44.598683,0 days 00:00:00.094250,SAMME,1.0,100,42,COMPLETE
87,0.8057142857142857,2026-07-08 11:51:44.598683,2026-07-08 11:51:44.706400,0 days 00:00:00.107717,SAMME,1.0,100,42,COMPLETE
88,0.8057142857142857,2026-07-08 11:51:44.706400,2026-07-08 11:51:44.815497,0 days 00:00:00.109097,SAMME,1.0,100,42,COMPLETE
89,0.8057142857142857,2026-07-08 11:51:44.815497,2026-07-08 11:51:44.916340,0 days 00:00:00.100843,SAMME,1.0,100,42,COMPLETE
90,0.7828571428571428,2026-07-08 11:51:44.916340,2026-07-08 11:51:44.979908,0 days 00:00:00.063568,SAMME,1.0,50,42,COMPLETE
91,0.8057142857142857,2026-07-08 11:51:44.979908,2026-07-08 11:51:45.080279,0 days 00:00:00.100371,SAMME,1.0,100,42,COMPLETE
92,0.8057142857142857,2026-07-08 11:51:45.080279,2026-07-08 11:51:45.207181,0 days 00:00:00.126902,SAMME,1.0,100,42,COMPLETE
93,0.8057142857142857,2026-07-08 11:51:45.207181,2026-07-08 11:51:45.314950,0 days 00:00:00.107769,SAMME,1.0,100,42,COMPLETE
94,0.8057142857142857,2026-07-08 11:51:45.314950,2026-07-08 11:51:45.425003,0 days 00:00:00.110053,SAMME,1.0,100,42,COMPLETE
95,0.8057142857142857,2026-07-08 11:51:45.425003,2026-07-08 11:51:45.536057,0 days 00:00:00.111054,SAMME,1.0,100,42,COMPLETE
96,0.8057142857142857,2026-07-08 11:51:45.536057,2026-07-08 11:51:45.644469,0 days 00:00:00.108412,SAMME,1.0,100,42,COMPLETE
97,0.7942857142857143,2026-07-08 11:51:45.645466,2026-07-08 11:51:45.737165,0 days 00:00:00.091699,SAMME,0.8,100,42,COMPLETE
98,0.8057142857142857,2026-07-08 11:51:45.737165,2026-07-08 11:51:45.846509,0 days 00:00:00.109344,SAMME,1.0,100,42,COMPLETE
99,0.8057142857142857,2026-07-08 11:51:45.846509,2026-07-08 11:51:45.971883,0 days 00:00:00.125374,SAMME,1.0,100,42,COMPLETE
100,0.8057142857142857,2026-07-08 11:51:45.971883,2026-07-08 11:51:46.065237,0 days 00:00:00.093354,SAMME,1.0,100,42,COMPLETE
101,0.8057142857142857,2026-07-08 11:51:46.065237,2026-07-08 11:51:46.188825,0 days 00:00:00.123588,SAMME,1.0,100,42,COMPLETE
102,0.8057142857142857,2026-07-08 11:51:46.189877,2026-07-08 11:51:46.283687,0 days 00:00:00.093810,SAMME,1.0,100,42,COMPLETE
103,0.8057142857142857,2026-07-08 11:51:46.283687,2026-07-08 11:51:46.409696,0 days 00:00:00.126009,SAMME,1.0,100,42,COMPLETE
104,0.8057142857142857,2026-07-08 11:51:46.409696,2026-07-08 11:51:46.518770,0 days 00:00:00.109074,SAMME,1.0,100,42,COMPLETE
105,0.8057142857142857,2026-07-08 11:51:46.518770,2026-07-08 11:51:46.627300,0 days 00:00:00.108530,SAMME,1.0,100,42,COMPLETE
106,0.8057142857142857,2026-07-08 11:51:46.627300,2026-07-08 11:51:46.737032,0 days 00:00:00.109732,SAMME,1.0,100,42,COMPLETE
107,0.7828571428571428,2026-07-08 11:51:46.737032,2026-07-08 11:51:46.804289,0 days 00:00:00.067257,SAMME,1.0,50,42,COMPLETE
108,0.8057142857142857,2026-07-08 11:51:46.805280,2026-07-08 11:51:46.896101,0 days 00:00:00.090821,SAMME,1.0,100,42,COMPLETE
109,0.8057142857142857,2026-07-08 11:51:46.896101,2026-07-08 11:51:47.003365,0 days 00:00:00.107264,SAMME,1.0,100,42,COMPLETE
110,0.7942857142857143,2026-07-08 11:51:47.003365,2026-07-08 11:51:47.124112,0 days 00:00:00.120747,SAMME,0.8,100,42,COMPLETE
111,0.8057142857142857,2026-07-08 11:51:47.124112,2026-07-08 11:51:47.237862,0 days 00:00:00.113750,SAMME,1.0,100,42,COMPLETE
112,0.8057142857142857,2026-07-08 11:51:47.238861,2026-07-08 11:51:47.347345,0 days 00:00:00.108484,SAMME,1.0,100,42,COMPLETE
113,0.8057142857142857,2026-07-08 11:51:47.347345,2026-07-08 11:51:47.447892,0 days 00:00:00.100547,SAMME,1.0,100,42,COMPLETE
114,0.8057142857142857,2026-07-08 11:51:47.447892,2026-07-08 11:51:47.566439,0 days 00:00:00.118547,SAMME,1.0,100,42,COMPLETE
115,0.8057142857142857,2026-07-08 11:51:47.566439,2026-07-08 11:51:47.661990,0 days 00:00:00.095551,SAMME,1.0,100,42,COMPLETE
116,0.8057142857142857,2026-07-08 11:51:47.661990,2026-07-08 11:51:47.780756,0 days 00:00:00.118766,SAMME,1.0,100,42,COMPLETE
117,0.8057142857142857,2026-07-08 11:51:47.780756,2026-07-08 11:51:47.892349,0 days 00:00:00.111593,SAMME,1.0,100,42,COMPLETE
118,0.8057142857142857,2026-07-08 11:51:47.892349,2026-07-08 11:51:48.008605,0 days 00:00:00.116256,SAMME,1.0,100,42,COMPLETE
119,0.8057142857142857,2026-07-08 11:51:48.009595,2026-07-08 11:51:48.114073,0 days 00:00:00.104478,SAMME,1.0,100,42,COMPLETE
120,0.7828571428571428,2026-07-08 11:51:48.114073,2026-07-08 11:51:48.161105,0 days 00:00:00.047032,SAMME,1.0,50,42,COMPLETE
121,0.8057142857142857,2026-07-08 11:51:48.175059,2026-07-08 11:51:48.268406,0 days 00:00:00.093347,SAMME,1.0,100,42,COMPLETE
122,0.8057142857142857,2026-07-08 11:51:48.268406,2026-07-08 11:51:48.389060,0 days 00:00:00.120654,SAMME,1.0,100,42,COMPLETE
123,0.8057142857142857,2026-07-08 11:51:48.389060,2026-07-08 11:51:48.495508,0 days 00:00:00.106448,SAMME,1.0,100,42,COMPLETE
124,0.8057142857142857,2026-07-08 11:51:48.495508,2026-07-08 11:51:48.596942,0 days 00:00:00.101434,SAMME,1.0,100,42,COMPLETE
125,0.8057142857142857,2026-07-08 11:51:48.596942,2026-07-08 11:51:48.716944,0 days 00:00:00.120002,SAMME,1.0,100,42,COMPLETE
126,0.8057142857142857,2026-07-08 11:51:48.717936,2026-07-08 11:51:48.817962,0 days 00:00:00.100026,SAMME,1.0,100,42,COMPLETE
127,0.8057142857142857,2026-07-08 11:51:48.817962,2026-07-08 11:51:48.925052,0 days 00:00:00.107090,SAMME,1.0,100,42,COMPLETE
128,0.7942857142857143,2026-07-08 11:51:48.925052,2026-07-08 11:51:49.034205,0 days 00:00:00.109153,SAMME,0.8,100,42,COMPLETE
129,0.8057142857142857,2026-07-08 11:51:49.034205,2026-07-08 11:51:49.128058,0 days 00:00:00.093853,SAMME,1.0,100,42,COMPLETE
130,0.8057142857142857,2026-07-08 11:51:49.128058,2026-07-08 11:51:49.252463,0 days 00:00:00.124405,SAMME,1.0,100,42,COMPLETE
131,0.8057142857142857,2026-07-08 11:51:49.252463,2026-07-08 11:51:49.362742,0 days 00:00:00.110279,SAMME,1.0,100,42,COMPLETE
132,0.8057142857142857,2026-07-08 11:51:49.362742,2026-07-08 11:51:49.471394,0 days 00:00:00.108652,SAMME,1.0,100,42,COMPLETE
133,0.8057142857142857,2026-07-08 11:51:49.471394,2026-07-08 11:51:49.582679,0 days 00:00:00.111285,SAMME,1.0,100,42,COMPLETE
134,0.8057142857142857,2026-07-08 11:51:49.582679,2026-07-08 11:51:49.677006,0 days 00:00:00.094327,SAMME,1.0,100,42,COMPLETE
135,0.8057142857142857,2026-07-08 11:51:49.677006,2026-07-08 11:51:49.784380,0 days 00:00:00.107374,SAMME,1.0,100,42,COMPLETE
136,0.8057142857142857,2026-07-08 11:51:49.784380,2026-07-08 11:51:49.901869,0 days 00:00:00.117489,SAMME,1.0,100,42,COMPLETE
137,0.8057142857142857,2026-07-08 11:51:49.902884,2026-07-08 11:51:49.994880,0 days 00:00:00.091996,SAMME,1.0,100,42,COMPLETE
138,0.8057142857142857,2026-07-08 11:51:49.994880,2026-07-08 11:51:50.113282,0 days 00:00:00.118402,SAMME,1.0,100,42,COMPLETE
139,0.7828571428571428,2026-07-08 11:51:50.113282,2026-07-08 11:51:50.161421,0 days 00:00:00.048139,SAMME,1.0,50,42,COMPLETE
140,0.8057142857142857,2026-07-08 11:51:50.161421,2026-07-08 11:51:50.270316,0 days 00:00:00.108895,SAMME,1.0,100,42,COMPLETE
141,0.8057142857142857,2026-07-08 11:51:50.270316,2026-07-08 11:51:50.378563,0 days 00:00:00.108247,SAMME,1.0,100,42,COMPLETE
142,0.8057142857142857,2026-07-08 11:51:50.378563,2026-07-08 11:51:50.488818,0 days 00:00:00.110255,SAMME,1.0,100,42,COMPLETE
143,0.8057142857142857,2026-07-08 11:51:50.488818,2026-07-08 11:51:50.601662,0 days 00:00:00.112844,SAMME,1.0,100,42,COMPLETE
144,0.8057142857142857,2026-07-08 11:51:50.601662,2026-07-08 11:51:50.691467,0 days 00:00:00.089805,SAMME,1.0,100,42,COMPLETE
145,0.8057142857142857,2026-07-08 11:51:50.707585,2026-07-08 11:51:50.799998,0 days 00:00:00.092413,SAMME,1.0,100,42,COMPLETE
146,0.8057142857142857,2026-07-08 11:51:50.799998,2026-07-08 11:51:50.913288,0 days 00:00:00.113290,SAMME,1.0,100,42,COMPLETE
147,0.7942857142857143,2026-07-08 11:51:50.913288,2026-07-08 11:51:51.018968,0 days 00:00:00.105680,SAMME,0.8,100,42,COMPLETE
148,0.8057142857142857,2026-07-08 11:51:51.018968,2026-07-08 11:51:51.115418,0 days 00:00:00.096450,SAMME,1.0,100,42,COMPLETE
149,0.8057142857142857,2026-07-08 11:51:51.115418,2026-07-08 11:51:51.252885,0 days 00:00:00.137467,SAMME,1.0,100,42,COMPLETE
150,0.8057142857142857,2026-07-08 11:51:51.252885,2026-07-08 11:51:51.348508,0 days 00:00:00.095623,SAMME,1.0,100,42,COMPLETE
151,0.8057142857142857,2026-07-08 11:51:51.348508,2026-07-08 11:51:51.465324,0 days 00:00:00.116816,SAMME,1.0,100,42,COMPLETE
152,0.8057142857142857,2026-07-08 11:51:51.465324,2026-07-08 11:51:51.576541,0 days 00:00:00.111217,SAMME,1.0,100,42,COMPLETE
153,0.8057142857142857,2026-07-08 11:51:51.576541,2026-07-08 11:51:51.675707,0 days 00:00:00.099166,SAMME,1.0,100,42,COMPLETE
154,0.8057142857142857,2026-07-08 11:51:51.675707,2026-07-08 11:51:51.781825,0 days 00:00:00.106118,SAMME,1.0,100,42,COMPLETE
155,0.8057142857142857,2026-07-08 11:51:51.781825,2026-07-08 11:51:51.878595,0 days 00:00:00.096770,SAMME,1.0,100,42,COMPLETE
156,0.8057142857142857,2026-07-08 11:51:51.878595,2026-07-08 11:51:51.987818,0 days 00:00:00.109223,SAMME,1.0,100,42,COMPLETE
157,0.8057142857142857,2026-07-08 11:51:51.987818,2026-07-08 11:51:52.092991,0 days 00:00:00.105173,SAMME,1.0,100,42,COMPLETE
158,0.8057142857142857,2026-07-08 11:51:52.092991,2026-07-08 11:51:52.191514,0 days 00:00:00.098523,SAMME,1.0,100,42,COMPLETE
159,0.7828571428571428,2026-07-08 11:51:52.191514,2026-07-08 11:51:52.239123,0 days 00:00:00.047609,SAMME,1.0,50,42,COMPLETE
160,0.8057142857142857,2026-07-08 11:51:52.239123,2026-07-08 11:51:52.354883,0 days 00:00:00.115760,SAMME,1.0,100,42,COMPLETE
161,0.8057142857142857,2026-07-08 11:51:52.355891,2026-07-08 11:51:52.447418,0 days 00:00:00.091527,SAMME,1.0,100,42,COMPLETE
162,0.8057142857142857,2026-07-08 11:51:52.447418,2026-07-08 11:51:52.558965,0 days 00:00:00.111547,SAMME,1.0,100,42,COMPLETE
163,0.8057142857142857,2026-07-08 11:51:52.558965,2026-07-08 11:51:52.659652,0 days 00:00:00.100687,SAMME,1.0,100,42,COMPLETE
164,0.8057142857142857,2026-07-08 11:51:52.659652,2026-07-08 11:51:52.779831,0 days 00:00:00.120179,SAMME,1.0,100,42,COMPLETE
165,0.8057142857142857,2026-07-08 11:51:52.779831,2026-07-08 11:51:52.864209,0 days 00:00:00.084378,SAMME,1.0,100,42,COMPLETE
166,0.8057142857142857,2026-07-08 11:51:52.880237,2026-07-08 11:51:52.979954,0 days 00:00:00.099717,SAMME,1.0,100,42,COMPLETE
167,0.8057142857142857,2026-07-08 11:51:52.979954,2026-07-08 11:51:53.079847,0 days 00:00:00.099893,SAMME,1.0,100,42,COMPLETE
168,0.7942857142857143,2026-07-08 11:51:53.079847,2026-07-08 11:51:53.192483,0 days 00:00:00.112636,SAMME,0.8,100,42,COMPLETE
169,0.8057142857142857,2026-07-08 11:51:53.192483,2026-07-08 11:51:53.296994,0 days 00:00:00.104511,SAMME,1.0,100,42,COMPLETE
170,0.8057142857142857,2026-07-08 11:51:53.296994,2026-07-08 11:51:53.412450,0 days 00:00:00.115456,SAMME,1.0,100,42,COMPLETE
171,0.8057142857142857,2026-07-08 11:51:53.412450,2026-07-08 11:51:53.520724,0 days 00:00:00.108274,SAMME,1.0,100,42,COMPLETE
172,0.8057142857142857,2026-07-08 11:51:53.520724,2026-07-08 11:51:53.613325,0 days 00:00:00.092601,SAMME,1.0,100,42,COMPLETE
173,0.8057142857142857,2026-07-08 11:51:53.613325,2026-07-08 11:51:53.722849,0 days 00:00:00.109524,SAMME,1.0,100,42,COMPLETE
174,0.8057142857142857,2026-07-08 11:51:53.722849,2026-07-08 11:51:53.835100,0 days 00:00:00.112251,SAMME,1.0,100,42,COMPLETE
175,0.8057142857142857,2026-07-08 11:51:53.836092,2026-07-08 11:51:53.926206,0 days 00:00:00.090114,SAMME,1.0,100,42,COMPLETE
176,0.8057142857142857,2026-07-08 11:51:53.926206,2026-07-08 11:51:54.028610,0 days 00:00:00.102404,SAMME,1.0,100,42,COMPLETE
177,0.8057142857142857,2026-07-08 11:51:54.028610,2026-07-08 11:51:54.128675,0 days 00:00:00.100065,SAMME,1.0,100,42,COMPLETE
178,0.8057142857142857,2026-07-08 11:51:54.128675,2026-07-08 11:51:54.237834,0 days 00:00:00.109159,SAMME,1.0,100,42,COMPLETE
179,0.8057142857142857,2026-07-08 11:51:54.237834,2026-07-08 11:51:54.347873,0 days 00:00:00.110039,SAMME,1.0,100,42,COMPLETE
180,0.8057142857142857,2026-07-08 11:51:54.347873,2026-07-08 11:51:54.456960,0 days 00:00:00.109087,SAMME,1.0,100,42,COMPLETE
181,0.8057142857142857,2026-07-08 11:51:54.456960,2026-07-08 11:51:54.550128,0 days 00:00:00.093168,SAMME,1.0,100,42,COMPLETE
182,0.8057142857142857,2026-07-08 11:51:54.550128,2026-07-08 11:51:54.660641,0 days 00:00:00.110513,SAMME,1.0,100,42,COMPLETE
183,0.8057142857142857,2026-07-08 11:51:54.660641,2026-07-08 11:51:54.781010,0 days 00:00:00.120369,SAMME,1.0,100,42,COMPLETE
184,0.8057142857142857,2026-07-08 11:51:54.782027,2026-07-08 11:51:54.894258,0 days 00:00:00.112231,SAMME,1.0,100,42,COMPLETE
185,0.7828571428571428,2026-07-08 11:51:54.895261,2026-07-08 11:51:54.947583,0 days 00:00:00.052322,SAMME,1.0,50,42,COMPLETE
186,0.8057142857142857,2026-07-08 11:51:54.948582,2026-07-08 11:51:55.060600,0 days 00:00:00.112018,SAMME,1.0,100,42,COMPLETE
187,0.8057142857142857,2026-07-08 11:51:55.060600,2026-07-08 11:51:55.166342,0 days 00:00:00.105742,SAMME,1.0,100,42,COMPLETE
188,0.8057142857142857,2026-07-08 11:51:55.166342,2026-07-08 11:51:55.272389,0 days 00:00:00.106047,SAMME,1.0,100,42,COMPLETE
189,0.8057142857142857,2026-07-08 11:51:55.274393,2026-07-08 11:51:55.382960,0 days 00:00:00.108567,SAMME,1.0,100,42,COMPLETE
190,0.7942857142857143,2026-07-08 11:51:55.384963,2026-07-08 11:51:55.488796,0 days 00:00:00.103833,SAMME,0.8,100,42,COMPLETE
191,0.8057142857142857,2026-07-08 11:51:55.492562,2026-07-08 11:51:55.602508,0 days 00:00:00.109946,SAMME,1.0,100,42,COMPLETE
192,0.8057142857142857,2026-07-08 11:51:55.602508,2026-07-08 11:51:55.699454,0 days 00:00:00.096946,SAMME,1.0,100,42,COMPLETE
193,0.8057142857142857,2026-07-08 11:51:55.699454,2026-07-08 11:51:55.799780,0 days 00:00:00.100326,SAMME,1.0,100,42,COMPLETE
194,0.8057142857142857,2026-07-08 11:51:55.799780,2026-07-08 11:51:55.911118,0 days 00:00:00.111338,SAMME,1.0,100,42,COMPLETE
195,0.8057142857142857,2026-07-08 11:51:55.911118,2026-07-08 11:51:56.017847,0 days 00:00:00.106729,SAMME,1.0,100,42,COMPLETE
196,0.8057142857142857,2026-07-08 11:51:56.017847,2026-07-08 11:51:56.127224,0 days 00:00:00.109377,SAMME,1.0,100,42,COMPLETE
197,0.8057142857142857,2026-07-08 11:51:56.127224,2026-07-08 11:51:56.231496,0 days 00:00:00.104272,SAMME,1.0,100,42,COMPLETE
198,0.8057142857142857,2026-07-08 11:51:56.231496,2026-07-08 11:51:56.330605,0 days 00:00:00.099109,SAMME,1.0,100,42,COMPLETE
199,0.8057142857142857,2026-07-08 11:51:56.330605,2026-07-08 11:51:56.439246,0 days 00:00:00.108641,SAMME,1.0,100,42,COMPLETE
200,0.8057142857142857,2026-07-08 11:51:56.439246,2026-07-08 11:51:56.544545,0 days 00:00:00.105299,SAMME,1.0,100,42,COMPLETE
201,0.8057142857142857,2026-07-08 11:51:56.544545,2026-07-08 11:51:56.658923,0 days 00:00:00.114378,SAMME,1.0,100,42,COMPLETE
202,0.8057142857142857,2026-07-08 11:51:56.658923,2026-07-08 11:51:56.772434,0 days 00:00:00.113511,SAMME,1.0,100,42,COMPLETE
203,0.8057142857142857,2026-07-08 11:51:56.773430,2026-07-08 11:51:56.879504,0 days 00:00:00.106074,SAMME,1.0,100,42,COMPLETE
204,0.8057142857142857,2026-07-08 11:51:56.879504,2026-07-08 11:51:56.983839,0 days 00:00:00.104335,SAMME,1.0,100,42,COMPLETE
205,0.8057142857142857,2026-07-08 11:51:56.984906,2026-07-08 11:51:57.092063,0 days 00:00:00.107157,SAMME,1.0,100,42,COMPLETE
206,0.8057142857142857,2026-07-08 11:51:57.092063,2026-07-08 11:51:57.195553,0 days 00:00:00.103490,SAMME,1.0,100,42,COMPLETE
207,0.8057142857142857,2026-07-08 11:51:57.195553,2026-07-08 11:51:57.301593,0 days 00:00:00.106040,SAMME,1.0,100,42,COMPLETE
208,0.7828571428571428,2026-07-08 11:51:57.301593,2026-07-08 11:51:57.347329,0 days 00:00:00.045736,SAMME,1.0,50,42,COMPLETE
209,0.8057142857142857,2026-07-08 11:51:57.347329,2026-07-08 11:51:57.455670,0 days 00:00:00.108341,SAMME,1.0,100,42,COMPLETE
210,0.8057142857142857,2026-07-08 11:51:57.455670,2026-07-08 11:51:57.562335,0 days 00:00:00.106665,SAMME,1.0,100,42,COMPLETE
211,0.8057142857142857,2026-07-08 11:51:57.562335,2026-07-08 11:51:57.679841,0 days 00:00:00.117506,SAMME,1.0,100,42,COMPLETE
212,0.8057142857142857,2026-07-08 11:51:57.679841,2026-07-08 11:51:57.784109,0 days 00:00:00.104268,SAMME,1.0,100,42,COMPLETE
213,0.8057142857142857,2026-07-08 11:51:57.785170,2026-07-08 11:51:57.877793,0 days 00:00:00.092623,SAMME,1.0,100,42,COMPLETE
214,0.8057142857142857,2026-07-08 11:51:57.877793,2026-07-08 11:51:57.988312,0 days 00:00:00.110519,SAMME,1.0,100,42,COMPLETE
215,0.8057142857142857,2026-07-08 11:51:57.988312,2026-07-08 11:51:58.096552,0 days 00:00:00.108240,SAMME,1.0,100,42,COMPLETE
216,0.8057142857142857,2026-07-08 11:51:58.096552,2026-07-08 11:51:58.210443,0 days 00:00:00.113891,SAMME,1.0,100,42,COMPLETE
217,0.8057142857142857,2026-07-08 11:51:58.210443,2026-07-08 11:51:58.322960,0 days 00:00:00.112517,SAMME,1.0,100,42,COMPLETE
218,0.8057142857142857,2026-07-08 11:51:58.322960,2026-07-08 11:51:58.425531,0 days 00:00:00.102571,SAMME,1.0,100,42,COMPLETE
219,0.7942857142857143,2026-07-08 11:51:58.425531,2026-07-08 11:51:58.534016,0 days 00:00:00.108485,SAMME,0.8,100,42,COMPLETE
220,0.8057142857142857,2026-07-08 11:51:58.534016,2026-07-08 11:51:58.648369,0 days 00:00:00.114353,SAMME,1.0,100,42,COMPLETE
221,0.8057142857142857,2026-07-08 11:51:58.648369,2026-07-08 11:51:58.753331,0 days 00:00:00.104962,SAMME,1.0,100,42,COMPLETE
222,0.8057142857142857,2026-07-08 11:51:58.753331,2026-07-08 11:51:58.861905,0 days 00:00:00.108574,SAMME,1.0,100,42,COMPLETE
223,0.8057142857142857,2026-07-08 11:51:58.861905,2026-07-08 11:51:58.956251,0 days 00:00:00.094346,SAMME,1.0,100,42,COMPLETE
224,0.8057142857142857,2026-07-08 11:51:58.956251,2026-07-08 11:51:59.065752,0 days 00:00:00.109501,SAMME,1.0,100,42,COMPLETE
225,0.8057142857142857,2026-07-08 11:51:59.065752,2026-07-08 11:51:59.174736,0 days 00:00:00.108984,SAMME,1.0,100,42,COMPLETE
226,0.8057142857142857,2026-07-08 11:51:59.174736,2026-07-08 11:51:59.294765,0 days 00:00:00.120029,SAMME,1.0,100,42,COMPLETE
227,0.8057142857142857,2026-07-08 11:51:59.294765,2026-07-08 11:51:59.392946,0 days 00:00:00.098181,SAMME,1.0,100,42,COMPLETE
228,0.8057142857142857,2026-07-08 11:51:59.392946,2026-07-08 11:51:59.502803,0 days 00:00:00.109857,SAMME,1.0,100,42,COMPLETE
229,0.8057142857142857,2026-07-08 11:51:59.502803,2026-07-08 11:51:59.611333,0 days 00:00:00.108530,SAMME,1.0,100,42,COMPLETE
230,0.8057142857142857,2026-07-08 11:51:59.611333,2026-07-08 11:51:59.721332,0 days 00:00:00.109999,SAMME,1.0,100,42,COMPLETE
231,0.8057142857142857,2026-07-08 11:51:59.721332,2026-07-08 11:51:59.836433,0 days 00:00:00.115101,SAMME,1.0,100,42,COMPLETE
232,0.8057142857142857,2026-07-08 11:51:59.837409,2026-07-08 11:51:59.955798,0 days 00:00:00.118389,SAMME,1.0,100,42,COMPLETE
233,0.8057142857142857,2026-07-08 11:51:59.955798,2026-07-08 11:52:00.065082,0 days 00:00:00.109284,SAMME,1.0,100,42,COMPLETE
234,0.8057142857142857,2026-07-08 11:52:00.065082,2026-07-08 11:52:00.183339,0 days 00:00:00.118257,SAMME,1.0,100,42,COMPLETE
235,0.8057142857142857,2026-07-08 11:52:00.183339,2026-07-08 11:52:00.278548,0 days 00:00:00.095209,SAMME,1.0,100,42,COMPLETE
236,0.8057142857142857,2026-07-08 11:52:00.278548,2026-07-08 11:52:00.394521,0 days 00:00:00.115973,SAMME,1.0,100,42,COMPLETE
237,0.8057142857142857,2026-07-08 11:52:00.394521,2026-07-08 11:52:00.499326,0 days 00:00:00.104805,SAMME,1.0,100,42,COMPLETE
238,0.7828571428571428,2026-07-08 11:52:00.499326,2026-07-08 11:52:00.546793,0 days 00:00:00.047467,SAMME,1.0,50,42,COMPLETE
239,0.8057142857142857,2026-07-08 11:52:00.546793,2026-07-08 11:52:00.642762,0 days 00:00:00.095969,SAMME,1.0,100,42,COMPLETE
240,0.8057142857142857,2026-07-08 11:52:00.642762,2026-07-08 11:52:00.753522,0 days 00:00:00.110760,SAMME,1.0,100,42,COMPLETE
241,0.8057142857142857,2026-07-08 11:52:00.753522,2026-07-08 11:52:00.875467,0 days 00:00:00.121945,SAMME,1.0,100,42,COMPLETE
242,0.8057142857142857,2026-07-08 11:52:00.876462,2026-07-08 11:52:00.972611,0 days 00:00:00.096149,SAMME,1.0,100,42,COMPLETE
243,0.8057142857142857,2026-07-08 11:52:00.972611,2026-07-08 11:52:01.082349,0 days 00:00:00.109738,SAMME,1.0,100,42,COMPLETE
244,0.8057142857142857,2026-07-08 11:52:01.082349,2026-07-08 11:52:01.203626,0 days 00:00:00.121277,SAMME,1.0,100,42,COMPLETE
245,0.8057142857142857,2026-07-08 11:52:01.203626,2026-07-08 11:52:01.316519,0 days 00:00:00.112893,SAMME,1.0,100,42,COMPLETE
246,0.8057142857142857,2026-07-08 11:52:01.316519,2026-07-08 11:52:01.431073,0 days 00:00:00.114554,SAMME,1.0,100,42,COMPLETE
247,0.8057142857142857,2026-07-08 11:52:01.431073,2026-07-08 11:52:01.535707,0 days 00:00:00.104634,SAMME,1.0,100,42,COMPLETE
248,0.8057142857142857,2026-07-08 11:52:01.535707,2026-07-08 11:52:01.644692,0 days 00:00:00.108985,SAMME,1.0,100,42,COMPLETE
249,0.7942857142857143,2026-07-08 11:52:01.644692,2026-07-08 11:52:01.767403,0 days 00:00:00.122711,SAMME,0.8,100,42,COMPLETE
250,0.8057142857142857,2026-07-08 11:52:01.767403,2026-07-08 11:52:01.883437,0 days 00:00:00.116034,SAMME,1.0,100,42,COMPLETE
251,0.8057142857142857,2026-07-08 11:52:01.883437,2026-07-08 11:52:01.973245,0 days 00:00:00.089808,SAMME,1.0,100,42,COMPLETE
252,0.8057142857142857,2026-07-08 11:52:01.973245,2026-07-08 11:52:02.082136,0 days 00:00:00.108891,SAMME,1.0,100,42,COMPLETE
253,0.8057142857142857,2026-07-08 11:52:02.082136,2026-07-08 11:52:02.199625,0 days 00:00:00.117489,SAMME,1.0,100,42,COMPLETE
254,0.8057142857142857,2026-07-08 11:52:02.200610,2026-07-08 11:52:02.301968,0 days 00:00:00.101358,SAMME,1.0,100,42,COMPLETE
255,0.8057142857142857,2026-07-08 11:52:02.301968,2026-07-08 11:52:02.410143,0 days 00:00:00.108175,SAMME,1.0,100,42,COMPLETE
256,0.8057142857142857,2026-07-08 11:52:02.410143,2026-07-08 11:52:02.505449,0 days 00:00:00.095306,SAMME,1.0,100,42,COMPLETE
257,0.8057142857142857,2026-07-08 11:52:02.505449,2026-07-08 11:52:02.614001,0 days 00:00:00.108552,SAMME,1.0,100,42,COMPLETE
258,0.8057142857142857,2026-07-08 11:52:02.614001,2026-07-08 11:52:02.729870,0 days 00:00:00.115869,SAMME,1.0,100,42,COMPLETE
259,0.8057142857142857,2026-07-08 11:52:02.729870,2026-07-08 11:52:02.831813,0 days 00:00:00.101943,SAMME,1.0,100,42,COMPLETE
260,0.8057142857142857,2026-07-08 11:52:02.831813,2026-07-08 11:52:02.947997,0 days 00:00:00.116184,SAMME,1.0,100,42,COMPLETE
261,0.7828571428571428,2026-07-08 11:52:02.947997,2026-07-08 11:52:02.998102,0 days 00:00:00.050105,SAMME,1.0,50,42,COMPLETE
262,0.8057142857142857,2026-07-08 11:52:02.998102,2026-07-08 11:52:03.093870,0 days 00:00:00.095768,SAMME,1.0,100,42,COMPLETE
263,0.8057142857142857,2026-07-08 11:52:03.109973,2026-07-08 11:52:03.205504,0 days 00:00:00.095531,SAMME,1.0,100,42,COMPLETE
264,0.8057142857142857,2026-07-08 11:52:03.205504,2026-07-08 11:52:03.315498,0 days 00:00:00.109994,SAMME,1.0,100,42,COMPLETE
265,0.8057142857142857,2026-07-08 11:52:03.315498,2026-07-08 11:52:03.424728,0 days 00:00:00.109230,SAMME,1.0,100,42,COMPLETE
266,0.8057142857142857,2026-07-08 11:52:03.424728,2026-07-08 11:52:03.533805,0 days 00:00:00.109077,SAMME,1.0,100,42,COMPLETE
267,0.7942857142857143,2026-07-08 11:52:03.533805,2026-07-08 11:52:03.643491,0 days 00:00:00.109686,SAMME,0.8,100,42,COMPLETE
268,0.8057142857142857,2026-07-08 11:52:03.643491,2026-07-08 11:52:03.769083,0 days 00:00:00.125592,SAMME,1.0,100,42,COMPLETE
269,0.8057142857142857,2026-07-08 11:52:03.769083,2026-07-08 11:52:03.913812,0 days 00:00:00.144729,SAMME,1.0,100,42,COMPLETE
270,0.8057142857142857,2026-07-08 11:52:03.913812,2026-07-08 11:52:04.050870,0 days 00:00:00.137058,SAMME,1.0,100,42,COMPLETE
271,0.8057142857142857,2026-07-08 11:52:04.050870,2026-07-08 11:52:04.168684,0 days 00:00:00.117814,SAMME,1.0,100,42,COMPLETE
272,0.8057142857142857,2026-07-08 11:52:04.168684,2026-07-08 11:52:04.300746,0 days 00:00:00.132062,SAMME,1.0,100,42,COMPLETE
273,0.8057142857142857,2026-07-08 11:52:04.300746,2026-07-08 11:52:04.471291,0 days 00:00:00.170545,SAMME,1.0,100,42,COMPLETE
274,0.8057142857142857,2026-07-08 11:52:04.471291,2026-07-08 11:52:04.655396,0 days 00:00:00.184105,SAMME,1.0,100,42,COMPLETE
275,0.8057142857142857,2026-07-08 11:52:04.655396,2026-07-08 11:52:04.822172,0 days 00:00:00.166776,SAMME,1.0,100,42,COMPLETE
276,0.8057142857142857,2026-07-08 11:52:04.823169,2026-07-08 11:52:04.978348,0 days 00:00:00.155179,SAMME,1.0,100,42,COMPLETE
277,0.8057142857142857,2026-07-08 11:52:04.978348,2026-07-08 11:52:05.119432,0 days 00:00:00.141084,SAMME,1.0,100,42,COMPLETE
278,0.8057142857142857,2026-07-08 11:52:05.129436,2026-07-08 11:52:05.257997,0 days 00:00:00.128561,SAMME,1.0,100,42,COMPLETE
279,0.8057142857142857,2026-07-08 11:52:05.269386,2026-07-08 11:52:05.399066,0 days 00:00:00.129680,SAMME,1.0,100,42,COMPLETE
280,0.8057142857142857,2026-07-08 11:52:05.399066,2026-07-08 11:52:05.531882,0 days 00:00:00.132816,SAMME,1.0,100,42,COMPLETE
281,0.7828571428571428,2026-07-08 11:52:05.534418,2026-07-08 11:52:05.619777,0 days 00:00:00.085359,SAMME,1.0,50,42,COMPLETE
282,0.8057142857142857,2026-07-08 11:52:05.619777,2026-07-08 11:52:05.759715,0 days 00:00:00.139938,SAMME,1.0,100,42,COMPLETE
283,0.8057142857142857,2026-07-08 11:52:05.759715,2026-07-08 11:52:05.875798,0 days 00:00:00.116083,SAMME,1.0,100,42,COMPLETE
284,0.8057142857142857,2026-07-08 11:52:05.875798,2026-07-08 11:52:05.988646,0 days 00:00:00.112848,SAMME,1.0,100,42,COMPLETE
285,0.8057142857142857,2026-07-08 11:52:05.988646,2026-07-08 11:52:06.097943,0 days 00:00:00.109297,SAMME,1.0,100,42,COMPLETE
286,0.8057142857142857,2026-07-08 11:52:06.097943,2026-07-08 11:52:06.222290,0 days 00:00:00.124347,SAMME,1.0,100,42,COMPLETE
287,0.7942857142857143,2026-07-08 11:52:06.222290,2026-07-08 11:52:06.356011,0 days 00:00:00.133721,SAMME,0.8,100,42,COMPLETE
288,0.8057142857142857,2026-07-08 11:52:06.357013,2026-07-08 11:52:06.463648,0 days 00:00:00.106635,SAMME,1.0,100,42,COMPLETE
289,0.8057142857142857,2026-07-08 11:52:06.463648,2026-07-08 11:52:06.583625,0 days 00:00:00.119977,SAMME,1.0,100,42,COMPLETE
290,0.8057142857142857,2026-07-08 11:52:06.583625,2026-07-08 11:52:06.698789,0 days 00:00:00.115164,SAMME,1.0,100,42,COMPLETE
291,0.8057142857142857,2026-07-08 11:52:06.698789,2026-07-08 11:52:06.817398,0 days 00:00:00.118609,SAMME,1.0,100,42,COMPLETE
292,0.8057142857142857,2026-07-08 11:52:06.817398,2026-07-08 11:52:06.947520,0 days 00:00:00.130122,SAMME,1.0,100,42,COMPLETE
293,0.8057142857142857,2026-07-08 11:52:06.947520,2026-07-08 11:52:07.057562,0 days 00:00:00.110042,SAMME,1.0,100,42,COMPLETE
294,0.8057142857142857,2026-07-08 11:52:07.057562,2026-07-08 11:52:07.167608,0 days 00:00:00.110046,SAMME,1.0,100,42,COMPLETE
295,0.8057142857142857,2026-07-08 11:52:07.167608,2026-07-08 11:52:07.287675,0 days 00:00:00.120067,SAMME,1.0,100,42,COMPLETE
296,0.8057142857142857,2026-07-08 11:52:07.288742,2026-07-08 11:52:07.395304,0 days 00:00:00.106562,SAMME,1.0,100,42,COMPLETE
297,0.8057142857142857,2026-07-08 11:52:07.397844,2026-07-08 11:52:07.518022,0 days 00:00:00.120178,SAMME,1.0,100,42,COMPLETE
298,0.8057142857142857,2026-07-08 11:52:07.518022,2026-07-08 11:52:07.630502,0 days 00:00:00.112480,SAMME,1.0,100,42,COMPLETE
299,0.8057142857142857,2026-07-08 11:52:07.630502,2026-07-08 11:52:07.739461,0 days 00:00:00.108959,SAMME,1.0,100,42,COMPLETE
300,0.7828571428571428,2026-07-08 11:52:07.739461,2026-07-08 11:52:07.803358,0 days 00:00:00.063897,SAMME,1.0,50,42,COMPLETE
301,0.8057142857142857,2026-07-08 11:52:07.803358,2026-07-08 11:52:07.915680,0 days 00:00:00.112322,SAMME,1.0,100,42,COMPLETE
302,0.8057142857142857,2026-07-08 11:52:07.915680,2026-07-08 11:52:08.021394,0 days 00:00:00.105714,SAMME,1.0,100,42,COMPLETE
303,0.8057142857142857,2026-07-08 11:52:08.021394,2026-07-08 11:52:08.127904,0 days 00:00:00.106510,SAMME,1.0,100,42,COMPLETE
304,0.8057142857142857,2026-07-08 11:52:08.127904,2026-07-08 11:52:08.242121,0 days 00:00:00.114217,SAMME,1.0,100,42,COMPLETE
305,0.8057142857142857,2026-07-08 11:52:08.243107,2026-07-08 11:52:08.346443,0 days 00:00:00.103336,SAMME,1.0,100,42,COMPLETE
306,0.7942857142857143,2026-07-08 11:52:08.346443,2026-07-08 11:52:08.488632,0 days 00:00:00.142189,SAMME,0.8,100,42,COMPLETE
307,0.8057142857142857,2026-07-08 11:52:08.488632,2026-07-08 11:52:08.597038,0 days 00:00:00.108406,SAMME,1.0,100,42,COMPLETE
308,0.8057142857142857,2026-07-08 11:52:08.597038,2026-07-08 11:52:08.709486,0 days 00:00:00.112448,SAMME,1.0,100,42,COMPLETE
309,0.8057142857142857,2026-07-08 11:52:08.709486,2026-07-08 11:52:08.815844,0 days 00:00:00.106358,SAMME,1.0,100,42,COMPLETE
310,0.8057142857142857,2026-07-08 11:52:08.815844,2026-07-08 11:52:08.928942,0 days 00:00:00.113098,SAMME,1.0,100,42,COMPLETE
311,0.8057142857142857,2026-07-08 11:52:08.928942,2026-07-08 11:52:09.034960,0 days 00:00:00.106018,SAMME,1.0,100,42,COMPLETE
312,0.8057142857142857,2026-07-08 11:52:09.051029,2026-07-08 11:52:09.144844,0 days 00:00:00.093815,SAMME,1.0,100,42,COMPLETE
313,0.8057142857142857,2026-07-08 11:52:09.144844,2026-07-08 11:52:09.254286,0 days 00:00:00.109442,SAMME,1.0,100,42,COMPLETE
314,0.8057142857142857,2026-07-08 11:52:09.254286,2026-07-08 11:52:09.387340,0 days 00:00:00.133054,SAMME,1.0,100,42,COMPLETE
315,0.8057142857142857,2026-07-08 11:52:09.387340,2026-07-08 11:52:09.498813,0 days 00:00:00.111473,SAMME,1.0,100,42,COMPLETE
316,0.8057142857142857,2026-07-08 11:52:09.498813,2026-07-08 11:52:09.594147,0 days 00:00:00.095334,SAMME,1.0,100,42,COMPLETE
317,0.8057142857142857,2026-07-08 11:52:09.594147,2026-07-08 11:52:09.718133,0 days 00:00:00.123986,SAMME,1.0,100,42,COMPLETE
318,0.7828571428571428,2026-07-08 11:52:09.718133,2026-07-08 11:52:09.772025,0 days 00:00:00.053892,SAMME,1.0,50,42,COMPLETE
319,0.8057142857142857,2026-07-08 11:52:09.775564,2026-07-08 11:52:09.885621,0 days 00:00:00.110057,SAMME,1.0,100,42,COMPLETE
320,0.8057142857142857,2026-07-08 11:52:09.885621,2026-07-08 11:52:09.993329,0 days 00:00:00.107708,SAMME,1.0,100,42,COMPLETE
321,0.8057142857142857,2026-07-08 11:52:09.993329,2026-07-08 11:52:10.096267,0 days 00:00:00.102938,SAMME,1.0,100,42,COMPLETE
322,0.8057142857142857,2026-07-08 11:52:10.096267,2026-07-08 11:52:10.203088,0 days 00:00:00.106821,SAMME,1.0,100,42,COMPLETE
323,0.8057142857142857,2026-07-08 11:52:10.203088,2026-07-08 11:52:10.314966,0 days 00:00:00.111878,SAMME,1.0,100,42,COMPLETE
324,0.8057142857142857,2026-07-08 11:52:10.314966,2026-07-08 11:52:10.425478,0 days 00:00:00.110512,SAMME,1.0,100,42,COMPLETE
325,0.7942857142857143,2026-07-08 11:52:10.425478,2026-07-08 11:52:10.533497,0 days 00:00:00.108019,SAMME,0.8,100,42,COMPLETE
326,0.8057142857142857,2026-07-08 11:52:10.533497,2026-07-08 11:52:10.643628,0 days 00:00:00.110131,SAMME,1.0,100,42,COMPLETE
327,0.8057142857142857,2026-07-08 11:52:10.643628,2026-07-08 11:52:10.752571,0 days 00:00:00.108943,SAMME,1.0,100,42,COMPLETE
328,0.8057142857142857,2026-07-08 11:52:10.752571,2026-07-08 11:52:10.861545,0 days 00:00:00.108974,SAMME,1.0,100,42,COMPLETE
329,0.8057142857142857,2026-07-08 11:52:10.861545,2026-07-08 11:52:10.967480,0 days 00:00:00.105935,SAMME,1.0,100,42,COMPLETE
330,0.8057142857142857,2026-07-08 11:52:10.968481,2026-07-08 11:52:11.074424,0 days 00:00:00.105943,SAMME,1.0,100,42,COMPLETE
331,0.8057142857142857,2026-07-08 11:52:11.075405,2026-07-08 11:52:11.163467,0 days 00:00:00.088062,SAMME,1.0,100,42,COMPLETE
332,0.8057142857142857,2026-07-08 11:52:11.163467,2026-07-08 11:52:11.270664,0 days 00:00:00.107197,SAMME,1.0,100,42,COMPLETE
333,0.8057142857142857,2026-07-08 11:52:11.270664,2026-07-08 11:52:11.389648,0 days 00:00:00.118984,SAMME,1.0,100,42,COMPLETE
334,0.8057142857142857,2026-07-08 11:52:11.389648,2026-07-08 11:52:11.500205,0 days 00:00:00.110557,SAMME,1.0,100,42,COMPLETE
335,0.8057142857142857,2026-07-08 11:52:11.501207,2026-07-08 11:52:11.609844,0 days 00:00:00.108637,SAMME,1.0,100,42,COMPLETE
336,0.8057142857142857,2026-07-08 11:52:11.609844,2026-07-08 11:52:11.712783,0 days 00:00:00.102939,SAMME,1.0,100,42,COMPLETE
337,0.8057142857142857,2026-07-08 11:52:11.712783,2026-07-08 11:52:11.829465,0 days 00:00:00.116682,SAMME,1.0,100,42,COMPLETE
338,0.7828571428571428,2026-07-08 11:52:11.830411,2026-07-08 11:52:11.878474,0 days 00:00:00.048063,SAMME,1.0,50,42,COMPLETE
339,0.8057142857142857,2026-07-08 11:52:11.878474,2026-07-08 11:52:11.997553,0 days 00:00:00.119079,SAMME,1.0,100,42,COMPLETE
340,0.8057142857142857,2026-07-08 11:52:11.998646,2026-07-08 11:52:12.105733,0 days 00:00:00.107087,SAMME,1.0,100,42,COMPLETE
341,0.8057142857142857,2026-07-08 11:52:12.105733,2026-07-08 11:52:12.205839,0 days 00:00:00.100106,SAMME,1.0,100,42,COMPLETE
342,0.8057142857142857,2026-07-08 11:52:12.205839,2026-07-08 11:52:12.325405,0 days 00:00:00.119566,SAMME,1.0,100,42,COMPLETE
343,0.8057142857142857,2026-07-08 11:52:12.326418,2026-07-08 11:52:12.425554,0 days 00:00:00.099136,SAMME,1.0,100,42,COMPLETE
344,0.7942857142857143,2026-07-08 11:52:12.425554,2026-07-08 11:52:12.535406,0 days 00:00:00.109852,SAMME,0.8,100,42,COMPLETE
345,0.8057142857142857,2026-07-08 11:52:12.535406,2026-07-08 11:52:12.649089,0 days 00:00:00.113683,SAMME,1.0,100,42,COMPLETE
346,0.8057142857142857,2026-07-08 11:52:12.649429,2026-07-08 11:52:12.768334,0 days 00:00:00.118905,SAMME,1.0,100,42,COMPLETE
347,0.8057142857142857,2026-07-08 11:52:12.768334,2026-07-08 11:52:12.882854,0 days 00:00:00.114520,SAMME,1.0,100,42,COMPLETE
348,0.8057142857142857,2026-07-08 11:52:12.882854,2026-07-08 11:52:13.003047,0 days 00:00:00.120193,SAMME,1.0,100,42,COMPLETE
349,0.8057142857142857,2026-07-08 11:52:13.003047,2026-07-08 11:52:13.124600,0 days 00:00:00.121553,SAMME,1.0,100,42,COMPLETE
350,0.8057142857142857,2026-07-08 11:52:13.125601,2026-07-08 11:52:13.237898,0 days 00:00:00.112297,SAMME,1.0,100,42,COMPLETE
351,0.8057142857142857,2026-07-08 11:52:13.238899,2026-07-08 11:52:13.333238,0 days 00:00:00.094339,SAMME,1.0,100,42,COMPLETE
352,0.8057142857142857,2026-07-08 11:52:13.333238,2026-07-08 11:52:13.442349,0 days 00:00:00.109111,SAMME,1.0,100,42,COMPLETE
353,0.8057142857142857,2026-07-08 11:52:13.442349,2026-07-08 11:52:13.560022,0 days 00:00:00.117673,SAMME,1.0,100,42,COMPLETE
354,0.8057142857142857,2026-07-08 11:52:13.561048,2026-07-08 11:52:13.661269,0 days 00:00:00.100221,SAMME,1.0,100,42,COMPLETE
355,0.8057142857142857,2026-07-08 11:52:13.661269,2026-07-08 11:52:13.771267,0 days 00:00:00.109998,SAMME,1.0,100,42,COMPLETE
356,0.8057142857142857,2026-07-08 11:52:13.771267,2026-07-08 11:52:13.886556,0 days 00:00:00.115289,SAMME,1.0,100,42,COMPLETE
357,0.7828571428571428,2026-07-08 11:52:13.887571,2026-07-08 11:52:13.940540,0 days 00:00:00.052969,SAMME,1.0,50,42,COMPLETE
358,0.8057142857142857,2026-07-08 11:52:13.940540,2026-07-08 11:52:14.050786,0 days 00:00:00.110246,SAMME,1.0,100,42,COMPLETE
359,0.8057142857142857,2026-07-08 11:52:14.050786,2026-07-08 11:52:14.144185,0 days 00:00:00.093399,SAMME,1.0,100,42,COMPLETE
360,0.8057142857142857,2026-07-08 11:52:14.144185,2026-07-08 11:52:14.253341,0 days 00:00:00.109156,SAMME,1.0,100,42,COMPLETE
361,0.8057142857142857,2026-07-08 11:52:14.253341,2026-07-08 11:52:14.361909,0 days 00:00:00.108568,SAMME,1.0,100,42,COMPLETE
362,0.8057142857142857,2026-07-08 11:52:14.361909,2026-07-08 11:52:14.478611,0 days 00:00:00.116702,SAMME,1.0,100,42,COMPLETE
363,0.8057142857142857,2026-07-08 11:52:14.479601,2026-07-08 11:52:14.577931,0 days 00:00:00.098330,SAMME,1.0,100,42,COMPLETE
364,0.7942857142857143,2026-07-08 11:52:14.577931,2026-07-08 11:52:14.690404,0 days 00:00:00.112473,SAMME,0.8,100,42,COMPLETE
365,0.8057142857142857,2026-07-08 11:52:14.690404,2026-07-08 11:52:14.799223,0 days 00:00:00.108819,SAMME,1.0,100,42,COMPLETE
366,0.8057142857142857,2026-07-08 11:52:14.799223,2026-07-08 11:52:14.904805,0 days 00:00:00.105582,SAMME,1.0,100,42,COMPLETE
367,0.8057142857142857,2026-07-08 11:52:14.904805,2026-07-08 11:52:15.008597,0 days 00:00:00.103792,SAMME,1.0,100,42,COMPLETE
368,0.8057142857142857,2026-07-08 11:52:15.009609,2026-07-08 11:52:15.111591,0 days 00:00:00.101982,SAMME,1.0,100,42,COMPLETE
369,0.8057142857142857,2026-07-08 11:52:15.112630,2026-07-08 11:52:15.225476,0 days 00:00:00.112846,SAMME,1.0,100,42,COMPLETE
370,0.8057142857142857,2026-07-08 11:52:15.225476,2026-07-08 11:52:15.334325,0 days 00:00:00.108849,SAMME,1.0,100,42,COMPLETE
371,0.8057142857142857,2026-07-08 11:52:15.334325,2026-07-08 11:52:15.430448,0 days 00:00:00.096123,SAMME,1.0,100,42,COMPLETE
372,0.8057142857142857,2026-07-08 11:52:15.430448,2026-07-08 11:52:15.549714,0 days 00:00:00.119266,SAMME,1.0,100,42,COMPLETE
373,0.8057142857142857,2026-07-08 11:52:15.551345,2026-07-08 11:52:15.658787,0 days 00:00:00.107442,SAMME,1.0,100,42,COMPLETE
374,0.8057142857142857,2026-07-08 11:52:15.658787,2026-07-08 11:52:15.763092,0 days 00:00:00.104305,SAMME,1.0,100,42,COMPLETE
375,0.8057142857142857,2026-07-08 11:52:15.763092,2026-07-08 11:52:15.858462,0 days 00:00:00.095370,SAMME,1.0,100,42,COMPLETE
376,0.7828571428571428,2026-07-08 11:52:15.874504,2026-07-08 11:52:15.922774,0 days 00:00:00.048270,SAMME,1.0,50,42,COMPLETE
377,0.8057142857142857,2026-07-08 11:52:15.922774,2026-07-08 11:52:16.037315,0 days 00:00:00.114541,SAMME,1.0,100,42,COMPLETE
378,0.8057142857142857,2026-07-08 11:52:16.037315,2026-07-08 11:52:16.143892,0 days 00:00:00.106577,SAMME,1.0,100,42,COMPLETE
379,0.8057142857142857,2026-07-08 11:52:16.143892,2026-07-08 11:52:16.253016,0 days 00:00:00.109124,SAMME,1.0,100,42,COMPLETE
380,0.8057142857142857,2026-07-08 11:52:16.253016,2026-07-08 11:52:16.362315,0 days 00:00:00.109299,SAMME,1.0,100,42,COMPLETE
381,0.8057142857142857,2026-07-08 11:52:16.363335,2026-07-08 11:52:16.455774,0 days 00:00:00.092439,SAMME,1.0,100,42,COMPLETE
382,0.8057142857142857,2026-07-08 11:52:16.455774,2026-07-08 11:52:16.564658,0 days 00:00:00.108884,SAMME,1.0,100,42,COMPLETE
383,0.7942857142857143,2026-07-08 11:52:16.564658,2026-07-08 11:52:16.681227,0 days 00:00:00.116569,SAMME,0.8,100,42,COMPLETE
384,0.8057142857142857,2026-07-08 11:52:16.681227,2026-07-08 11:52:16.794585,0 days 00:00:00.113358,SAMME,1.0,100,42,COMPLETE
385,0.8057142857142857,2026-07-08 11:52:16.794585,2026-07-08 11:52:16.893674,0 days 00:00:00.099089,SAMME,1.0,100,42,COMPLETE
386,0.8057142857142857,2026-07-08 11:52:16.893674,2026-07-08 11:52:17.002757,0 days 00:00:00.109083,SAMME,1.0,100,42,COMPLETE
387,0.8057142857142857,2026-07-08 11:52:17.002757,2026-07-08 11:52:17.112799,0 days 00:00:00.110042,SAMME,1.0,100,42,COMPLETE
388,0.8057142857142857,2026-07-08 11:52:17.112799,2026-07-08 11:52:17.222011,0 days 00:00:00.109212,SAMME,1.0,100,42,COMPLETE
389,0.8057142857142857,2026-07-08 11:52:17.222011,2026-07-08 11:52:17.334608,0 days 00:00:00.112597,SAMME,1.0,100,42,COMPLETE
390,0.8057142857142857,2026-07-08 11:52:17.334608,2026-07-08 11:52:17.426863,0 days 00:00:00.092255,SAMME,1.0,100,42,COMPLETE
391,0.8057142857142857,2026-07-08 11:52:17.426863,2026-07-08 11:52:17.528842,0 days 00:00:00.101979,SAMME,1.0,100,42,COMPLETE
392,0.8057142857142857,2026-07-08 11:52:17.528842,2026-07-08 11:52:17.645439,0 days 00:00:00.116597,SAMME,1.0,100,42,COMPLETE
393,0.8057142857142857,2026-07-08 11:52:17.645439,2026-07-08 11:52:17.737112,0 days 00:00:00.091673,SAMME,1.0,100,42,COMPLETE
394,0.8057142857142857,2026-07-08 11:52:17.752852,2026-07-08 11:52:17.846970,0 days 00:00:00.094118,SAMME,1.0,100,42,COMPLETE
395,0.7828571428571428,2026-07-08 11:52:17.846970,2026-07-08 11:52:17.898052,0 days 00:00:00.051082,SAMME,1.0,50,42,COMPLETE
396,0.8057142857142857,2026-07-08 11:52:17.898052,2026-07-08 11:52:18.010858,0 days 00:00:00.112806,SAMME,1.0,100,42,COMPLETE
397,0.8057142857142857,2026-07-08 11:52:18.011788,2026-07-08 11:52:18.113454,0 days 00:00:00.101666,SAMME,1.0,100,42,COMPLETE
398,0.8057142857142857,2026-07-08 11:52:18.113454,2026-07-08 11:52:18.214294,0 days 00:00:00.100840,SAMME,1.0,100,42,COMPLETE
399,0.8057142857142857,2026-07-08 11:52:18.214294,2026-07-08 11:52:18.321969,0 days 00:00:00.107675,SAMME,1.0,100,42,COMPLETE
400,0.8057142857142857,2026-07-08 11:52:18.321969,2026-07-08 11:52:18.412449,0 days 00:00:00.090480,SAMME,1.0,100,42,COMPLETE
401,0.8057142857142857,2026-07-08 11:52:18.412449,2026-07-08 11:52:18.528339,0 days 00:00:00.115890,SAMME,1.0,100,42,COMPLETE
402,0.7942857142857143,2026-07-08 11:52:18.528339,2026-07-08 11:52:18.627578,0 days 00:00:00.099239,SAMME,0.8,100,42,COMPLETE
403,0.8057142857142857,2026-07-08 11:52:18.627578,2026-07-08 11:52:18.737478,0 days 00:00:00.109900,SAMME,1.0,100,42,COMPLETE
404,0.8057142857142857,2026-07-08 11:52:18.737478,2026-07-08 11:52:18.847456,0 days 00:00:00.109978,SAMME,1.0,100,42,COMPLETE
405,0.8057142857142857,2026-07-08 11:52:18.847456,2026-07-08 11:52:18.956898,0 days 00:00:00.109442,SAMME,1.0,100,42,COMPLETE
406,0.8057142857142857,2026-07-08 11:52:18.956898,2026-07-08 11:52:19.066212,0 days 00:00:00.109314,SAMME,1.0,100,42,COMPLETE
407,0.8057142857142857,2026-07-08 11:52:19.066212,2026-07-08 11:52:19.164540,0 days 00:00:00.098328,SAMME,1.0,100,42,COMPLETE
408,0.8057142857142857,2026-07-08 11:52:19.164540,2026-07-08 11:52:19.279933,0 days 00:00:00.115393,SAMME,1.0,100,42,COMPLETE
409,0.8057142857142857,2026-07-08 11:52:19.279933,2026-07-08 11:52:19.378880,0 days 00:00:00.098947,SAMME,1.0,100,42,COMPLETE
410,0.8057142857142857,2026-07-08 11:52:19.378880,2026-07-08 11:52:19.489771,0 days 00:00:00.110891,SAMME,1.0,100,42,COMPLETE
411,0.8057142857142857,2026-07-08 11:52:19.489771,2026-07-08 11:52:19.581522,0 days 00:00:00.091751,SAMME,1.0,100,42,COMPLETE
412,0.8057142857142857,2026-07-08 11:52:19.581522,2026-07-08 11:52:19.691117,0 days 00:00:00.109595,SAMME,1.0,100,42,COMPLETE
413,0.8057142857142857,2026-07-08 11:52:19.691117,2026-07-08 11:52:19.799282,0 days 00:00:00.108165,SAMME,1.0,100,42,COMPLETE
414,0.8057142857142857,2026-07-08 11:52:19.799282,2026-07-08 11:52:19.909888,0 days 00:00:00.110606,SAMME,1.0,100,42,COMPLETE
415,0.7828571428571428,2026-07-08 11:52:19.909888,2026-07-08 11:52:19.957782,0 days 00:00:00.047894,SAMME,1.0,50,42,COMPLETE
416,0.8057142857142857,2026-07-08 11:52:19.957782,2026-07-08 11:52:20.067128,0 days 00:00:00.109346,SAMME,1.0,100,42,COMPLETE
417,0.8057142857142857,2026-07-08 11:52:20.067128,2026-07-08 11:52:20.182376,0 days 00:00:00.115248,SAMME,1.0,100,42,COMPLETE
418,0.8057142857142857,2026-07-08 11:52:20.183311,2026-07-08 11:52:20.286158,0 days 00:00:00.102847,SAMME,1.0,100,42,COMPLETE
419,0.8057142857142857,2026-07-08 11:52:20.286158,2026-07-08 11:52:20.380897,0 days 00:00:00.094739,SAMME,1.0,100,42,COMPLETE
420,0.8057142857142857,2026-07-08 11:52:20.380897,2026-07-08 11:52:20.487928,0 days 00:00:00.107031,SAMME,1.0,100,42,COMPLETE
421,0.7942857142857143,2026-07-08 11:52:20.487928,2026-07-08 11:52:20.597252,0 days 00:00:00.109324,SAMME,0.8,100,42,COMPLETE
422,0.8057142857142857,2026-07-08 11:52:20.597252,2026-07-08 11:52:20.697549,0 days 00:00:00.100297,SAMME,1.0,100,42,COMPLETE
423,0.8057142857142857,2026-07-08 11:52:20.697549,2026-07-08 11:52:20.811263,0 days 00:00:00.113714,SAMME,1.0,100,42,COMPLETE
424,0.8057142857142857,2026-07-08 11:52:20.811263,2026-07-08 11:52:20.909453,0 days 00:00:00.098190,SAMME,1.0,100,42,COMPLETE
425,0.8057142857142857,2026-07-08 11:52:20.909453,2026-07-08 11:52:21.014246,0 days 00:00:00.104793,SAMME,1.0,100,42,COMPLETE
426,0.8057142857142857,2026-07-08 11:52:21.014246,2026-07-08 11:52:21.127232,0 days 00:00:00.112986,SAMME,1.0,100,42,COMPLETE
427,0.8057142857142857,2026-07-08 11:52:21.127232,2026-07-08 11:52:21.222187,0 days 00:00:00.094955,SAMME,1.0,100,42,COMPLETE
428,0.8057142857142857,2026-07-08 11:52:21.222187,2026-07-08 11:52:21.331373,0 days 00:00:00.109186,SAMME,1.0,100,42,COMPLETE
429,0.8057142857142857,2026-07-08 11:52:21.331373,2026-07-08 11:52:21.442510,0 days 00:00:00.111137,SAMME,1.0,100,42,COMPLETE
430,0.8057142857142857,2026-07-08 11:52:21.442510,2026-07-08 11:52:21.550001,0 days 00:00:00.107491,SAMME,1.0,100,42,COMPLETE
431,0.8057142857142857,2026-07-08 11:52:21.550001,2026-07-08 11:52:21.662964,0 days 00:00:00.112963,SAMME,1.0,100,42,COMPLETE
432,0.8057142857142857,2026-07-08 11:52:21.662964,2026-07-08 11:52:21.772499,0 days 00:00:00.109535,SAMME,1.0,100,42,COMPLETE
433,0.7828571428571428,2026-07-08 11:52:21.772499,2026-07-08 11:52:21.829249,0 days 00:00:00.056750,SAMME,1.0,50,42,COMPLETE
434,0.8057142857142857,2026-07-08 11:52:21.829249,2026-07-08 11:52:21.948684,0 days 00:00:00.119435,SAMME,1.0,100,42,COMPLETE
435,0.8057142857142857,2026-07-08 11:52:21.948684,2026-07-08 11:52:22.083486,0 days 00:00:00.134802,SAMME,1.0,100,42,COMPLETE
436,0.8057142857142857,2026-07-08 11:52:22.083486,2026-07-08 11:52:22.212190,0 days 00:00:00.128704,SAMME,1.0,100,42,COMPLETE
437,0.8057142857142857,2026-07-08 11:52:22.212190,2026-07-08 11:52:22.324816,0 days 00:00:00.112626,SAMME,1.0,100,42,COMPLETE
438,0.8057142857142857,2026-07-08 11:52:22.324816,2026-07-08 11:52:22.439294,0 days 00:00:00.114478,SAMME,1.0,100,42,COMPLETE
439,0.8057142857142857,2026-07-08 11:52:22.439294,2026-07-08 11:52:22.550660,0 days 00:00:00.111366,SAMME,1.0,100,42,COMPLETE
440,0.7942857142857143,2026-07-08 11:52:22.555535,2026-07-08 11:52:22.660541,0 days 00:00:00.105006,SAMME,0.8,100,42,COMPLETE
441,0.8057142857142857,2026-07-08 11:52:22.660541,2026-07-08 11:52:22.801687,0 days 00:00:00.141146,SAMME,1.0,100,42,COMPLETE
442,0.8057142857142857,2026-07-08 11:52:22.801687,2026-07-08 11:52:22.917561,0 days 00:00:00.115874,SAMME,1.0,100,42,COMPLETE
443,0.8057142857142857,2026-07-08 11:52:22.917561,2026-07-08 11:52:23.026985,0 days 00:00:00.109424,SAMME,1.0,100,42,COMPLETE
444,0.8057142857142857,2026-07-08 11:52:23.026985,2026-07-08 11:52:23.129046,0 days 00:00:00.102061,SAMME,1.0,100,42,COMPLETE
445,0.8057142857142857,2026-07-08 11:52:23.129046,2026-07-08 11:52:23.228100,0 days 00:00:00.099054,SAMME,1.0,100,42,COMPLETE
446,0.8057142857142857,2026-07-08 11:52:23.228100,2026-07-08 11:52:23.339850,0 days 00:00:00.111750,SAMME,1.0,100,42,COMPLETE
447,0.8057142857142857,2026-07-08 11:52:23.339850,2026-07-08 11:52:23.441930,0 days 00:00:00.102080,SAMME,1.0,100,42,COMPLETE
448,0.8057142857142857,2026-07-08 11:52:23.441930,2026-07-08 11:52:23.545021,0 days 00:00:00.103091,SAMME,1.0,100,42,COMPLETE
449,0.8057142857142857,2026-07-08 11:52:23.545021,2026-07-08 11:52:23.674121,0 days 00:00:00.129100,SAMME,1.0,100,42,COMPLETE
450,0.8057142857142857,2026-07-08 11:52:23.674121,2026-07-08 11:52:23.783260,0 days 00:00:00.109139,SAMME,1.0,100,42,COMPLETE
451,0.8057142857142857,2026-07-08 11:52:23.784289,2026-07-08 11:52:23.894018,0 days 00:00:00.109729,SAMME,1.0,100,42,COMPLETE
452,0.8057142857142857,2026-07-08 11:52:23.894970,2026-07-08 11:52:23.989141,0 days 00:00:00.094171,SAMME,1.0,100,42,COMPLETE
453,0.7828571428571428,2026-07-08 11:52:23.989141,2026-07-08 11:52:24.060129,0 days 00:00:00.070988,SAMME,1.0,50,42,COMPLETE
454,0.8057142857142857,2026-07-08 11:52:24.060129,2026-07-08 11:52:24.161410,0 days 00:00:00.101281,SAMME,1.0,100,42,COMPLETE
455,0.8057142857142857,2026-07-08 11:52:24.161410,2026-07-08 11:52:24.268631,0 days 00:00:00.107221,SAMME,1.0,100,42,COMPLETE
456,0.8057142857142857,2026-07-08 11:52:24.268631,2026-07-08 11:52:24.391038,0 days 00:00:00.122407,SAMME,1.0,100,42,COMPLETE
457,0.8057142857142857,2026-07-08 11:52:24.395320,2026-07-08 11:52:24.503480,0 days 00:00:00.108160,SAMME,1.0,100,42,COMPLETE
458,0.8057142857142857,2026-07-08 11:52:24.503480,2026-07-08 11:52:24.638753,0 days 00:00:00.135273,SAMME,1.0,100,42,COMPLETE
459,0.7942857142857143,2026-07-08 11:52:24.638753,2026-07-08 11:52:24.747480,0 days 00:00:00.108727,SAMME,0.8,100,42,COMPLETE
460,0.8057142857142857,2026-07-08 11:52:24.747480,2026-07-08 11:52:24.878095,0 days 00:00:00.130615,SAMME,1.0,100,42,COMPLETE
461,0.8057142857142857,2026-07-08 11:52:24.878095,2026-07-08 11:52:24.990928,0 days 00:00:00.112833,SAMME,1.0,100,42,COMPLETE
462,0.8057142857142857,2026-07-08 11:52:24.991809,2026-07-08 11:52:25.105112,0 days 00:00:00.113303,SAMME,1.0,100,42,COMPLETE
463,0.8057142857142857,2026-07-08 11:52:25.105112,2026-07-08 11:52:25.217641,0 days 00:00:00.112529,SAMME,1.0,100,42,COMPLETE
464,0.8057142857142857,2026-07-08 11:52:25.217641,2026-07-08 11:52:25.326622,0 days 00:00:00.108981,SAMME,1.0,100,42,COMPLETE
465,0.8057142857142857,2026-07-08 11:52:25.326622,2026-07-08 11:52:25.434698,0 days 00:00:00.108076,SAMME,1.0,100,42,COMPLETE
466,0.8057142857142857,2026-07-08 11:52:25.434698,2026-07-08 11:52:25.545673,0 days 00:00:00.110975,SAMME,1.0,100,42,COMPLETE
467,0.8057142857142857,2026-07-08 11:52:25.545673,2026-07-08 11:52:25.650143,0 days 00:00:00.104470,SAMME,1.0,100,42,COMPLETE
468,0.8057142857142857,2026-07-08 11:52:25.651137,2026-07-08 11:52:25.748509,0 days 00:00:00.097372,SAMME,1.0,100,42,COMPLETE
469,0.8057142857142857,2026-07-08 11:52:25.748509,2026-07-08 11:52:25.856432,0 days 00:00:00.107923,SAMME,1.0,100,42,COMPLETE
470,0.8057142857142857,2026-07-08 11:52:25.856432,2026-07-08 11:52:25.963479,0 days 00:00:00.107047,SAMME,1.0,100,42,COMPLETE
471,0.8057142857142857,2026-07-08 11:52:25.963479,2026-07-08 11:52:26.080026,0 days 00:00:00.116547,SAMME,1.0,100,42,COMPLETE
472,0.7828571428571428,2026-07-08 11:52:26.080026,2026-07-08 11:52:26.129211,0 days 00:00:00.049185,SAMME,1.0,50,42,COMPLETE
473,0.8057142857142857,2026-07-08 11:52:26.129211,2026-07-08 11:52:26.222215,0 days 00:00:00.093004,SAMME,1.0,100,42,COMPLETE
474,0.8057142857142857,2026-07-08 11:52:26.222215,2026-07-08 11:52:26.358145,0 days 00:00:00.135930,SAMME,1.0,100,42,COMPLETE
475,0.8057142857142857,2026-07-08 11:52:26.358145,2026-07-08 11:52:26.473142,0 days 00:00:00.114997,SAMME,1.0,100,42,COMPLETE
476,0.8057142857142857,2026-07-08 11:52:26.473142,2026-07-08 11:52:26.605320,0 days 00:00:00.132178,SAMME,1.0,100,42,COMPLETE
477,0.8057142857142857,2026-07-08 11:52:26.606320,2026-07-08 11:52:26.736663,0 days 00:00:00.130343,SAMME,1.0,100,42,COMPLETE
478,0.7942857142857143,2026-07-08 11:52:26.736663,2026-07-08 11:52:26.873662,0 days 00:00:00.136999,SAMME,0.8,100,42,COMPLETE
479,0.8057142857142857,2026-07-08 11:52:26.873662,2026-07-08 11:52:26.972052,0 days 00:00:00.098390,SAMME,1.0,100,42,COMPLETE
480,0.8057142857142857,2026-07-08 11:52:26.972052,2026-07-08 11:52:27.090634,0 days 00:00:00.118582,SAMME,1.0,100,42,COMPLETE
481,0.8057142857142857,2026-07-08 11:52:27.091527,2026-07-08 11:52:27.199239,0 days 00:00:00.107712,SAMME,1.0,100,42,COMPLETE
482,0.8057142857142857,2026-07-08 11:52:27.199239,2026-07-08 11:52:27.305615,0 days 00:00:00.106376,SAMME,1.0,100,42,COMPLETE
483,0.8057142857142857,2026-07-08 11:52:27.307620,2026-07-08 11:52:27.409237,0 days 00:00:00.101617,SAMME,1.0,100,42,COMPLETE
484,0.8057142857142857,2026-07-08 11:52:27.409237,2026-07-08 11:52:27.517002,0 days 00:00:00.107765,SAMME,1.0,100,42,COMPLETE
485,0.8057142857142857,2026-07-08 11:52:27.517989,2026-07-08 11:52:27.628332,0 days 00:00:00.110343,SAMME,1.0,100,42,COMPLETE
486,0.8057142857142857,2026-07-08 11:52:27.628332,2026-07-08 11:52:27.721215,0 days 00:00:00.092883,SAMME,1.0,100,42,COMPLETE
487,0.8057142857142857,2026-07-08 11:52:27.721215,2026-07-08 11:52:27.847505,0 days 00:00:00.126290,SAMME,1.0,100,42,COMPLETE
488,0.8057142857142857,2026-07-08 11:52:27.847505,2026-07-08 11:52:27.964523,0 days 00:00:00.117018,SAMME,1.0,100,42,COMPLETE
489,0.8057142857142857,2026-07-08 11:52:27.964523,2026-07-08 11:52:28.066196,0 days 00:00:00.101673,SAMME,1.0,100,42,COMPLETE
490,0.7828571428571428,2026-07-08 11:52:28.066196,2026-07-08 11:52:28.136190,0 days 00:00:00.069994,SAMME,1.0,50,42,COMPLETE
491,0.8057142857142857,2026-07-08 11:52:28.137190,2026-07-08 11:52:28.268265,0 days 00:00:00.131075,SAMME,1.0,100,42,COMPLETE
492,0.8057142857142857,2026-07-08 11:52:28.268265,2026-07-08 11:52:28.396580,0 days 00:00:00.128315,SAMME,1.0,100,42,COMPLETE
493,0.8057142857142857,2026-07-08 11:52:28.396580,2026-07-08 11:52:28.488245,0 days 00:00:00.091665,SAMME,1.0,100,42,COMPLETE
494,0.8057142857142857,2026-07-08 11:52:28.503976,2026-07-08 11:52:28.611328,0 days 00:00:00.107352,SAMME,1.0,100,42,COMPLETE
495,0.8057142857142857,2026-07-08 11:52:28.612231,2026-07-08 11:52:28.743812,0 days 00:00:00.131581,SAMME,1.0,100,42,COMPLETE
496,0.8057142857142857,2026-07-08 11:52:28.743812,2026-07-08 11:52:28.843830,0 days 00:00:00.100018,SAMME,1.0,100,42,COMPLETE
497,0.8057142857142857,2026-07-08 11:52:28.859944,2026-07-08 11:52:28.971865,0 days 00:00:00.111921,SAMME,1.0,100,42,COMPLETE
498,0.7942857142857143,2026-07-08 11:52:28.971865,2026-07-08 11:52:29.080295,0 days 00:00:00.108430,SAMME,0.8,100,42,COMPLETE
499,0.8057142857142857,2026-07-08 11:52:29.080295,2026-07-08 11:52:29.191424,0 days 00:00:00.111129,SAMME,1.0,100,42,COMPLETE
