number,value,datetime_start,datetime_complete,duration,params_activation,params_alpha,params_hidden_layer_sizes,params_max_iter,state
0,0.7923875432525952,2026-07-07 17:42:07.180209,2026-07-07 17:42:07.306748,0 days 00:00:00.126539,tanh,0.0005,"(5,)",200,COMPLETE
1,0.8183391003460208,2026-07-07 17:42:07.306748,2026-07-07 17:42:07.448909,0 days 00:00:00.142161,relu,0.0001,"(10,)",200,COMPLETE
2,0.7975778546712803,2026-07-07 17:42:07.448909,2026-07-07 17:42:08.113545,0 days 00:00:00.664636,tanh,0.0001,"(10,)",1000,COMPLETE
3,0.7923875432525952,2026-07-07 17:42:08.113545,2026-07-07 17:42:08.241075,0 days 00:00:00.127530,tanh,0.0005,"(5,)",200,COMPLETE
4,0.7975778546712803,2026-07-07 17:42:08.256901,2026-07-07 17:42:08.920996,0 days 00:00:00.664095,tanh,0.0001,"(10,)",1000,COMPLETE
5,0.801038062283737,2026-07-07 17:42:08.920996,2026-07-07 17:42:09.048048,0 days 00:00:00.127052,relu,0.0005,"(5,)",200,COMPLETE
6,0.8217993079584776,2026-07-07 17:42:09.048048,2026-07-07 17:42:09.522862,0 days 00:00:00.474814,relu,0.0005,"(10,)",1000,COMPLETE
7,0.8217993079584776,2026-07-07 17:42:09.522862,2026-07-07 17:42:10.615122,0 days 00:00:01.092260,logistic,0.0001,"(10,)",1000,COMPLETE
8,0.7923875432525952,2026-07-07 17:42:10.615122,2026-07-07 17:42:10.757800,0 days 00:00:00.142678,tanh,0.0005,"(5,)",200,COMPLETE
9,0.801038062283737,2026-07-07 17:42:10.757800,2026-07-07 17:42:11.296456,0 days 00:00:00.538656,tanh,0.0001,"(5,)",1000,COMPLETE
10,0.8217993079584776,2026-07-07 17:42:11.296456,2026-07-07 17:42:11.786293,0 days 00:00:00.489837,relu,0.0005,"(10,)",1000,COMPLETE
11,0.8217993079584776,2026-07-07 17:42:11.786293,2026-07-07 17:42:12.861730,0 days 00:00:01.075437,logistic,0.0001,"(10,)",1000,COMPLETE
12,0.8217993079584776,2026-07-07 17:42:12.861730,2026-07-07 17:42:13.937889,0 days 00:00:01.076159,logistic,0.0005,"(10,)",1000,COMPLETE
13,0.8217993079584776,2026-07-07 17:42:13.937889,2026-07-07 17:42:15.013854,0 days 00:00:01.075965,logistic,0.0001,"(10,)",1000,COMPLETE
14,0.8217993079584776,2026-07-07 17:42:15.013854,2026-07-07 17:42:15.504669,0 days 00:00:00.490815,relu,0.0005,"(10,)",1000,COMPLETE
15,0.8217993079584776,2026-07-07 17:42:15.520434,2026-07-07 17:42:16.580224,0 days 00:00:01.059790,logistic,0.0001,"(10,)",1000,COMPLETE
16,0.8217993079584776,2026-07-07 17:42:16.580224,2026-07-07 17:42:17.786001,0 days 00:00:01.205777,logistic,0.0001,"(10,)",1000,COMPLETE
17,0.8217993079584776,2026-07-07 17:42:17.786001,2026-07-07 17:42:18.292643,0 days 00:00:00.506642,relu,0.0005,"(10,)",1000,COMPLETE
18,0.8217993079584776,2026-07-07 17:42:18.292643,2026-07-07 17:42:18.782767,0 days 00:00:00.490124,relu,0.0005,"(10,)",1000,COMPLETE
19,0.8217993079584776,2026-07-07 17:42:18.782767,2026-07-07 17:42:19.873826,0 days 00:00:01.091059,logistic,0.0001,"(10,)",1000,COMPLETE
20,0.8217993079584776,2026-07-07 17:42:19.873826,2026-07-07 17:42:20.396317,0 days 00:00:00.522491,relu,0.0001,"(10,)",1000,COMPLETE
21,0.8217993079584776,2026-07-07 17:42:20.396317,2026-07-07 17:42:20.886157,0 days 00:00:00.489840,relu,0.0005,"(10,)",1000,COMPLETE
22,0.8217993079584776,2026-07-07 17:42:20.886157,2026-07-07 17:42:21.377654,0 days 00:00:00.491497,relu,0.0005,"(10,)",1000,COMPLETE
23,0.8217993079584776,2026-07-07 17:42:21.377654,2026-07-07 17:42:21.867375,0 days 00:00:00.489721,relu,0.0005,"(10,)",1000,COMPLETE
24,0.8217993079584776,2026-07-07 17:42:21.867375,2026-07-07 17:42:22.358729,0 days 00:00:00.491354,relu,0.0005,"(10,)",1000,COMPLETE
25,0.8217993079584776,2026-07-07 17:42:22.358729,2026-07-07 17:42:23.436117,0 days 00:00:01.077388,logistic,0.0005,"(10,)",1000,COMPLETE
26,0.801038062283737,2026-07-07 17:42:23.436117,2026-07-07 17:42:23.561579,0 days 00:00:00.125462,relu,0.0005,"(5,)",200,COMPLETE
27,0.8217993079584776,2026-07-07 17:42:23.561579,2026-07-07 17:42:24.653801,0 days 00:00:01.092222,logistic,0.0005,"(10,)",1000,COMPLETE
28,0.8217993079584776,2026-07-07 17:42:24.653801,2026-07-07 17:42:25.191827,0 days 00:00:00.538026,relu,0.0001,"(10,)",1000,COMPLETE
29,0.7941176470588235,2026-07-07 17:42:25.191827,2026-07-07 17:42:25.366112,0 days 00:00:00.174285,logistic,0.0005,"(5,)",200,COMPLETE
30,0.8217993079584776,2026-07-07 17:42:25.366112,2026-07-07 17:42:25.840242,0 days 00:00:00.474130,relu,0.0005,"(10,)",1000,COMPLETE
31,0.8217993079584776,2026-07-07 17:42:25.840242,2026-07-07 17:42:26.916786,0 days 00:00:01.076544,logistic,0.0001,"(10,)",1000,COMPLETE
32,0.8217993079584776,2026-07-07 17:42:26.916786,2026-07-07 17:42:28.009472,0 days 00:00:01.092686,logistic,0.0001,"(10,)",1000,COMPLETE
33,0.8217993079584776,2026-07-07 17:42:28.009472,2026-07-07 17:42:29.085711,0 days 00:00:01.076239,logistic,0.0001,"(10,)",1000,COMPLETE
34,0.7993079584775087,2026-07-07 17:42:29.085711,2026-07-07 17:42:29.307228,0 days 00:00:00.221517,logistic,0.0001,"(10,)",200,COMPLETE
35,0.7975778546712803,2026-07-07 17:42:29.307228,2026-07-07 17:42:29.987330,0 days 00:00:00.680102,tanh,0.0001,"(10,)",1000,COMPLETE
36,0.8217993079584776,2026-07-07 17:42:29.987330,2026-07-07 17:42:31.129711,0 days 00:00:01.142381,logistic,0.0001,"(10,)",1000,COMPLETE
37,0.801038062283737,2026-07-07 17:42:31.129711,2026-07-07 17:42:31.256214,0 days 00:00:00.126503,relu,0.0001,"(5,)",200,COMPLETE
38,0.7975778546712803,2026-07-07 17:42:31.256214,2026-07-07 17:42:31.938541,0 days 00:00:00.682327,tanh,0.0001,"(10,)",1000,COMPLETE
39,0.8131487889273357,2026-07-07 17:42:31.938541,2026-07-07 17:42:32.414367,0 days 00:00:00.475826,relu,0.0005,"(5,)",1000,COMPLETE
40,0.8027681660899654,2026-07-07 17:42:32.414367,2026-07-07 17:42:32.556666,0 days 00:00:00.142299,tanh,0.0005,"(10,)",200,COMPLETE
41,0.8217993079584776,2026-07-07 17:42:32.556666,2026-07-07 17:42:33.667121,0 days 00:00:01.110455,logistic,0.0005,"(10,)",1000,COMPLETE
42,0.8217993079584776,2026-07-07 17:42:33.667121,2026-07-07 17:42:34.811169,0 days 00:00:01.144048,logistic,0.0005,"(10,)",1000,COMPLETE
43,0.8217993079584776,2026-07-07 17:42:34.811169,2026-07-07 17:42:35.888872,0 days 00:00:01.077703,logistic,0.0005,"(10,)",1000,COMPLETE
44,0.8217993079584776,2026-07-07 17:42:35.888872,2026-07-07 17:42:37.014632,0 days 00:00:01.125760,logistic,0.0005,"(10,)",1000,COMPLETE
45,0.8217993079584776,2026-07-07 17:42:37.014632,2026-07-07 17:42:38.139856,0 days 00:00:01.125224,logistic,0.0005,"(10,)",1000,COMPLETE
46,0.8217993079584776,2026-07-07 17:42:38.139856,2026-07-07 17:42:39.265369,0 days 00:00:01.125513,logistic,0.0001,"(10,)",1000,COMPLETE
47,0.8131487889273357,2026-07-07 17:42:39.265369,2026-07-07 17:42:39.762480,0 days 00:00:00.497111,relu,0.0005,"(5,)",1000,COMPLETE
48,0.8217993079584776,2026-07-07 17:42:39.764486,2026-07-07 17:42:40.884248,0 days 00:00:01.119762,logistic,0.0001,"(10,)",1000,COMPLETE
49,0.7975778546712803,2026-07-07 17:42:40.884248,2026-07-07 17:42:41.582414,0 days 00:00:00.698166,tanh,0.0005,"(10,)",1000,COMPLETE
50,0.8217993079584776,2026-07-07 17:42:41.582414,2026-07-07 17:42:42.137336,0 days 00:00:00.554922,relu,0.0001,"(10,)",1000,COMPLETE
51,0.8217993079584776,2026-07-07 17:42:42.137336,2026-07-07 17:42:43.264643,0 days 00:00:01.127307,logistic,0.0001,"(10,)",1000,COMPLETE
52,0.8217993079584776,2026-07-07 17:42:43.264643,2026-07-07 17:42:44.374400,0 days 00:00:01.109757,logistic,0.0001,"(10,)",1000,COMPLETE
53,0.8217993079584776,2026-07-07 17:42:44.374400,2026-07-07 17:42:45.467083,0 days 00:00:01.092683,logistic,0.0001,"(10,)",1000,COMPLETE
54,0.8217993079584776,2026-07-07 17:42:45.467083,2026-07-07 17:42:46.594464,0 days 00:00:01.127381,logistic,0.0001,"(10,)",1000,COMPLETE
55,0.8217993079584776,2026-07-07 17:42:46.594464,2026-07-07 17:42:47.097232,0 days 00:00:00.502768,relu,0.0005,"(10,)",1000,COMPLETE
56,0.8217993079584776,2026-07-07 17:42:47.097232,2026-07-07 17:42:48.189554,0 days 00:00:01.092322,logistic,0.0001,"(10,)",1000,COMPLETE
57,0.8183391003460208,2026-07-07 17:42:48.189554,2026-07-07 17:42:48.348663,0 days 00:00:00.159109,relu,0.0005,"(10,)",200,COMPLETE
58,0.7993079584775087,2026-07-07 17:42:48.348663,2026-07-07 17:42:48.839926,0 days 00:00:00.491263,logistic,0.0001,"(5,)",1000,COMPLETE
59,0.8217993079584776,2026-07-07 17:42:48.839926,2026-07-07 17:42:49.331463,0 days 00:00:00.491537,relu,0.0005,"(10,)",1000,COMPLETE
60,0.8217993079584776,2026-07-07 17:42:49.331463,2026-07-07 17:42:50.423765,0 days 00:00:01.092302,logistic,0.0001,"(10,)",1000,COMPLETE
61,0.8217993079584776,2026-07-07 17:42:50.423765,2026-07-07 17:42:50.924631,0 days 00:00:00.500866,relu,0.0005,"(10,)",1000,COMPLETE
62,0.8217993079584776,2026-07-07 17:42:50.924631,2026-07-07 17:42:51.410134,0 days 00:00:00.485503,relu,0.0005,"(10,)",1000,COMPLETE
63,0.8217993079584776,2026-07-07 17:42:51.410134,2026-07-07 17:42:51.920190,0 days 00:00:00.510056,relu,0.0005,"(10,)",1000,COMPLETE
64,0.8217993079584776,2026-07-07 17:42:51.936260,2026-07-07 17:42:52.432310,0 days 00:00:00.496050,relu,0.0005,"(10,)",1000,COMPLETE
65,0.8217993079584776,2026-07-07 17:42:52.432310,2026-07-07 17:42:52.938062,0 days 00:00:00.505752,relu,0.0005,"(10,)",1000,COMPLETE
66,0.8217993079584776,2026-07-07 17:42:52.938062,2026-07-07 17:42:54.058426,0 days 00:00:01.120364,logistic,0.0005,"(10,)",1000,COMPLETE
67,0.8183391003460208,2026-07-07 17:42:54.058426,2026-07-07 17:42:54.202757,0 days 00:00:00.144331,relu,0.0001,"(10,)",200,COMPLETE
68,0.801038062283737,2026-07-07 17:42:54.202757,2026-07-07 17:42:54.762047,0 days 00:00:00.559290,tanh,0.0005,"(5,)",1000,COMPLETE
69,0.8217993079584776,2026-07-07 17:42:54.762047,2026-07-07 17:42:55.849043,0 days 00:00:01.086996,logistic,0.0001,"(10,)",1000,COMPLETE
70,0.8217993079584776,2026-07-07 17:42:55.849043,2026-07-07 17:42:56.343775,0 days 00:00:00.494732,relu,0.0005,"(10,)",1000,COMPLETE
71,0.8217993079584776,2026-07-07 17:42:56.343775,2026-07-07 17:42:57.430667,0 days 00:00:01.086892,logistic,0.0001,"(10,)",1000,COMPLETE
72,0.8217993079584776,2026-07-07 17:42:57.430667,2026-07-07 17:42:58.570020,0 days 00:00:01.139353,logistic,0.0001,"(10,)",1000,COMPLETE
73,0.8217993079584776,2026-07-07 17:42:58.570020,2026-07-07 17:42:59.680839,0 days 00:00:01.110819,logistic,0.0001,"(10,)",1000,COMPLETE
74,0.8217993079584776,2026-07-07 17:42:59.680839,2026-07-07 17:43:00.814360,0 days 00:00:01.133521,logistic,0.0001,"(10,)",1000,COMPLETE
75,0.8217993079584776,2026-07-07 17:43:00.814360,2026-07-07 17:43:01.915570,0 days 00:00:01.101210,logistic,0.0001,"(10,)",1000,COMPLETE
76,0.7993079584775087,2026-07-07 17:43:01.915570,2026-07-07 17:43:02.138444,0 days 00:00:00.222874,logistic,0.0005,"(10,)",200,COMPLETE
77,0.8217993079584776,2026-07-07 17:43:02.138444,2026-07-07 17:43:02.681490,0 days 00:00:00.543046,relu,0.0001,"(10,)",1000,COMPLETE
78,0.8217993079584776,2026-07-07 17:43:02.681490,2026-07-07 17:43:03.813522,0 days 00:00:01.132032,logistic,0.0005,"(10,)",1000,COMPLETE
79,0.801038062283737,2026-07-07 17:43:03.813522,2026-07-07 17:43:04.370860,0 days 00:00:00.557338,tanh,0.0001,"(5,)",1000,COMPLETE
80,0.8217993079584776,2026-07-07 17:43:04.370860,2026-07-07 17:43:05.493147,0 days 00:00:01.122287,logistic,0.0005,"(10,)",1000,COMPLETE
81,0.8217993079584776,2026-07-07 17:43:05.493147,2026-07-07 17:43:06.590021,0 days 00:00:01.096874,logistic,0.0001,"(10,)",1000,COMPLETE
82,0.8217993079584776,2026-07-07 17:43:06.590021,2026-07-07 17:43:07.739138,0 days 00:00:01.149117,logistic,0.0001,"(10,)",1000,COMPLETE
83,0.8217993079584776,2026-07-07 17:43:07.739138,2026-07-07 17:43:08.840520,0 days 00:00:01.101382,logistic,0.0001,"(10,)",1000,COMPLETE
84,0.8217993079584776,2026-07-07 17:43:08.840520,2026-07-07 17:43:09.989424,0 days 00:00:01.148904,logistic,0.0001,"(10,)",1000,COMPLETE
85,0.8217993079584776,2026-07-07 17:43:09.989424,2026-07-07 17:43:10.516160,0 days 00:00:00.526736,relu,0.0001,"(10,)",1000,COMPLETE
86,0.8217993079584776,2026-07-07 17:43:10.516160,2026-07-07 17:43:11.647721,0 days 00:00:01.131561,logistic,0.0001,"(10,)",1000,COMPLETE
87,0.8217993079584776,2026-07-07 17:43:11.647721,2026-07-07 17:43:12.796319,0 days 00:00:01.148598,logistic,0.0005,"(10,)",1000,COMPLETE
88,0.8183391003460208,2026-07-07 17:43:12.796319,2026-07-07 17:43:12.938117,0 days 00:00:00.141798,relu,0.0001,"(10,)",200,COMPLETE
89,0.8217993079584776,2026-07-07 17:43:12.938117,2026-07-07 17:43:14.040965,0 days 00:00:01.102848,logistic,0.0005,"(10,)",1000,COMPLETE
90,0.8183391003460208,2026-07-07 17:43:14.040965,2026-07-07 17:43:14.456463,0 days 00:00:00.415498,relu,0.0001,"(5,)",1000,COMPLETE
91,0.8217993079584776,2026-07-07 17:43:14.456463,2026-07-07 17:43:14.954305,0 days 00:00:00.497842,relu,0.0005,"(10,)",1000,COMPLETE
92,0.8217993079584776,2026-07-07 17:43:14.954305,2026-07-07 17:43:15.449412,0 days 00:00:00.495107,relu,0.0005,"(10,)",1000,COMPLETE
93,0.8217993079584776,2026-07-07 17:43:15.449412,2026-07-07 17:43:15.999806,0 days 00:00:00.550394,relu,0.0005,"(10,)",1000,COMPLETE
94,0.8217993079584776,2026-07-07 17:43:15.999806,2026-07-07 17:43:16.494881,0 days 00:00:00.495075,relu,0.0005,"(10,)",1000,COMPLETE
95,0.7975778546712803,2026-07-07 17:43:16.494881,2026-07-07 17:43:17.187934,0 days 00:00:00.693053,tanh,0.0005,"(10,)",1000,COMPLETE
96,0.8217993079584776,2026-07-07 17:43:17.187934,2026-07-07 17:43:18.328682,0 days 00:00:01.140748,logistic,0.0005,"(10,)",1000,COMPLETE
97,0.8217993079584776,2026-07-07 17:43:18.328682,2026-07-07 17:43:18.870672,0 days 00:00:00.541990,relu,0.0001,"(10,)",1000,COMPLETE
98,0.8217993079584776,2026-07-07 17:43:18.870672,2026-07-07 17:43:20.002879,0 days 00:00:01.132207,logistic,0.0005,"(10,)",1000,COMPLETE
99,0.8217993079584776,2026-07-07 17:43:20.002879,2026-07-07 17:43:20.544353,0 days 00:00:00.541474,relu,0.0001,"(10,)",1000,COMPLETE
100,0.7993079584775087,2026-07-07 17:43:20.544353,2026-07-07 17:43:20.767776,0 days 00:00:00.223423,logistic,0.0005,"(10,)",200,COMPLETE
101,0.8217993079584776,2026-07-07 17:43:20.767776,2026-07-07 17:43:21.295425,0 days 00:00:00.527649,relu,0.0005,"(10,)",1000,COMPLETE
102,0.8217993079584776,2026-07-07 17:43:21.295425,2026-07-07 17:43:21.824459,0 days 00:00:00.529034,relu,0.0005,"(10,)",1000,COMPLETE
103,0.8217993079584776,2026-07-07 17:43:21.824459,2026-07-07 17:43:22.349135,0 days 00:00:00.524676,relu,0.0005,"(10,)",1000,COMPLETE
104,0.8217993079584776,2026-07-07 17:43:22.349135,2026-07-07 17:43:22.844511,0 days 00:00:00.495376,relu,0.0005,"(10,)",1000,COMPLETE
105,0.8217993079584776,2026-07-07 17:43:22.844511,2026-07-07 17:43:23.355224,0 days 00:00:00.510713,relu,0.0005,"(10,)",1000,COMPLETE
106,0.8217993079584776,2026-07-07 17:43:23.355224,2026-07-07 17:43:24.472074,0 days 00:00:01.116850,logistic,0.0001,"(10,)",1000,COMPLETE
107,0.8131487889273357,2026-07-07 17:43:24.472074,2026-07-07 17:43:24.950489,0 days 00:00:00.478415,relu,0.0005,"(5,)",1000,COMPLETE
108,0.8217993079584776,2026-07-07 17:43:24.950489,2026-07-07 17:43:26.068653,0 days 00:00:01.118164,logistic,0.0001,"(10,)",1000,COMPLETE
109,0.7975778546712803,2026-07-07 17:43:26.068653,2026-07-07 17:43:26.769962,0 days 00:00:00.701309,tanh,0.0005,"(10,)",1000,COMPLETE
110,0.8217993079584776,2026-07-07 17:43:26.769962,2026-07-07 17:43:27.900234,0 days 00:00:01.130272,logistic,0.0001,"(10,)",1000,COMPLETE
111,0.8217993079584776,2026-07-07 17:43:27.900234,2026-07-07 17:43:29.030804,0 days 00:00:01.130570,logistic,0.0001,"(10,)",1000,COMPLETE
112,0.8217993079584776,2026-07-07 17:43:29.030804,2026-07-07 17:43:30.115503,0 days 00:00:01.084699,logistic,0.0001,"(10,)",1000,COMPLETE
113,0.8217993079584776,2026-07-07 17:43:30.115503,2026-07-07 17:43:31.248934,0 days 00:00:01.133431,logistic,0.0001,"(10,)",1000,COMPLETE
114,0.8217993079584776,2026-07-07 17:43:31.248934,2026-07-07 17:43:32.365035,0 days 00:00:01.116101,logistic,0.0001,"(10,)",1000,COMPLETE
115,0.8217993079584776,2026-07-07 17:43:32.365035,2026-07-07 17:43:33.482864,0 days 00:00:01.117829,logistic,0.0001,"(10,)",1000,COMPLETE
116,0.8217993079584776,2026-07-07 17:43:33.482864,2026-07-07 17:43:34.053718,0 days 00:00:00.570854,relu,0.0005,"(10,)",1000,COMPLETE
117,0.8217993079584776,2026-07-07 17:43:34.053718,2026-07-07 17:43:35.138201,0 days 00:00:01.084483,logistic,0.0001,"(10,)",1000,COMPLETE
118,0.8183391003460208,2026-07-07 17:43:35.138201,2026-07-07 17:43:35.284825,0 days 00:00:00.146624,relu,0.0005,"(10,)",200,COMPLETE
119,0.8217993079584776,2026-07-07 17:43:35.284825,2026-07-07 17:43:36.464969,0 days 00:00:01.180144,logistic,0.0001,"(10,)",1000,COMPLETE
120,0.8217993079584776,2026-07-07 17:43:36.464969,2026-07-07 17:43:37.614474,0 days 00:00:01.149505,logistic,0.0005,"(10,)",1000,COMPLETE
121,0.8217993079584776,2026-07-07 17:43:37.614474,2026-07-07 17:43:38.173038,0 days 00:00:00.558564,relu,0.0001,"(10,)",1000,COMPLETE
122,0.8217993079584776,2026-07-07 17:43:38.173038,2026-07-07 17:43:38.712832,0 days 00:00:00.539794,relu,0.0001,"(10,)",1000,COMPLETE
123,0.8217993079584776,2026-07-07 17:43:38.712832,2026-07-07 17:43:39.255700,0 days 00:00:00.542868,relu,0.0001,"(10,)",1000,COMPLETE
124,0.8217993079584776,2026-07-07 17:43:39.255700,2026-07-07 17:43:39.832566,0 days 00:00:00.576866,relu,0.0001,"(10,)",1000,COMPLETE
125,0.8217993079584776,2026-07-07 17:43:39.832566,2026-07-07 17:43:40.385323,0 days 00:00:00.552757,relu,0.0001,"(10,)",1000,COMPLETE
126,0.7993079584775087,2026-07-07 17:43:40.385323,2026-07-07 17:43:40.833391,0 days 00:00:00.448068,logistic,0.0001,"(5,)",1000,COMPLETE
127,0.8217993079584776,2026-07-07 17:43:40.833391,2026-07-07 17:43:41.360419,0 days 00:00:00.527028,relu,0.0005,"(10,)",1000,COMPLETE
128,0.8217993079584776,2026-07-07 17:43:41.360419,2026-07-07 17:43:42.462065,0 days 00:00:01.101646,logistic,0.0001,"(10,)",1000,COMPLETE
129,0.8217993079584776,2026-07-07 17:43:42.462065,2026-07-07 17:43:42.986917,0 days 00:00:00.524852,relu,0.0005,"(10,)",1000,COMPLETE
130,0.8217993079584776,2026-07-07 17:43:42.986917,2026-07-07 17:43:44.134899,0 days 00:00:01.147982,logistic,0.0001,"(10,)",1000,COMPLETE
131,0.8217993079584776,2026-07-07 17:43:44.134899,2026-07-07 17:43:44.645545,0 days 00:00:00.510646,relu,0.0005,"(10,)",1000,COMPLETE
132,0.8217993079584776,2026-07-07 17:43:44.645545,2026-07-07 17:43:45.139161,0 days 00:00:00.493616,relu,0.0005,"(10,)",1000,COMPLETE
133,0.8217993079584776,2026-07-07 17:43:45.139161,2026-07-07 17:43:45.679665,0 days 00:00:00.540504,relu,0.0005,"(10,)",1000,COMPLETE
134,0.8217993079584776,2026-07-07 17:43:45.679665,2026-07-07 17:43:46.190547,0 days 00:00:00.510882,relu,0.0005,"(10,)",1000,COMPLETE
135,0.7975778546712803,2026-07-07 17:43:46.190547,2026-07-07 17:43:46.861747,0 days 00:00:00.671200,tanh,0.0005,"(10,)",1000,COMPLETE
136,0.8183391003460208,2026-07-07 17:43:46.861747,2026-07-07 17:43:47.021257,0 days 00:00:00.159510,relu,0.0005,"(10,)",200,COMPLETE
137,0.8217993079584776,2026-07-07 17:43:47.021257,2026-07-07 17:43:48.153895,0 days 00:00:01.132638,logistic,0.0001,"(10,)",1000,COMPLETE
138,0.8217993079584776,2026-07-07 17:43:48.153895,2026-07-07 17:43:48.655832,0 days 00:00:00.501937,relu,0.0005,"(10,)",1000,COMPLETE
139,0.7993079584775087,2026-07-07 17:43:48.655832,2026-07-07 17:43:49.111111,0 days 00:00:00.455279,logistic,0.0001,"(5,)",1000,COMPLETE
140,0.8217993079584776,2026-07-07 17:43:49.111111,2026-07-07 17:43:49.604100,0 days 00:00:00.492989,relu,0.0005,"(10,)",1000,COMPLETE
141,0.8217993079584776,2026-07-07 17:43:49.620260,2026-07-07 17:43:50.145571,0 days 00:00:00.525311,relu,0.0005,"(10,)",1000,COMPLETE
142,0.8217993079584776,2026-07-07 17:43:50.145571,2026-07-07 17:43:50.640513,0 days 00:00:00.494942,relu,0.0005,"(10,)",1000,COMPLETE
143,0.8217993079584776,2026-07-07 17:43:50.640513,2026-07-07 17:43:51.150370,0 days 00:00:00.509857,relu,0.0005,"(10,)",1000,COMPLETE
144,0.8217993079584776,2026-07-07 17:43:51.150370,2026-07-07 17:43:51.683470,0 days 00:00:00.533100,relu,0.0005,"(10,)",1000,COMPLETE
145,0.8217993079584776,2026-07-07 17:43:51.683470,2026-07-07 17:43:52.794719,0 days 00:00:01.111249,logistic,0.0005,"(10,)",1000,COMPLETE
146,0.8217993079584776,2026-07-07 17:43:52.794719,2026-07-07 17:43:53.320393,0 days 00:00:00.525674,relu,0.0001,"(10,)",1000,COMPLETE
147,0.8217993079584776,2026-07-07 17:43:53.320393,2026-07-07 17:43:54.451986,0 days 00:00:01.131593,logistic,0.0005,"(10,)",1000,COMPLETE
148,0.8217993079584776,2026-07-07 17:43:54.451986,2026-07-07 17:43:54.992031,0 days 00:00:00.540045,relu,0.0001,"(10,)",1000,COMPLETE
149,0.8217993079584776,2026-07-07 17:43:54.992031,2026-07-07 17:43:56.094877,0 days 00:00:01.102846,logistic,0.0005,"(10,)",1000,COMPLETE
150,0.8217993079584776,2026-07-07 17:43:56.094877,2026-07-07 17:43:56.651689,0 days 00:00:00.556812,relu,0.0001,"(10,)",1000,COMPLETE
151,0.8217993079584776,2026-07-07 17:43:56.651689,2026-07-07 17:43:57.145934,0 days 00:00:00.494245,relu,0.0005,"(10,)",1000,COMPLETE
152,0.8217993079584776,2026-07-07 17:43:57.145934,2026-07-07 17:43:57.655385,0 days 00:00:00.509451,relu,0.0005,"(10,)",1000,COMPLETE
153,0.8217993079584776,2026-07-07 17:43:57.655385,2026-07-07 17:43:58.197083,0 days 00:00:00.541698,relu,0.0005,"(10,)",1000,COMPLETE
154,0.8217993079584776,2026-07-07 17:43:58.197083,2026-07-07 17:43:58.738774,0 days 00:00:00.541691,relu,0.0005,"(10,)",1000,COMPLETE
155,0.7975778546712803,2026-07-07 17:43:58.738774,2026-07-07 17:43:59.412927,0 days 00:00:00.674153,tanh,0.0005,"(10,)",1000,COMPLETE
156,0.7993079584775087,2026-07-07 17:43:59.412927,2026-07-07 17:43:59.637497,0 days 00:00:00.224570,logistic,0.0001,"(10,)",200,COMPLETE
157,0.8217993079584776,2026-07-07 17:43:59.637497,2026-07-07 17:44:00.188180,0 days 00:00:00.550683,relu,0.0005,"(10,)",1000,COMPLETE
158,0.8217993079584776,2026-07-07 17:44:00.188180,2026-07-07 17:44:01.351060,0 days 00:00:01.162880,logistic,0.0001,"(10,)",1000,COMPLETE
159,0.8217993079584776,2026-07-07 17:44:01.351060,2026-07-07 17:44:01.861909,0 days 00:00:00.510849,relu,0.0005,"(10,)",1000,COMPLETE
160,0.7993079584775087,2026-07-07 17:44:01.861909,2026-07-07 17:44:02.310648,0 days 00:00:00.448739,logistic,0.0001,"(5,)",1000,COMPLETE
161,0.8217993079584776,2026-07-07 17:44:02.310648,2026-07-07 17:44:02.835917,0 days 00:00:00.525269,relu,0.0005,"(10,)",1000,COMPLETE
162,0.8217993079584776,2026-07-07 17:44:02.835917,2026-07-07 17:44:03.362297,0 days 00:00:00.526380,relu,0.0005,"(10,)",1000,COMPLETE
163,0.8217993079584776,2026-07-07 17:44:03.362297,2026-07-07 17:44:03.871194,0 days 00:00:00.508897,relu,0.0005,"(10,)",1000,COMPLETE
164,0.8217993079584776,2026-07-07 17:44:03.871194,2026-07-07 17:44:04.430687,0 days 00:00:00.559493,relu,0.0005,"(10,)",1000,COMPLETE
165,0.8217993079584776,2026-07-07 17:44:04.430687,2026-07-07 17:44:04.977704,0 days 00:00:00.547017,relu,0.0005,"(10,)",1000,COMPLETE
166,0.8217993079584776,2026-07-07 17:44:04.977704,2026-07-07 17:44:06.170805,0 days 00:00:01.193101,logistic,0.0005,"(10,)",1000,COMPLETE
167,0.8217993079584776,2026-07-07 17:44:06.170805,2026-07-07 17:44:06.804538,0 days 00:00:00.633733,relu,0.0001,"(10,)",1000,COMPLETE
168,0.8217993079584776,2026-07-07 17:44:06.804538,2026-07-07 17:44:08.042710,0 days 00:00:01.238172,logistic,0.0005,"(10,)",1000,COMPLETE
169,0.8217993079584776,2026-07-07 17:44:08.042710,2026-07-07 17:44:08.570461,0 days 00:00:00.527751,relu,0.0001,"(10,)",1000,COMPLETE
170,0.8217993079584776,2026-07-07 17:44:08.570461,2026-07-07 17:44:09.066031,0 days 00:00:00.495570,relu,0.0005,"(10,)",1000,COMPLETE
171,0.8217993079584776,2026-07-07 17:44:09.066031,2026-07-07 17:44:10.196876,0 days 00:00:01.130845,logistic,0.0005,"(10,)",1000,COMPLETE
172,0.8217993079584776,2026-07-07 17:44:10.196876,2026-07-07 17:44:11.298498,0 days 00:00:01.101622,logistic,0.0005,"(10,)",1000,COMPLETE
173,0.8217993079584776,2026-07-07 17:44:11.298498,2026-07-07 17:44:12.416707,0 days 00:00:01.118209,logistic,0.0005,"(10,)",1000,COMPLETE
174,0.8217993079584776,2026-07-07 17:44:12.416707,2026-07-07 17:44:13.556523,0 days 00:00:01.139816,logistic,0.0005,"(10,)",1000,COMPLETE
175,0.8217993079584776,2026-07-07 17:44:13.556523,2026-07-07 17:44:14.701171,0 days 00:00:01.144648,logistic,0.0001,"(10,)",1000,COMPLETE
176,0.8217993079584776,2026-07-07 17:44:14.701171,2026-07-07 17:44:15.817555,0 days 00:00:01.116384,logistic,0.0005,"(10,)",1000,COMPLETE
177,0.8183391003460208,2026-07-07 17:44:15.817555,2026-07-07 17:44:15.960210,0 days 00:00:00.142655,relu,0.0005,"(10,)",200,COMPLETE
178,0.8217993079584776,2026-07-07 17:44:15.976019,2026-07-07 17:44:17.079504,0 days 00:00:01.103485,logistic,0.0001,"(10,)",1000,COMPLETE
179,0.8217993079584776,2026-07-07 17:44:17.079504,2026-07-07 17:44:17.589630,0 days 00:00:00.510126,relu,0.0005,"(10,)",1000,COMPLETE
180,0.7975778546712803,2026-07-07 17:44:17.589630,2026-07-07 17:44:18.306998,0 days 00:00:00.717368,tanh,0.0001,"(10,)",1000,COMPLETE
181,0.8217993079584776,2026-07-07 17:44:18.306998,2026-07-07 17:44:19.453783,0 days 00:00:01.146785,logistic,0.0005,"(10,)",1000,COMPLETE
182,0.8217993079584776,2026-07-07 17:44:19.453783,2026-07-07 17:44:20.571003,0 days 00:00:01.117220,logistic,0.0005,"(10,)",1000,COMPLETE
183,0.8217993079584776,2026-07-07 17:44:20.571003,2026-07-07 17:44:21.674885,0 days 00:00:01.103882,logistic,0.0005,"(10,)",1000,COMPLETE
184,0.8217993079584776,2026-07-07 17:44:21.674885,2026-07-07 17:44:22.791194,0 days 00:00:01.116309,logistic,0.0005,"(10,)",1000,COMPLETE
185,0.8217993079584776,2026-07-07 17:44:22.791194,2026-07-07 17:44:23.897284,0 days 00:00:01.106090,logistic,0.0005,"(10,)",1000,COMPLETE
186,0.8217993079584776,2026-07-07 17:44:23.897284,2026-07-07 17:44:24.458323,0 days 00:00:00.561039,relu,0.0001,"(10,)",1000,COMPLETE
187,0.7993079584775087,2026-07-07 17:44:24.458323,2026-07-07 17:44:24.911028,0 days 00:00:00.452705,logistic,0.0005,"(5,)",1000,COMPLETE
188,0.8217993079584776,2026-07-07 17:44:24.911028,2026-07-07 17:44:25.428271,0 days 00:00:00.517243,relu,0.0005,"(10,)",1000,COMPLETE
189,0.8217993079584776,2026-07-07 17:44:25.428271,2026-07-07 17:44:26.530822,0 days 00:00:01.102551,logistic,0.0001,"(10,)",1000,COMPLETE
190,0.8217993079584776,2026-07-07 17:44:26.530822,2026-07-07 17:44:27.026357,0 days 00:00:00.495535,relu,0.0005,"(10,)",1000,COMPLETE
191,0.8217993079584776,2026-07-07 17:44:27.026357,2026-07-07 17:44:27.567897,0 days 00:00:00.541540,relu,0.0001,"(10,)",1000,COMPLETE
192,0.8217993079584776,2026-07-07 17:44:27.567897,2026-07-07 17:44:28.125457,0 days 00:00:00.557560,relu,0.0001,"(10,)",1000,COMPLETE
193,0.8217993079584776,2026-07-07 17:44:28.125457,2026-07-07 17:44:28.700105,0 days 00:00:00.574648,relu,0.0001,"(10,)",1000,COMPLETE
194,0.8217993079584776,2026-07-07 17:44:28.700105,2026-07-07 17:44:29.242687,0 days 00:00:00.542582,relu,0.0001,"(10,)",1000,COMPLETE
195,0.8217993079584776,2026-07-07 17:44:29.242687,2026-07-07 17:44:29.769943,0 days 00:00:00.527256,relu,0.0001,"(10,)",1000,COMPLETE
196,0.8217993079584776,2026-07-07 17:44:29.769943,2026-07-07 17:44:30.915703,0 days 00:00:01.145760,logistic,0.0005,"(10,)",1000,COMPLETE
197,0.8217993079584776,2026-07-07 17:44:30.915703,2026-07-07 17:44:31.474832,0 days 00:00:00.559129,relu,0.0001,"(10,)",1000,COMPLETE
198,0.8217993079584776,2026-07-07 17:44:31.474832,2026-07-07 17:44:32.620153,0 days 00:00:01.145321,logistic,0.0005,"(10,)",1000,COMPLETE
199,0.8217993079584776,2026-07-07 17:44:32.620153,2026-07-07 17:44:33.148188,0 days 00:00:00.528035,relu,0.0001,"(10,)",1000,COMPLETE
200,0.8183391003460208,2026-07-07 17:44:33.148188,2026-07-07 17:44:33.307826,0 days 00:00:00.159638,relu,0.0005,"(10,)",200,COMPLETE
201,0.8217993079584776,2026-07-07 17:44:33.307826,2026-07-07 17:44:33.818758,0 days 00:00:00.510932,relu,0.0005,"(10,)",1000,COMPLETE
202,0.8217993079584776,2026-07-07 17:44:33.818758,2026-07-07 17:44:34.344757,0 days 00:00:00.525999,relu,0.0005,"(10,)",1000,COMPLETE
203,0.8217993079584776,2026-07-07 17:44:34.344757,2026-07-07 17:44:34.869577,0 days 00:00:00.524820,relu,0.0005,"(10,)",1000,COMPLETE
204,0.8217993079584776,2026-07-07 17:44:34.869577,2026-07-07 17:44:35.366307,0 days 00:00:00.496730,relu,0.0005,"(10,)",1000,COMPLETE
205,0.8217993079584776,2026-07-07 17:44:35.366307,2026-07-07 17:44:36.499261,0 days 00:00:01.132954,logistic,0.0005,"(10,)",1000,COMPLETE
206,0.8217993079584776,2026-07-07 17:44:36.499261,2026-07-07 17:44:37.088610,0 days 00:00:00.589349,relu,0.0001,"(10,)",1000,COMPLETE
207,0.8217993079584776,2026-07-07 17:44:37.088610,2026-07-07 17:44:38.191131,0 days 00:00:01.102521,logistic,0.0005,"(10,)",1000,COMPLETE
208,0.7975778546712803,2026-07-07 17:44:38.191131,2026-07-07 17:44:38.878159,0 days 00:00:00.687028,tanh,0.0005,"(10,)",1000,COMPLETE
209,0.8217993079584776,2026-07-07 17:44:38.878159,2026-07-07 17:44:39.405814,0 days 00:00:00.527655,relu,0.0001,"(10,)",1000,COMPLETE
210,0.7993079584775087,2026-07-07 17:44:39.405814,2026-07-07 17:44:39.865754,0 days 00:00:00.459940,logistic,0.0005,"(5,)",1000,COMPLETE
211,0.8217993079584776,2026-07-07 17:44:39.865754,2026-07-07 17:44:40.981274,0 days 00:00:01.115520,logistic,0.0001,"(10,)",1000,COMPLETE
212,0.8217993079584776,2026-07-07 17:44:40.981274,2026-07-07 17:44:42.095339,0 days 00:00:01.114065,logistic,0.0001,"(10,)",1000,COMPLETE
213,0.8217993079584776,2026-07-07 17:44:42.095339,2026-07-07 17:44:43.226032,0 days 00:00:01.130693,logistic,0.0001,"(10,)",1000,COMPLETE
214,0.8217993079584776,2026-07-07 17:44:43.226032,2026-07-07 17:44:44.358777,0 days 00:00:01.132745,logistic,0.0001,"(10,)",1000,COMPLETE
215,0.8217993079584776,2026-07-07 17:44:44.358777,2026-07-07 17:44:44.886753,0 days 00:00:00.527976,relu,0.0001,"(10,)",1000,COMPLETE
216,0.8217993079584776,2026-07-07 17:44:44.886753,2026-07-07 17:44:46.010144,0 days 00:00:01.123391,logistic,0.0005,"(10,)",1000,COMPLETE
217,0.8217993079584776,2026-07-07 17:44:46.010144,2026-07-07 17:44:46.562976,0 days 00:00:00.552832,relu,0.0001,"(10,)",1000,COMPLETE
218,0.8217993079584776,2026-07-07 17:44:46.562976,2026-07-07 17:44:47.662147,0 days 00:00:01.099171,logistic,0.0005,"(10,)",1000,COMPLETE
219,0.8217993079584776,2026-07-07 17:44:47.662147,2026-07-07 17:44:48.204774,0 days 00:00:00.542627,relu,0.0001,"(10,)",1000,COMPLETE
220,0.8217993079584776,2026-07-07 17:44:48.204774,2026-07-07 17:44:49.334922,0 days 00:00:01.130148,logistic,0.0005,"(10,)",1000,COMPLETE
221,0.8217993079584776,2026-07-07 17:44:49.334922,2026-07-07 17:44:50.419873,0 days 00:00:01.084951,logistic,0.0001,"(10,)",1000,COMPLETE
222,0.8217993079584776,2026-07-07 17:44:50.419873,2026-07-07 17:44:51.498421,0 days 00:00:01.078548,logistic,0.0001,"(10,)",1000,COMPLETE
223,0.8217993079584776,2026-07-07 17:44:51.498421,2026-07-07 17:44:52.607858,0 days 00:00:01.109437,logistic,0.0001,"(10,)",1000,COMPLETE
224,0.8217993079584776,2026-07-07 17:44:52.607858,2026-07-07 17:44:53.698944,0 days 00:00:01.091086,logistic,0.0001,"(10,)",1000,COMPLETE
225,0.8217993079584776,2026-07-07 17:44:53.698944,2026-07-07 17:44:54.221260,0 days 00:00:00.522316,relu,0.0001,"(10,)",1000,COMPLETE
226,0.8217993079584776,2026-07-07 17:44:54.221260,2026-07-07 17:44:55.362530,0 days 00:00:01.141270,logistic,0.0005,"(10,)",1000,COMPLETE
227,0.8217993079584776,2026-07-07 17:44:55.362530,2026-07-07 17:44:55.917121,0 days 00:00:00.554591,relu,0.0001,"(10,)",1000,COMPLETE
228,0.8217993079584776,2026-07-07 17:44:55.917121,2026-07-07 17:44:57.073958,0 days 00:00:01.156837,logistic,0.0005,"(10,)",1000,COMPLETE
229,0.8217993079584776,2026-07-07 17:44:57.073958,2026-07-07 17:44:57.613339,0 days 00:00:00.539381,relu,0.0005,"(10,)",1000,COMPLETE
230,0.7993079584775087,2026-07-07 17:44:57.613339,2026-07-07 17:44:57.850200,0 days 00:00:00.236861,logistic,0.0001,"(10,)",200,COMPLETE
231,0.8217993079584776,2026-07-07 17:44:57.850200,2026-07-07 17:44:59.007099,0 days 00:00:01.156899,logistic,0.0001,"(10,)",1000,COMPLETE
232,0.8217993079584776,2026-07-07 17:44:59.007099,2026-07-07 17:45:00.212238,0 days 00:00:01.205139,logistic,0.0001,"(10,)",1000,COMPLETE
233,0.8217993079584776,2026-07-07 17:45:00.212238,2026-07-07 17:45:01.435176,0 days 00:00:01.222938,logistic,0.0001,"(10,)",1000,COMPLETE
234,0.8217993079584776,2026-07-07 17:45:01.435176,2026-07-07 17:45:02.608404,0 days 00:00:01.173228,logistic,0.0001,"(10,)",1000,COMPLETE
235,0.8217993079584776,2026-07-07 17:45:02.608404,2026-07-07 17:45:03.179310,0 days 00:00:00.570906,relu,0.0005,"(10,)",1000,COMPLETE
236,0.8217993079584776,2026-07-07 17:45:03.179310,2026-07-07 17:45:04.372227,0 days 00:00:01.192917,logistic,0.0001,"(10,)",1000,COMPLETE
237,0.8217993079584776,2026-07-07 17:45:04.372227,2026-07-07 17:45:04.910728,0 days 00:00:00.538501,relu,0.0005,"(10,)",1000,COMPLETE
238,0.8217993079584776,2026-07-07 17:45:04.910728,2026-07-07 17:45:06.086428,0 days 00:00:01.175700,logistic,0.0001,"(10,)",1000,COMPLETE
239,0.8131487889273357,2026-07-07 17:45:06.086428,2026-07-07 17:45:06.625054,0 days 00:00:00.538626,relu,0.0005,"(5,)",1000,COMPLETE
240,0.8217993079584776,2026-07-07 17:45:06.625054,2026-07-07 17:45:07.781807,0 days 00:00:01.156753,logistic,0.0001,"(10,)",1000,COMPLETE
241,0.8217993079584776,2026-07-07 17:45:07.781807,2026-07-07 17:45:08.971949,0 days 00:00:01.190142,logistic,0.0001,"(10,)",1000,COMPLETE
242,0.8217993079584776,2026-07-07 17:45:08.971949,2026-07-07 17:45:10.129506,0 days 00:00:01.157557,logistic,0.0001,"(10,)",1000,COMPLETE
243,0.8217993079584776,2026-07-07 17:45:10.129506,2026-07-07 17:45:11.254818,0 days 00:00:01.125312,logistic,0.0001,"(10,)",1000,COMPLETE
244,0.7975778546712803,2026-07-07 17:45:11.254818,2026-07-07 17:45:11.967574,0 days 00:00:00.712756,tanh,0.0001,"(10,)",1000,COMPLETE
245,0.8217993079584776,2026-07-07 17:45:11.967574,2026-07-07 17:45:13.108514,0 days 00:00:01.140940,logistic,0.0005,"(10,)",1000,COMPLETE
246,0.8217993079584776,2026-07-07 17:45:13.108514,2026-07-07 17:45:13.647209,0 days 00:00:00.538695,relu,0.0001,"(10,)",1000,COMPLETE
247,0.8217993079584776,2026-07-07 17:45:13.647209,2026-07-07 17:45:14.787500,0 days 00:00:01.140291,logistic,0.0005,"(10,)",1000,COMPLETE
248,0.8217993079584776,2026-07-07 17:45:14.787500,2026-07-07 17:45:15.343048,0 days 00:00:00.555548,relu,0.0001,"(10,)",1000,COMPLETE
249,0.8217993079584776,2026-07-07 17:45:15.343048,2026-07-07 17:45:16.482644,0 days 00:00:01.139596,logistic,0.0005,"(10,)",1000,COMPLETE
250,0.8217993079584776,2026-07-07 17:45:16.482644,2026-07-07 17:45:17.037027,0 days 00:00:00.554383,relu,0.0001,"(10,)",1000,COMPLETE
251,0.8217993079584776,2026-07-07 17:45:17.037027,2026-07-07 17:45:18.145553,0 days 00:00:01.108526,logistic,0.0005,"(10,)",1000,COMPLETE
252,0.8217993079584776,2026-07-07 17:45:18.145553,2026-07-07 17:45:18.667664,0 days 00:00:00.522111,relu,0.0005,"(10,)",1000,COMPLETE
253,0.8217993079584776,2026-07-07 17:45:18.667664,2026-07-07 17:45:19.775164,0 days 00:00:01.107500,logistic,0.0001,"(10,)",1000,COMPLETE
254,0.8217993079584776,2026-07-07 17:45:19.775164,2026-07-07 17:45:20.296948,0 days 00:00:00.521784,relu,0.0005,"(10,)",1000,COMPLETE
255,0.8217993079584776,2026-07-07 17:45:20.296948,2026-07-07 17:45:21.437888,0 days 00:00:01.140940,logistic,0.0001,"(10,)",1000,COMPLETE
256,0.8217993079584776,2026-07-07 17:45:21.437888,2026-07-07 17:45:21.945551,0 days 00:00:00.507663,relu,0.0005,"(10,)",1000,COMPLETE
257,0.8217993079584776,2026-07-07 17:45:21.945551,2026-07-07 17:45:23.070077,0 days 00:00:01.124526,logistic,0.0001,"(10,)",1000,COMPLETE
258,0.8183391003460208,2026-07-07 17:45:23.070077,2026-07-07 17:45:23.229072,0 days 00:00:00.158995,relu,0.0005,"(10,)",200,COMPLETE
259,0.8217993079584776,2026-07-07 17:45:23.229072,2026-07-07 17:45:24.353317,0 days 00:00:01.124245,logistic,0.0001,"(10,)",1000,COMPLETE
260,0.8217993079584776,2026-07-07 17:45:24.353317,2026-07-07 17:45:24.893001,0 days 00:00:00.539684,relu,0.0005,"(10,)",1000,COMPLETE
261,0.8217993079584776,2026-07-07 17:45:24.893001,2026-07-07 17:45:26.017640,0 days 00:00:01.124639,logistic,0.0001,"(10,)",1000,COMPLETE
262,0.8131487889273357,2026-07-07 17:45:26.017640,2026-07-07 17:45:26.476988,0 days 00:00:00.459348,relu,0.0005,"(5,)",1000,COMPLETE
263,0.8217993079584776,2026-07-07 17:45:26.476988,2026-07-07 17:45:27.602231,0 days 00:00:01.125243,logistic,0.0001,"(10,)",1000,COMPLETE
264,0.8217993079584776,2026-07-07 17:45:27.602231,2026-07-07 17:45:28.125361,0 days 00:00:00.523130,relu,0.0005,"(10,)",1000,COMPLETE
265,0.8217993079584776,2026-07-07 17:45:28.141372,2026-07-07 17:45:29.282926,0 days 00:00:01.141554,logistic,0.0001,"(10,)",1000,COMPLETE
266,0.7975778546712803,2026-07-07 17:45:29.282926,2026-07-07 17:45:29.996695,0 days 00:00:00.713769,tanh,0.0005,"(10,)",1000,COMPLETE
267,0.8217993079584776,2026-07-07 17:45:29.996695,2026-07-07 17:45:30.519154,0 days 00:00:00.522459,relu,0.0005,"(10,)",1000,COMPLETE
268,0.8217993079584776,2026-07-07 17:45:30.519154,2026-07-07 17:45:31.659672,0 days 00:00:01.140518,logistic,0.0001,"(10,)",1000,COMPLETE
269,0.8217993079584776,2026-07-07 17:45:31.659672,2026-07-07 17:45:32.183427,0 days 00:00:00.523755,relu,0.0005,"(10,)",1000,COMPLETE
270,0.8217993079584776,2026-07-07 17:45:32.183427,2026-07-07 17:45:33.612722,0 days 00:00:01.429295,logistic,0.0001,"(10,)",1000,COMPLETE
271,0.8217993079584776,2026-07-07 17:45:33.612722,2026-07-07 17:45:34.446643,0 days 00:00:00.833921,relu,0.0005,"(10,)",1000,COMPLETE
272,0.8217993079584776,2026-07-07 17:45:34.446643,2026-07-07 17:45:35.822771,0 days 00:00:01.376128,logistic,0.0001,"(10,)",1000,COMPLETE
273,0.8217993079584776,2026-07-07 17:45:35.822771,2026-07-07 17:45:36.431600,0 days 00:00:00.608829,relu,0.0005,"(10,)",1000,COMPLETE
274,0.8217993079584776,2026-07-07 17:45:36.431600,2026-07-07 17:45:37.630322,0 days 00:00:01.198722,logistic,0.0001,"(10,)",1000,COMPLETE
275,0.8183391003460208,2026-07-07 17:45:37.630322,2026-07-07 17:45:37.776931,0 days 00:00:00.146609,relu,0.0005,"(10,)",200,COMPLETE
276,0.8217993079584776,2026-07-07 17:45:37.776931,2026-07-07 17:45:38.961508,0 days 00:00:01.184577,logistic,0.0001,"(10,)",1000,COMPLETE
277,0.8217993079584776,2026-07-07 17:45:38.961508,2026-07-07 17:45:39.501816,0 days 00:00:00.540308,relu,0.0005,"(10,)",1000,COMPLETE
278,0.8217993079584776,2026-07-07 17:45:39.501816,2026-07-07 17:45:40.678413,0 days 00:00:01.176597,logistic,0.0001,"(10,)",1000,COMPLETE
279,0.8217993079584776,2026-07-07 17:45:40.694280,2026-07-07 17:45:41.219342,0 days 00:00:00.525062,relu,0.0005,"(10,)",1000,COMPLETE
280,0.8217993079584776,2026-07-07 17:45:41.219342,2026-07-07 17:45:42.344950,0 days 00:00:01.125608,logistic,0.0001,"(10,)",1000,COMPLETE
281,0.8131487889273357,2026-07-07 17:45:42.344950,2026-07-07 17:45:42.805961,0 days 00:00:00.461011,relu,0.0005,"(5,)",1000,COMPLETE
282,0.8217993079584776,2026-07-07 17:45:42.805961,2026-07-07 17:45:43.965398,0 days 00:00:01.159437,logistic,0.0001,"(10,)",1000,COMPLETE
283,0.8217993079584776,2026-07-07 17:45:43.965398,2026-07-07 17:45:45.109238,0 days 00:00:01.143840,logistic,0.0005,"(10,)",1000,COMPLETE
284,0.8217993079584776,2026-07-07 17:45:45.109238,2026-07-07 17:45:45.648572,0 days 00:00:00.539334,relu,0.0001,"(10,)",1000,COMPLETE
285,0.8217993079584776,2026-07-07 17:45:45.648572,2026-07-07 17:45:46.773375,0 days 00:00:01.124803,logistic,0.0005,"(10,)",1000,COMPLETE
286,0.8217993079584776,2026-07-07 17:45:46.789189,2026-07-07 17:45:47.312524,0 days 00:00:00.523335,relu,0.0001,"(10,)",1000,COMPLETE
287,0.8217993079584776,2026-07-07 17:45:47.312524,2026-07-07 17:45:48.437529,0 days 00:00:01.125005,logistic,0.0005,"(10,)",1000,COMPLETE
288,0.8217993079584776,2026-07-07 17:45:48.437529,2026-07-07 17:45:48.976788,0 days 00:00:00.539259,relu,0.0001,"(10,)",1000,COMPLETE
289,0.7975778546712803,2026-07-07 17:45:48.976788,2026-07-07 17:45:49.673326,0 days 00:00:00.696538,tanh,0.0005,"(10,)",1000,COMPLETE
290,0.8217993079584776,2026-07-07 17:45:49.673326,2026-07-07 17:45:50.799388,0 days 00:00:01.126062,logistic,0.0001,"(10,)",1000,COMPLETE
291,0.8217993079584776,2026-07-07 17:45:50.799388,2026-07-07 17:45:51.311923,0 days 00:00:00.512535,relu,0.0005,"(10,)",1000,COMPLETE
292,0.8217993079584776,2026-07-07 17:45:51.311923,2026-07-07 17:45:52.403565,0 days 00:00:01.091642,logistic,0.0001,"(10,)",1000,COMPLETE
293,0.8217993079584776,2026-07-07 17:45:52.403565,2026-07-07 17:45:52.914722,0 days 00:00:00.511157,relu,0.0005,"(10,)",1000,COMPLETE
294,0.7993079584775087,2026-07-07 17:45:52.914722,2026-07-07 17:45:53.155531,0 days 00:00:00.240809,logistic,0.0001,"(10,)",200,COMPLETE
295,0.8217993079584776,2026-07-07 17:45:53.155531,2026-07-07 17:45:53.659094,0 days 00:00:00.503563,relu,0.0005,"(10,)",1000,COMPLETE
296,0.8217993079584776,2026-07-07 17:45:53.659094,2026-07-07 17:45:54.751894,0 days 00:00:01.092800,logistic,0.0005,"(10,)",1000,COMPLETE
297,0.8217993079584776,2026-07-07 17:45:54.751894,2026-07-07 17:45:55.279595,0 days 00:00:00.527701,relu,0.0001,"(10,)",1000,COMPLETE
298,0.8217993079584776,2026-07-07 17:45:55.279595,2026-07-07 17:45:56.365660,0 days 00:00:01.086065,logistic,0.0005,"(10,)",1000,COMPLETE
299,0.8217993079584776,2026-07-07 17:45:56.365660,2026-07-07 17:45:56.892197,0 days 00:00:00.526537,relu,0.0001,"(10,)",1000,COMPLETE
300,0.8217993079584776,2026-07-07 17:45:56.892197,2026-07-07 17:45:57.993327,0 days 00:00:01.101130,logistic,0.0005,"(10,)",1000,COMPLETE
301,0.8183391003460208,2026-07-07 17:45:57.993327,2026-07-07 17:45:58.408471,0 days 00:00:00.415144,relu,0.0001,"(5,)",1000,COMPLETE
302,0.8217993079584776,2026-07-07 17:45:58.408471,2026-07-07 17:45:59.496372,0 days 00:00:01.087901,logistic,0.0005,"(10,)",1000,COMPLETE
303,0.8217993079584776,2026-07-07 17:45:59.496372,2026-07-07 17:46:00.071208,0 days 00:00:00.574836,relu,0.0001,"(10,)",1000,COMPLETE
304,0.8217993079584776,2026-07-07 17:46:00.071208,2026-07-07 17:46:01.157505,0 days 00:00:01.086297,logistic,0.0005,"(10,)",1000,COMPLETE
305,0.8217993079584776,2026-07-07 17:46:01.157505,2026-07-07 17:46:01.716572,0 days 00:00:00.559067,relu,0.0001,"(10,)",1000,COMPLETE
306,0.8217993079584776,2026-07-07 17:46:01.716572,2026-07-07 17:46:02.802319,0 days 00:00:01.085747,logistic,0.0005,"(10,)",1000,COMPLETE
307,0.8217993079584776,2026-07-07 17:46:02.802319,2026-07-07 17:46:03.330698,0 days 00:00:00.528379,relu,0.0001,"(10,)",1000,COMPLETE
308,0.8217993079584776,2026-07-07 17:46:03.330698,2026-07-07 17:46:04.433121,0 days 00:00:01.102423,logistic,0.0005,"(10,)",1000,COMPLETE
309,0.8217993079584776,2026-07-07 17:46:04.433121,2026-07-07 17:46:04.960050,0 days 00:00:00.526929,relu,0.0001,"(10,)",1000,COMPLETE
310,0.8217993079584776,2026-07-07 17:46:04.960050,2026-07-07 17:46:06.047545,0 days 00:00:01.087495,logistic,0.0005,"(10,)",1000,COMPLETE
311,0.7975778546712803,2026-07-07 17:46:06.047545,2026-07-07 17:46:06.718487,0 days 00:00:00.670942,tanh,0.0001,"(10,)",1000,COMPLETE
312,0.8217993079584776,2026-07-07 17:46:06.718487,2026-07-07 17:46:07.807218,0 days 00:00:01.088731,logistic,0.0005,"(10,)",1000,COMPLETE
313,0.8217993079584776,2026-07-07 17:46:07.807218,2026-07-07 17:46:08.335181,0 days 00:00:00.527963,relu,0.0001,"(10,)",1000,COMPLETE
314,0.7993079584775087,2026-07-07 17:46:08.335181,2026-07-07 17:46:08.559244,0 days 00:00:00.224063,logistic,0.0005,"(10,)",200,COMPLETE
315,0.8217993079584776,2026-07-07 17:46:08.559244,2026-07-07 17:46:09.087388,0 days 00:00:00.528144,relu,0.0001,"(10,)",1000,COMPLETE
316,0.8217993079584776,2026-07-07 17:46:09.087388,2026-07-07 17:46:10.176737,0 days 00:00:01.089349,logistic,0.0005,"(10,)",1000,COMPLETE
317,0.8217993079584776,2026-07-07 17:46:10.176737,2026-07-07 17:46:10.733851,0 days 00:00:00.557114,relu,0.0001,"(10,)",1000,COMPLETE
318,0.8217993079584776,2026-07-07 17:46:10.733851,2026-07-07 17:46:11.854028,0 days 00:00:01.120177,logistic,0.0005,"(10,)",1000,COMPLETE
319,0.8217993079584776,2026-07-07 17:46:11.854028,2026-07-07 17:46:12.394756,0 days 00:00:00.540728,relu,0.0001,"(10,)",1000,COMPLETE
320,0.7993079584775087,2026-07-07 17:46:12.394756,2026-07-07 17:46:12.825856,0 days 00:00:00.431100,logistic,0.0005,"(5,)",1000,COMPLETE
321,0.8217993079584776,2026-07-07 17:46:12.825856,2026-07-07 17:46:13.354452,0 days 00:00:00.528596,relu,0.0001,"(10,)",1000,COMPLETE
322,0.8217993079584776,2026-07-07 17:46:13.354452,2026-07-07 17:46:14.441246,0 days 00:00:01.086794,logistic,0.0005,"(10,)",1000,COMPLETE
323,0.8217993079584776,2026-07-07 17:46:14.441246,2026-07-07 17:46:14.938302,0 days 00:00:00.497056,relu,0.0005,"(10,)",1000,COMPLETE
324,0.8217993079584776,2026-07-07 17:46:14.938302,2026-07-07 17:46:16.040483,0 days 00:00:01.102181,logistic,0.0001,"(10,)",1000,COMPLETE
325,0.8217993079584776,2026-07-07 17:46:16.040483,2026-07-07 17:46:16.551148,0 days 00:00:00.510665,relu,0.0005,"(10,)",1000,COMPLETE
326,0.8217993079584776,2026-07-07 17:46:16.551148,2026-07-07 17:46:17.639791,0 days 00:00:01.088643,logistic,0.0001,"(10,)",1000,COMPLETE
327,0.8217993079584776,2026-07-07 17:46:17.639791,2026-07-07 17:46:18.119760,0 days 00:00:00.479969,relu,0.0005,"(10,)",1000,COMPLETE
328,0.8217993079584776,2026-07-07 17:46:18.119760,2026-07-07 17:46:19.219862,0 days 00:00:01.100102,logistic,0.0001,"(10,)",1000,COMPLETE
329,0.8217993079584776,2026-07-07 17:46:19.219862,2026-07-07 17:46:19.714865,0 days 00:00:00.495003,relu,0.0005,"(10,)",1000,COMPLETE
330,0.8217993079584776,2026-07-07 17:46:19.714865,2026-07-07 17:46:20.818903,0 days 00:00:01.104038,logistic,0.0001,"(10,)",1000,COMPLETE
331,0.8217993079584776,2026-07-07 17:46:20.818903,2026-07-07 17:46:21.315552,0 days 00:00:00.496649,relu,0.0005,"(10,)",1000,COMPLETE
332,0.8217993079584776,2026-07-07 17:46:21.315552,2026-07-07 17:46:22.386234,0 days 00:00:01.070682,logistic,0.0001,"(10,)",1000,COMPLETE
333,0.8183391003460208,2026-07-07 17:46:22.386234,2026-07-07 17:46:22.530461,0 days 00:00:00.144227,relu,0.0005,"(10,)",200,COMPLETE
334,0.7975778546712803,2026-07-07 17:46:22.530461,2026-07-07 17:46:23.185914,0 days 00:00:00.655453,tanh,0.0001,"(10,)",1000,COMPLETE
335,0.8217993079584776,2026-07-07 17:46:23.185914,2026-07-07 17:46:24.256363,0 days 00:00:01.070449,logistic,0.0005,"(10,)",1000,COMPLETE
336,0.8217993079584776,2026-07-07 17:46:24.256363,2026-07-07 17:46:24.783873,0 days 00:00:00.527510,relu,0.0001,"(10,)",1000,COMPLETE
337,0.8217993079584776,2026-07-07 17:46:24.783873,2026-07-07 17:46:25.860161,0 days 00:00:01.076288,logistic,0.0005,"(10,)",1000,COMPLETE
338,0.8217993079584776,2026-07-07 17:46:25.860161,2026-07-07 17:46:26.365668,0 days 00:00:00.505507,relu,0.0001,"(10,)",1000,COMPLETE
339,0.7993079584775087,2026-07-07 17:46:26.365668,2026-07-07 17:46:26.797154,0 days 00:00:00.431486,logistic,0.0005,"(5,)",1000,COMPLETE
340,0.8217993079584776,2026-07-07 17:46:26.797154,2026-07-07 17:46:27.868425,0 days 00:00:01.071271,logistic,0.0001,"(10,)",1000,COMPLETE
341,0.8217993079584776,2026-07-07 17:46:27.868425,2026-07-07 17:46:28.363191,0 days 00:00:00.494766,relu,0.0005,"(10,)",1000,COMPLETE
342,0.8217993079584776,2026-07-07 17:46:28.363191,2026-07-07 17:46:29.447471,0 days 00:00:01.084280,logistic,0.0001,"(10,)",1000,COMPLETE
343,0.8217993079584776,2026-07-07 17:46:29.447471,2026-07-07 17:46:29.950461,0 days 00:00:00.502990,relu,0.0005,"(10,)",1000,COMPLETE
344,0.8217993079584776,2026-07-07 17:46:29.952085,2026-07-07 17:46:31.013454,0 days 00:00:01.061369,logistic,0.0001,"(10,)",1000,COMPLETE
345,0.8217993079584776,2026-07-07 17:46:31.013454,2026-07-07 17:46:31.509174,0 days 00:00:00.495720,relu,0.0005,"(10,)",1000,COMPLETE
346,0.8217993079584776,2026-07-07 17:46:31.509174,2026-07-07 17:46:32.598907,0 days 00:00:01.089733,logistic,0.0001,"(10,)",1000,COMPLETE
347,0.8217993079584776,2026-07-07 17:46:32.598907,2026-07-07 17:46:33.092260,0 days 00:00:00.493353,relu,0.0005,"(10,)",1000,COMPLETE
348,0.8217993079584776,2026-07-07 17:46:33.092260,2026-07-07 17:46:34.201034,0 days 00:00:01.108774,logistic,0.0001,"(10,)",1000,COMPLETE
349,0.8217993079584776,2026-07-07 17:46:34.201034,2026-07-07 17:46:34.690136,0 days 00:00:00.489102,relu,0.0005,"(10,)",1000,COMPLETE
350,0.8217993079584776,2026-07-07 17:46:34.690136,2026-07-07 17:46:35.776236,0 days 00:00:01.086100,logistic,0.0001,"(10,)",1000,COMPLETE
351,0.8217993079584776,2026-07-07 17:46:35.776236,2026-07-07 17:46:36.270559,0 days 00:00:00.494323,relu,0.0005,"(10,)",1000,COMPLETE
352,0.7993079584775087,2026-07-07 17:46:36.270559,2026-07-07 17:46:36.494662,0 days 00:00:00.224103,logistic,0.0005,"(10,)",200,COMPLETE
353,0.8217993079584776,2026-07-07 17:46:36.494662,2026-07-07 17:46:37.006436,0 days 00:00:00.511774,relu,0.0001,"(10,)",1000,COMPLETE
354,0.8217993079584776,2026-07-07 17:46:37.022366,2026-07-07 17:46:38.076345,0 days 00:00:01.053979,logistic,0.0005,"(10,)",1000,COMPLETE
355,0.8217993079584776,2026-07-07 17:46:38.076345,2026-07-07 17:46:38.603978,0 days 00:00:00.527633,relu,0.0001,"(10,)",1000,COMPLETE
356,0.7975778546712803,2026-07-07 17:46:38.603978,2026-07-07 17:46:39.275345,0 days 00:00:00.671367,tanh,0.0005,"(10,)",1000,COMPLETE
357,0.8217993079584776,2026-07-07 17:46:39.275345,2026-07-07 17:46:40.361762,0 days 00:00:01.086417,logistic,0.0001,"(10,)",1000,COMPLETE
358,0.8131487889273357,2026-07-07 17:46:40.361762,2026-07-07 17:46:40.825221,0 days 00:00:00.463459,relu,0.0005,"(5,)",1000,COMPLETE
359,0.8217993079584776,2026-07-07 17:46:40.825221,2026-07-07 17:46:41.989494,0 days 00:00:01.164273,logistic,0.0001,"(10,)",1000,COMPLETE
360,0.8217993079584776,2026-07-07 17:46:41.989494,2026-07-07 17:46:42.484542,0 days 00:00:00.495048,relu,0.0005,"(10,)",1000,COMPLETE
361,0.8217993079584776,2026-07-07 17:46:42.484542,2026-07-07 17:46:43.555577,0 days 00:00:01.071035,logistic,0.0001,"(10,)",1000,COMPLETE
362,0.8217993079584776,2026-07-07 17:46:43.555577,2026-07-07 17:46:44.051141,0 days 00:00:00.495564,relu,0.0005,"(10,)",1000,COMPLETE
363,0.8217993079584776,2026-07-07 17:46:44.051141,2026-07-07 17:46:45.167763,0 days 00:00:01.116622,logistic,0.0001,"(10,)",1000,COMPLETE
364,0.8217993079584776,2026-07-07 17:46:45.167763,2026-07-07 17:46:45.663335,0 days 00:00:00.495572,relu,0.0005,"(10,)",1000,COMPLETE
365,0.8217993079584776,2026-07-07 17:46:45.663335,2026-07-07 17:46:46.809723,0 days 00:00:01.146388,logistic,0.0001,"(10,)",1000,COMPLETE
366,0.8217993079584776,2026-07-07 17:46:46.809723,2026-07-07 17:46:47.309445,0 days 00:00:00.499722,relu,0.0005,"(10,)",1000,COMPLETE
367,0.8217993079584776,2026-07-07 17:46:47.309445,2026-07-07 17:46:48.375544,0 days 00:00:01.066099,logistic,0.0001,"(10,)",1000,COMPLETE
368,0.8217993079584776,2026-07-07 17:46:48.375544,2026-07-07 17:46:48.885129,0 days 00:00:00.509585,relu,0.0005,"(10,)",1000,COMPLETE
369,0.8217993079584776,2026-07-07 17:46:48.885129,2026-07-07 17:46:49.954306,0 days 00:00:01.069177,logistic,0.0001,"(10,)",1000,COMPLETE
370,0.8217993079584776,2026-07-07 17:46:49.954306,2026-07-07 17:46:51.025756,0 days 00:00:01.071450,logistic,0.0005,"(10,)",1000,COMPLETE
371,0.8217993079584776,2026-07-07 17:46:51.025756,2026-07-07 17:46:51.566932,0 days 00:00:00.541176,relu,0.0001,"(10,)",1000,COMPLETE
372,0.7993079584775087,2026-07-07 17:46:51.566932,2026-07-07 17:46:51.793271,0 days 00:00:00.226339,logistic,0.0005,"(10,)",200,COMPLETE
373,0.8217993079584776,2026-07-07 17:46:51.793271,2026-07-07 17:46:52.302313,0 days 00:00:00.509042,relu,0.0001,"(10,)",1000,COMPLETE
374,0.8217993079584776,2026-07-07 17:46:52.302313,2026-07-07 17:46:53.375769,0 days 00:00:01.073456,logistic,0.0005,"(10,)",1000,COMPLETE
375,0.8217993079584776,2026-07-07 17:46:53.375769,2026-07-07 17:46:53.902071,0 days 00:00:00.526302,relu,0.0001,"(10,)",1000,COMPLETE
376,0.8217993079584776,2026-07-07 17:46:53.902071,2026-07-07 17:46:54.958296,0 days 00:00:01.056225,logistic,0.0005,"(10,)",1000,COMPLETE
377,0.801038062283737,2026-07-07 17:46:54.958296,2026-07-07 17:46:55.502061,0 days 00:00:00.543765,tanh,0.0001,"(5,)",1000,COMPLETE
378,0.8217993079584776,2026-07-07 17:46:55.502061,2026-07-07 17:46:55.979745,0 days 00:00:00.477684,relu,0.0005,"(10,)",1000,COMPLETE
379,0.8217993079584776,2026-07-07 17:46:55.979745,2026-07-07 17:46:57.064635,0 days 00:00:01.084890,logistic,0.0005,"(10,)",1000,COMPLETE
380,0.8217993079584776,2026-07-07 17:46:57.064635,2026-07-07 17:46:57.576359,0 days 00:00:00.511724,relu,0.0001,"(10,)",1000,COMPLETE
381,0.8217993079584776,2026-07-07 17:46:57.576359,2026-07-07 17:46:58.646132,0 days 00:00:01.069773,logistic,0.0005,"(10,)",1000,COMPLETE
382,0.8217993079584776,2026-07-07 17:46:58.646132,2026-07-07 17:46:59.156932,0 days 00:00:00.510800,relu,0.0001,"(10,)",1000,COMPLETE
383,0.8217993079584776,2026-07-07 17:46:59.156932,2026-07-07 17:47:00.227896,0 days 00:00:01.070964,logistic,0.0005,"(10,)",1000,COMPLETE
384,0.8217993079584776,2026-07-07 17:47:00.227896,2026-07-07 17:47:00.755468,0 days 00:00:00.527572,relu,0.0001,"(10,)",1000,COMPLETE
385,0.8217993079584776,2026-07-07 17:47:00.755468,2026-07-07 17:47:01.828066,0 days 00:00:01.072598,logistic,0.0005,"(10,)",1000,COMPLETE
386,0.8217993079584776,2026-07-07 17:47:01.828066,2026-07-07 17:47:02.355617,0 days 00:00:00.527551,relu,0.0001,"(10,)",1000,COMPLETE
387,0.8217993079584776,2026-07-07 17:47:02.355617,2026-07-07 17:47:03.427225,0 days 00:00:01.071608,logistic,0.0005,"(10,)",1000,COMPLETE
388,0.8217993079584776,2026-07-07 17:47:03.427225,2026-07-07 17:47:03.937756,0 days 00:00:00.510531,relu,0.0001,"(10,)",1000,COMPLETE
389,0.8217993079584776,2026-07-07 17:47:03.937756,2026-07-07 17:47:04.992680,0 days 00:00:01.054924,logistic,0.0005,"(10,)",1000,COMPLETE
390,0.8217993079584776,2026-07-07 17:47:04.992680,2026-07-07 17:47:05.523208,0 days 00:00:00.530528,relu,0.0001,"(10,)",1000,COMPLETE
391,0.8217993079584776,2026-07-07 17:47:05.523208,2026-07-07 17:47:06.575600,0 days 00:00:01.052392,logistic,0.0005,"(10,)",1000,COMPLETE
392,0.8183391003460208,2026-07-07 17:47:06.591439,2026-07-07 17:47:06.721620,0 days 00:00:00.130181,relu,0.0001,"(10,)",200,COMPLETE
393,0.8217993079584776,2026-07-07 17:47:06.721620,2026-07-07 17:47:07.822702,0 days 00:00:01.101082,logistic,0.0005,"(10,)",1000,COMPLETE
394,0.8217993079584776,2026-07-07 17:47:07.822702,2026-07-07 17:47:08.350395,0 days 00:00:00.527693,relu,0.0001,"(10,)",1000,COMPLETE
395,0.8217993079584776,2026-07-07 17:47:08.350395,2026-07-07 17:47:09.402730,0 days 00:00:01.052335,logistic,0.0005,"(10,)",1000,COMPLETE
396,0.8217993079584776,2026-07-07 17:47:09.402730,2026-07-07 17:47:09.929957,0 days 00:00:00.527227,relu,0.0001,"(10,)",1000,COMPLETE
397,0.7993079584775087,2026-07-07 17:47:09.929957,2026-07-07 17:47:10.351701,0 days 00:00:00.421744,logistic,0.0005,"(5,)",1000,COMPLETE
398,0.8217993079584776,2026-07-07 17:47:10.351701,2026-07-07 17:47:11.413378,0 days 00:00:01.061677,logistic,0.0001,"(10,)",1000,COMPLETE
399,0.8217993079584776,2026-07-07 17:47:11.413378,2026-07-07 17:47:11.908645,0 days 00:00:00.495267,relu,0.0005,"(10,)",1000,COMPLETE
400,0.7975778546712803,2026-07-07 17:47:11.908645,2026-07-07 17:47:12.564254,0 days 00:00:00.655609,tanh,0.0001,"(10,)",1000,COMPLETE
401,0.8217993079584776,2026-07-07 17:47:12.564254,2026-07-07 17:47:13.634993,0 days 00:00:01.070739,logistic,0.0005,"(10,)",1000,COMPLETE
402,0.8217993079584776,2026-07-07 17:47:13.634993,2026-07-07 17:47:14.145077,0 days 00:00:00.510084,relu,0.0001,"(10,)",1000,COMPLETE
403,0.8217993079584776,2026-07-07 17:47:14.145077,2026-07-07 17:47:15.214552,0 days 00:00:01.069475,logistic,0.0005,"(10,)",1000,COMPLETE
404,0.8217993079584776,2026-07-07 17:47:15.214552,2026-07-07 17:47:15.726369,0 days 00:00:00.511817,relu,0.0001,"(10,)",1000,COMPLETE
405,0.8217993079584776,2026-07-07 17:47:15.726369,2026-07-07 17:47:16.779723,0 days 00:00:01.053354,logistic,0.0005,"(10,)",1000,COMPLETE
406,0.8217993079584776,2026-07-07 17:47:16.795636,2026-07-07 17:47:17.307531,0 days 00:00:00.511895,relu,0.0001,"(10,)",1000,COMPLETE
407,0.8217993079584776,2026-07-07 17:47:17.307531,2026-07-07 17:47:18.392401,0 days 00:00:01.084870,logistic,0.0005,"(10,)",1000,COMPLETE
408,0.8217993079584776,2026-07-07 17:47:18.392401,2026-07-07 17:47:18.887268,0 days 00:00:00.494867,relu,0.0005,"(10,)",1000,COMPLETE
409,0.7993079584775087,2026-07-07 17:47:18.887268,2026-07-07 17:47:19.110467,0 days 00:00:00.223199,logistic,0.0001,"(10,)",200,COMPLETE
410,0.8217993079584776,2026-07-07 17:47:19.110467,2026-07-07 17:47:19.606966,0 days 00:00:00.496499,relu,0.0005,"(10,)",1000,COMPLETE
411,0.8217993079584776,2026-07-07 17:47:19.606966,2026-07-07 17:47:20.675824,0 days 00:00:01.068858,logistic,0.0001,"(10,)",1000,COMPLETE
412,0.8217993079584776,2026-07-07 17:47:20.675824,2026-07-07 17:47:21.249520,0 days 00:00:00.573696,relu,0.0005,"(10,)",1000,COMPLETE
413,0.8217993079584776,2026-07-07 17:47:21.249520,2026-07-07 17:47:22.349783,0 days 00:00:01.100263,logistic,0.0001,"(10,)",1000,COMPLETE
414,0.8217993079584776,2026-07-07 17:47:22.349783,2026-07-07 17:47:22.844102,0 days 00:00:00.494319,relu,0.0005,"(10,)",1000,COMPLETE
415,0.7993079584775087,2026-07-07 17:47:22.844102,2026-07-07 17:47:23.324921,0 days 00:00:00.480819,logistic,0.0001,"(5,)",1000,COMPLETE
416,0.8217993079584776,2026-07-07 17:47:23.324921,2026-07-07 17:47:23.817730,0 days 00:00:00.492809,relu,0.0005,"(10,)",1000,COMPLETE
417,0.8217993079584776,2026-07-07 17:47:23.817730,2026-07-07 17:47:24.903940,0 days 00:00:01.086210,logistic,0.0001,"(10,)",1000,COMPLETE
418,0.8217993079584776,2026-07-07 17:47:24.903940,2026-07-07 17:47:25.400000,0 days 00:00:00.496060,relu,0.0005,"(10,)",1000,COMPLETE
419,0.8217993079584776,2026-07-07 17:47:25.400000,2026-07-07 17:47:26.471167,0 days 00:00:01.071167,logistic,0.0001,"(10,)",1000,COMPLETE
420,0.8217993079584776,2026-07-07 17:47:26.471167,2026-07-07 17:47:26.966423,0 days 00:00:00.495256,relu,0.0005,"(10,)",1000,COMPLETE
421,0.8217993079584776,2026-07-07 17:47:26.966423,2026-07-07 17:47:28.051326,0 days 00:00:01.084903,logistic,0.0001,"(10,)",1000,COMPLETE
422,0.8217993079584776,2026-07-07 17:47:28.051326,2026-07-07 17:47:28.547386,0 days 00:00:00.496060,relu,0.0005,"(10,)",1000,COMPLETE
423,0.7975778546712803,2026-07-07 17:47:28.547386,2026-07-07 17:47:29.218508,0 days 00:00:00.671122,tanh,0.0001,"(10,)",1000,COMPLETE
424,0.8217993079584776,2026-07-07 17:47:29.218508,2026-07-07 17:47:30.273027,0 days 00:00:01.054519,logistic,0.0005,"(10,)",1000,COMPLETE
425,0.8217993079584776,2026-07-07 17:47:30.273027,2026-07-07 17:47:30.783676,0 days 00:00:00.510649,relu,0.0001,"(10,)",1000,COMPLETE
426,0.8217993079584776,2026-07-07 17:47:30.783676,2026-07-07 17:47:31.870773,0 days 00:00:01.087097,logistic,0.0005,"(10,)",1000,COMPLETE
427,0.8217993079584776,2026-07-07 17:47:31.870773,2026-07-07 17:47:32.956350,0 days 00:00:01.085577,logistic,0.0001,"(10,)",1000,COMPLETE
428,0.8217993079584776,2026-07-07 17:47:32.956350,2026-07-07 17:47:33.436520,0 days 00:00:00.480170,relu,0.0005,"(10,)",1000,COMPLETE
429,0.8217993079584776,2026-07-07 17:47:33.436520,2026-07-07 17:47:34.505616,0 days 00:00:01.069096,logistic,0.0001,"(10,)",1000,COMPLETE
430,0.8217993079584776,2026-07-07 17:47:34.505616,2026-07-07 17:47:35.000713,0 days 00:00:00.495097,relu,0.0005,"(10,)",1000,COMPLETE
431,0.7993079584775087,2026-07-07 17:47:35.000713,2026-07-07 17:47:35.225258,0 days 00:00:00.224545,logistic,0.0001,"(10,)",200,COMPLETE
432,0.8217993079584776,2026-07-07 17:47:35.225258,2026-07-07 17:47:35.705180,0 days 00:00:00.479922,relu,0.0005,"(10,)",1000,COMPLETE
433,0.8217993079584776,2026-07-07 17:47:35.705180,2026-07-07 17:47:36.773442,0 days 00:00:01.068262,logistic,0.0001,"(10,)",1000,COMPLETE
434,0.8217993079584776,2026-07-07 17:47:36.773442,2026-07-07 17:47:37.269145,0 days 00:00:00.495703,relu,0.0005,"(10,)",1000,COMPLETE
435,0.7993079584775087,2026-07-07 17:47:37.269145,2026-07-07 17:47:37.683230,0 days 00:00:00.414085,logistic,0.0005,"(5,)",1000,COMPLETE
436,0.8217993079584776,2026-07-07 17:47:37.683230,2026-07-07 17:47:38.194658,0 days 00:00:00.511428,relu,0.0001,"(10,)",1000,COMPLETE
437,0.8217993079584776,2026-07-07 17:47:38.194658,2026-07-07 17:47:39.263394,0 days 00:00:01.068736,logistic,0.0005,"(10,)",1000,COMPLETE
438,0.8217993079584776,2026-07-07 17:47:39.263394,2026-07-07 17:47:39.776143,0 days 00:00:00.512749,relu,0.0001,"(10,)",1000,COMPLETE
439,0.8217993079584776,2026-07-07 17:47:39.776143,2026-07-07 17:47:40.863518,0 days 00:00:01.087375,logistic,0.0005,"(10,)",1000,COMPLETE
440,0.8217993079584776,2026-07-07 17:47:40.863518,2026-07-07 17:47:41.374468,0 days 00:00:00.510950,relu,0.0001,"(10,)",1000,COMPLETE
441,0.8217993079584776,2026-07-07 17:47:41.374468,2026-07-07 17:47:42.428167,0 days 00:00:01.053699,logistic,0.0005,"(10,)",1000,COMPLETE
442,0.8217993079584776,2026-07-07 17:47:42.428167,2026-07-07 17:47:42.937139,0 days 00:00:00.508972,relu,0.0001,"(10,)",1000,COMPLETE
443,0.8217993079584776,2026-07-07 17:47:42.937139,2026-07-07 17:47:44.005631,0 days 00:00:01.068492,logistic,0.0005,"(10,)",1000,COMPLETE
444,0.7975778546712803,2026-07-07 17:47:44.005631,2026-07-07 17:47:44.660972,0 days 00:00:00.655341,tanh,0.0001,"(10,)",1000,COMPLETE
445,0.8217993079584776,2026-07-07 17:47:44.660972,2026-07-07 17:47:45.157462,0 days 00:00:00.496490,relu,0.0005,"(10,)",1000,COMPLETE
446,0.8217993079584776,2026-07-07 17:47:45.157462,2026-07-07 17:47:46.223657,0 days 00:00:01.066195,logistic,0.0001,"(10,)",1000,COMPLETE
447,0.8217993079584776,2026-07-07 17:47:46.223657,2026-07-07 17:47:46.701696,0 days 00:00:00.478039,relu,0.0005,"(10,)",1000,COMPLETE
448,0.8217993079584776,2026-07-07 17:47:46.701696,2026-07-07 17:47:47.786167,0 days 00:00:01.084471,logistic,0.0001,"(10,)",1000,COMPLETE
449,0.8183391003460208,2026-07-07 17:47:47.786167,2026-07-07 17:47:47.930559,0 days 00:00:00.144392,relu,0.0005,"(10,)",200,COMPLETE
450,0.8217993079584776,2026-07-07 17:47:47.930559,2026-07-07 17:47:48.984139,0 days 00:00:01.053580,logistic,0.0001,"(10,)",1000,COMPLETE
451,0.8217993079584776,2026-07-07 17:47:48.984139,2026-07-07 17:47:49.480410,0 days 00:00:00.496271,relu,0.0005,"(10,)",1000,COMPLETE
452,0.8217993079584776,2026-07-07 17:47:49.480410,2026-07-07 17:47:50.693054,0 days 00:00:01.212644,logistic,0.0001,"(10,)",1000,COMPLETE
453,0.8217993079584776,2026-07-07 17:47:50.693054,2026-07-07 17:47:51.185872,0 days 00:00:00.492818,relu,0.0005,"(10,)",1000,COMPLETE
454,0.8217993079584776,2026-07-07 17:47:51.185872,2026-07-07 17:47:52.260592,0 days 00:00:01.074720,logistic,0.0001,"(10,)",1000,COMPLETE
455,0.8131487889273357,2026-07-07 17:47:52.260592,2026-07-07 17:47:52.703175,0 days 00:00:00.442583,relu,0.0005,"(5,)",1000,COMPLETE
456,0.8217993079584776,2026-07-07 17:47:52.703175,2026-07-07 17:47:53.764228,0 days 00:00:01.061053,logistic,0.0001,"(10,)",1000,COMPLETE
457,0.8217993079584776,2026-07-07 17:47:53.764228,2026-07-07 17:47:54.839932,0 days 00:00:01.075704,logistic,0.0005,"(10,)",1000,COMPLETE
458,0.8217993079584776,2026-07-07 17:47:54.839932,2026-07-07 17:47:55.362555,0 days 00:00:00.522623,relu,0.0001,"(10,)",1000,COMPLETE
459,0.8217993079584776,2026-07-07 17:47:55.362555,2026-07-07 17:47:56.437718,0 days 00:00:01.075163,logistic,0.0005,"(10,)",1000,COMPLETE
460,0.8217993079584776,2026-07-07 17:47:56.437718,2026-07-07 17:47:56.960159,0 days 00:00:00.522441,relu,0.0001,"(10,)",1000,COMPLETE
461,0.8217993079584776,2026-07-07 17:47:56.960159,2026-07-07 17:47:58.019905,0 days 00:00:01.059746,logistic,0.0005,"(10,)",1000,COMPLETE
462,0.8217993079584776,2026-07-07 17:47:58.019905,2026-07-07 17:47:58.542090,0 days 00:00:00.522185,relu,0.0001,"(10,)",1000,COMPLETE
463,0.8217993079584776,2026-07-07 17:47:58.542090,2026-07-07 17:47:59.603057,0 days 00:00:01.060967,logistic,0.0005,"(10,)",1000,COMPLETE
464,0.8217993079584776,2026-07-07 17:47:59.603057,2026-07-07 17:48:00.094172,0 days 00:00:00.491115,relu,0.0005,"(10,)",1000,COMPLETE
465,0.8217993079584776,2026-07-07 17:48:00.094172,2026-07-07 17:48:01.154449,0 days 00:00:01.060277,logistic,0.0001,"(10,)",1000,COMPLETE
466,0.8217993079584776,2026-07-07 17:48:01.154449,2026-07-07 17:48:01.644406,0 days 00:00:00.489957,relu,0.0005,"(10,)",1000,COMPLETE
467,0.7975778546712803,2026-07-07 17:48:01.644406,2026-07-07 17:48:02.324356,0 days 00:00:00.679950,tanh,0.0001,"(10,)",1000,COMPLETE
468,0.7993079584775087,2026-07-07 17:48:02.324356,2026-07-07 17:48:02.545560,0 days 00:00:00.221204,logistic,0.0005,"(10,)",200,COMPLETE
469,0.8217993079584776,2026-07-07 17:48:02.545560,2026-07-07 17:48:03.051494,0 days 00:00:00.505934,relu,0.0001,"(10,)",1000,COMPLETE
470,0.8217993079584776,2026-07-07 17:48:03.051494,2026-07-07 17:48:04.110676,0 days 00:00:01.059182,logistic,0.0005,"(10,)",1000,COMPLETE
471,0.8217993079584776,2026-07-07 17:48:04.110676,2026-07-07 17:48:04.632816,0 days 00:00:00.522140,relu,0.0001,"(10,)",1000,COMPLETE
472,0.8217993079584776,2026-07-07 17:48:04.632816,2026-07-07 17:48:05.708194,0 days 00:00:01.075378,logistic,0.0005,"(10,)",1000,COMPLETE
473,0.8183391003460208,2026-07-07 17:48:05.708194,2026-07-07 17:48:06.103339,0 days 00:00:00.395145,relu,0.0001,"(5,)",1000,COMPLETE
474,0.8217993079584776,2026-07-07 17:48:06.103339,2026-07-07 17:48:07.179208,0 days 00:00:01.075869,logistic,0.0005,"(10,)",1000,COMPLETE
475,0.8217993079584776,2026-07-07 17:48:07.179208,2026-07-07 17:48:07.701158,0 days 00:00:00.521950,relu,0.0001,"(10,)",1000,COMPLETE
476,0.8217993079584776,2026-07-07 17:48:07.701158,2026-07-07 17:48:08.760271,0 days 00:00:01.059113,logistic,0.0005,"(10,)",1000,COMPLETE
477,0.8217993079584776,2026-07-07 17:48:08.760271,2026-07-07 17:48:09.297993,0 days 00:00:00.537722,relu,0.0001,"(10,)",1000,COMPLETE
478,0.8217993079584776,2026-07-07 17:48:09.297993,2026-07-07 17:48:10.389663,0 days 00:00:01.091670,logistic,0.0005,"(10,)",1000,COMPLETE
479,0.8217993079584776,2026-07-07 17:48:10.389663,2026-07-07 17:48:10.912394,0 days 00:00:00.522731,relu,0.0001,"(10,)",1000,COMPLETE
480,0.8217993079584776,2026-07-07 17:48:10.912394,2026-07-07 17:48:12.193812,0 days 00:00:01.281418,logistic,0.0005,"(10,)",1000,COMPLETE
481,0.8217993079584776,2026-07-07 17:48:12.193812,2026-07-07 17:48:12.699489,0 days 00:00:00.505677,relu,0.0001,"(10,)",1000,COMPLETE
482,0.8217993079584776,2026-07-07 17:48:12.699489,2026-07-07 17:48:13.776338,0 days 00:00:01.076849,logistic,0.0005,"(10,)",1000,COMPLETE
483,0.8217993079584776,2026-07-07 17:48:13.776338,2026-07-07 17:48:14.281329,0 days 00:00:00.504991,relu,0.0001,"(10,)",1000,COMPLETE
484,0.8217993079584776,2026-07-07 17:48:14.281329,2026-07-07 17:48:15.357154,0 days 00:00:01.075825,logistic,0.0005,"(10,)",1000,COMPLETE
485,0.8217993079584776,2026-07-07 17:48:15.357154,2026-07-07 17:48:16.431986,0 days 00:00:01.074832,logistic,0.0001,"(10,)",1000,COMPLETE
486,0.8183391003460208,2026-07-07 17:48:16.431986,2026-07-07 17:48:16.574346,0 days 00:00:00.142360,relu,0.0005,"(10,)",200,COMPLETE
487,0.7975778546712803,2026-07-07 17:48:16.574346,2026-07-07 17:48:17.239450,0 days 00:00:00.665104,tanh,0.0001,"(10,)",1000,COMPLETE
488,0.8217993079584776,2026-07-07 17:48:17.239450,2026-07-07 17:48:18.299403,0 days 00:00:01.059953,logistic,0.0005,"(10,)",1000,COMPLETE
489,0.8217993079584776,2026-07-07 17:48:18.299403,2026-07-07 17:48:18.821243,0 days 00:00:00.521840,relu,0.0001,"(10,)",1000,COMPLETE
490,0.8217993079584776,2026-07-07 17:48:18.821243,2026-07-07 17:48:19.881589,0 days 00:00:01.060346,logistic,0.0005,"(10,)",1000,COMPLETE
491,0.8217993079584776,2026-07-07 17:48:19.881589,2026-07-07 17:48:20.380287,0 days 00:00:00.498698,relu,0.0005,"(10,)",1000,COMPLETE
492,0.7993079584775087,2026-07-07 17:48:20.380287,2026-07-07 17:48:20.799252,0 days 00:00:00.418965,logistic,0.0001,"(5,)",1000,COMPLETE
493,0.8217993079584776,2026-07-07 17:48:20.799252,2026-07-07 17:48:21.290230,0 days 00:00:00.490978,relu,0.0005,"(10,)",1000,COMPLETE
494,0.8217993079584776,2026-07-07 17:48:21.290230,2026-07-07 17:48:22.365337,0 days 00:00:01.075107,logistic,0.0001,"(10,)",1000,COMPLETE
495,0.8217993079584776,2026-07-07 17:48:22.365337,2026-07-07 17:48:22.839316,0 days 00:00:00.473979,relu,0.0005,"(10,)",1000,COMPLETE
496,0.8217993079584776,2026-07-07 17:48:22.839316,2026-07-07 17:48:23.916215,0 days 00:00:01.076899,logistic,0.0001,"(10,)",1000,COMPLETE
497,0.8217993079584776,2026-07-07 17:48:23.916215,2026-07-07 17:48:24.407073,0 days 00:00:00.490858,relu,0.0005,"(10,)",1000,COMPLETE
498,0.8217993079584776,2026-07-07 17:48:24.407073,2026-07-07 17:48:25.482180,0 days 00:00:01.075107,logistic,0.0001,"(10,)",1000,COMPLETE
499,0.8217993079584776,2026-07-07 17:48:25.482180,2026-07-07 17:48:25.973268,0 days 00:00:00.491088,relu,0.0005,"(10,)",1000,COMPLETE
